note_id,fo_word,fo_sentence,na_word,na_sentence,na_note,fo_sentence_audio,fo_word_audio,tags
84887000001,ab,Ab morgen muss ich wieder arbeiten. [sound:gtts-s1-4127ac87-e5dfe198-3af25822-2b7ce5a9-8821f36f.mp3],from,From tomorrow I have to work again.,,,[sound:gtts-wort-9cff2135-4fa0485d-4ea334e3-ad5e6700-9eb1f3df.mp3],PREP
84887000002,aber,"Heute kann ich nicht kommen, aber morgen habe ich Zeit.<br><hr class=""sent-sep""><br>Wir haben nur eine kleine Wohnung, sind aber damit zufrieden.<br><hr class=""sent-sep""><br>Es war sehr schön. Jetzt muss ich aber gehen.<br><hr class=""sent-sep""><br>Das ist aber nett von dir. [sound:gtts-s1-7b385ff3-08d0976f-03d3e58d-a39cc860-83c78ebf.mp3]",but,"Today I can not come, but tomorrow I have time.<br><hr class=""sent-sep""><br>We have only a small apartment, but are satisfied with it.<br><hr class=""sent-sep""><br>It was very beautiful. Now I have to go.<br><hr class=""sent-sep""><br>That is nice of you.",,,[sound:gtts-wort-f4fe770d-8296099e-7d0d22c3-4233189a-2ea6d643.mp3],CONJ
84887000003,"<b>anbieten</b>, <span style=""color:#0DA6FF"">bot an</span>, hat <span style=""color:#FFFB3D"">angeboten</span>","Er hat mir eine Stelle als Verkäuferin angeboten.<br><hr class=""sent-sep""><br>Darf ich Ihnen ein Stück Kuchen anbieten?<br><hr class=""sent-sep""><br>Darf ich dir ein Stück Kuchen anbieten? [sound:gtts-s1-ce394deb-a85b4779-bf3cdd97-47b39420-b69cfbfd.mp3]",to offer,"He offered me a job as a saleswoman.<br><hr class=""sent-sep""><br>May I offer you a piece of cake?<br><hr class=""sent-sep""><br>Can I offer you a piece of cake?",,,[sound:gtts-wort-041d4777-80a2de7a-b2212265-1d3c97bd-0826aefa.mp3],VERB
84887000004,"<span style=""color:#9FF527""><b>das</b></span> Angebot, -e","Heute sind Bananen im Angebot.<br><hr class=""sent-sep""><br>Stellenangebote finden Sie in der Zeitung oder im Internet. [sound:gtts-s1-349cd4af-2d778c5b-a6c19b56-293b5e6f-e9f675eb.mp3]",offer,"Today bananas are on offer.<br><hr class=""sent-sep""><br>Job offers can be found in the newspaper or on the Internet.",,,[sound:gtts-wort-11f78b9f-5b1b7d51-c2d6a67e-e38c1c16-8d8b5a81.mp3],NOUN
84887000005,anderen,"Willst du diesen Mantel? - Nein, ich möchte den anderen.<br><hr class=""sent-sep""><br>Die anderen sind schon nach Hause gegangen.<br><hr class=""sent-sep""><br>Bitte nicht alle auf einmal! Einer nach dem anderen. [sound:gtts-s1-9a03bcb2-bd2baf5b-a53dc3e9-cb59d6b1-853a4317.mp3]",other,"Do you want this coat? - No, I want the other.<br><hr class=""sent-sep""><br>The others have already gone home.<br><hr class=""sent-sep""><br>Please, not all at once! One after the other.",,,[sound:gtts-wort-b4f639c3-9a6ee280-69847820-3f3fd032-df888eb6.mp3],PRON
84887000006,"<b>abgeben</b>, <span style=""color:#0DA6FF"">gab ab</span>, hat <span style=""color:#FFFB3D"">abgegeben</span>",Ich muss meinen Schlüssel an der Rezeption abgeben. [sound:gtts-s1-8d3a658f-5a6c9a48-014dde4e-8c39ac6a-7eab7af1.mp3],to give (sth.) in / to submit (sth.) / to deliver (sth.),I have to leave my key at the front desk.,,,[sound:gtts-wort-c816019c-aa3f35c0-c2e62131-2287c81e-36140d7c.mp3],VERB
84887000007,anders,"Anders geht das leider nicht.<br><hr class=""sent-sep""><br>Oliver ist anders als seine Freunde. [sound:gtts-s1-dc944feb-c9bfa597-a7df326e-7b882c24-95e4024a.mp3]",different,"It does not go otherwise.<br><hr class=""sent-sep""><br>Oliver is different from his friends.",,,[sound:gtts-wort-5cc5face-c81eb918-af2b4622-cbf10adf-624183c6.mp3],ADJ
84887000008,"<b>ändern</b>, <span style=""color:#0DA6FF"">änderte</span>, hat <span style=""color:#FFFB3D"">geändert</span>","Wie kann ich mein Passwort ändern?<br><hr class=""sent-sep""><br>Das Wetter hat sich geändert. [sound:gtts-s1-33300e53-d6f7da70-36df97f1-19d2e524-3d3337f1.mp3]",to change,"How can I change my password?<br><hr class=""sent-sep""><br>The weather has changed.",,,[sound:gtts-wort-daa73311-5bede195-86fc2780-12f04c22-f09e1871.mp3],VERB
84887000009,"<b>abholen</b>, <span style=""color:#0DA6FF"">holte ab</span>, hat <span style=""color:#FFFB3D"">abgeholt</span>","Wann kann ich die Sachen bei dir abholen?<br><hr class=""sent-sep""><br>Wir müssen noch meinen Bruder abholen. [sound:gtts-s1-74bcc7f8-7ab9da53-1ce2a5c6-872db538-6f1cd963.mp3]",pick up,"When can I pick up the items?<br><hr class=""sent-sep""><br>We still have to pick up my brother.",,,[sound:gtts-wort-cf2e9c96-4cc435a9-7144fc88-f1a293f2-068d8fbb.mp3],VERB
84887000010,"<b>abschließen</b>, <span style=""color:#0DA6FF"">schloß ab</span>, hat <span style=""color:#FFFB3D"">abgeschlossen</span>","Hast du die Tür abgeschlossen?<br><hr class=""sent-sep""><br>Ich schließe dieses Jahr meine Ausbildung ab.<br><hr class=""sent-sep""><br>Ich schließe dieses Jahr mein Studium ab. [sound:gtts-s1-33e94c60-060bdebb-6cd4ca6f-398c64d4-127943bb.mp3]","to lock, to finish","Did you close the door?<br><hr class=""sent-sep""><br>I finish my education this year.<br><hr class=""sent-sep""><br>I finish my studies this year.",,,[sound:gtts-wort-8bb33163-c23f1303-14b80fbd-1623b295-61f09f9a.mp3],VERB
84887000011,Achtung,"Achtung an Gleis drei: Die Türen schließen. Der Zug fährt jetzt ab.<br><hr class=""sent-sep""><br>Achtung! Pass auf! Der Verkehr ist hier gefährlich. [sound:gtts-s1-bda07564-1dc61dda-a1c9434b-16ccd9bc-359501ab.mp3]",Attention!,"Attention to track three: Close the doors. The train leaves now.<br><hr class=""sent-sep""><br>Attention! Watch out! Traffic is dangerous here.",,,[sound:gtts-wort-1c160110-4ebb8601-6bddd7f5-1a242329-34bee162.mp3],OTHER
84887000012,"<span style=""color:#F5279F""><b>die</b></span> Adresse, -n",Können Sie mir Ihre Adresse geben? [sound:gtts-s1-b9254f72-6efddd91-8d850dd1-80716886-e1c50888.mp3],address,Can you give me your address?,,,[sound:gtts-wort-4d465196-0812fdaa-67cc5623-efd861be-01fc9506.mp3],NOUN
84887000013,"<b>anfangen</b>, <span style=""color:#0DA6FF"">fing an</span>, hat <span style=""color:#FFFB3D"">angefangen</span>","Hier fängt die Bahnhofstraße an.<br><hr class=""sent-sep""><br>Der Unterricht fängt gleich an.<br><hr class=""sent-sep""><br>Würden Sie bitte anfangen?<br><hr class=""sent-sep""><br>Ich fange im Herbst meine Ausbildung an. [sound:gtts-s1-3707ce34-53cb8fb8-8c68cfe9-7c839ff0-40681c22.mp3]",to begin,"This is where the Bahnhofstraße starts.<br><hr class=""sent-sep""><br>The lesson starts immediately.<br><hr class=""sent-sep""><br>Would you please start?<br><hr class=""sent-sep""><br>I'm starting my training in the fall.",,,[sound:gtts-wort-26b29dfd-b50edc11-55d66cfe-3aefed58-46fc830b.mp3],VERB
84887000014,"<span style=""color:#279FF5""><b>der</b></span> Anfang, ""-e","Sie wohnt am Anfang der Straße.<br><hr class=""sent-sep""><br>Wir machen Anfang Juli Urlaub. [sound:gtts-s1-49ec051e-2df78bdf-39eec3a9-b5be0ed8-c8a3692f.mp3]",Beginning,"She lives at the beginning of the street.<br><hr class=""sent-sep""><br>We make our holiday in early July.",,,[sound:gtts-wort-e1005426-67d0bba5-52118f5d-4e390c76-4497c7aa.mp3],NOUN
84887000015,"<span style=""color:#F5279F""><b>die</b></span> Angst, ""-e","Hab keine Angst!<br><hr class=""sent-sep""><br>Ich habe Angst vor großen Hunden. [sound:gtts-s1-9b6493c4-761d2ccc-e1539934-049c8b1f-6dc65d4f.mp3]",anxiety / fear,"Have no fear!<br><hr class=""sent-sep""><br>I'm afraid of big dogs.",,,[sound:gtts-wort-1be1b380-5648e7a6-e69ab18c-c7e3d744-1f06ca08.mp3],NOUN
84887000016,"<b>ankommen</b>, <span style=""color:#0DA6FF"">kam an</span>, <span style=""color:#FF1D23"">ist</span> <span style=""color:#FFFB3D"">angekommen</span>",Wann kommt dieser Zug in Hamburg an? [sound:gtts-s1-1700aac4-a6bd5258-4c76d7cb-0c750db7-87ae50fa.mp3],arrive,When does this train arrive in Hamburg?,,,[sound:gtts-wort-23e80a71-cd8b0b9c-bf6fd319-ffade2c0-b961b52d.mp3],VERB
84887000017,"<span style=""color:#F5279F""><b>die</b></span> Ahnung, -en","Ich hatte keine Ahnung, dass du heute Geburtstag hast.<br><hr class=""sent-sep""><br>Wie spät ist es? - Ich habe keine Ahnung. [sound:gtts-s1-8c6afd4d-a29a58ff-dc33902e-53f1a3e2-c673a86c.mp3]",idea,"I had no idea you had a birthday today.<br><hr class=""sent-sep""><br>What time is it? - I have no idea.",,,[sound:gtts-wort-0ced8f6b-2bd200f2-ca557ef8-51d1fe80-0f7e57a9.mp3],NOUN
84887000018,aktiv,Peter ist sehr aktiv und macht viel Sport. [sound:gtts-s1-7920314f-69be9942-1d24be3e-e7cb4423-248c249f.mp3],active,Peter is very active and makes a lot of sport.,,,[sound:gtts-wort-6e0c15e7-ed8e485c-696fe3e1-b2d6a088-4bd6fc95.mp3],ADJ
84887000019,aktuell,Das ist das aktuelle Kinoprogramm. [sound:gtts-s1-642d635f-43d1a5d8-e204889c-9d2bfc80-82e39b1c.mp3],current,This is the current Kinoprogramm.,,,[sound:gtts-wort-9d74acfd-e6990f07-352b7164-0335ac8b-5773b3f2.mp3],ADJ
84887000020,alles,"Ich wünsche dir alles Gute!<br><hr class=""sent-sep""><br>Hast du alles?<br><hr class=""sent-sep""><br>Möchten Sie noch etwas? - Nein, danke. Das ist alles. [sound:gtts-s1-7ff9e9c5-25ec36cb-41610b76-55360a2a-e0713d87.mp3]",everything,"I wish you all the best!<br><hr class=""sent-sep""><br>Do you have everything?<br><hr class=""sent-sep""><br>Do you want anything else? - No thanks. That's all.",,,[sound:gtts-wort-661308e1-431f650d-7afe46dc-c1eb1822-ce1fca3f.mp3],PRON
84887000021,alle,"Alle Freunde kommen.<br><hr class=""sent-sep""><br>Sind alle da? - Nein, Rita fehlt noch. [sound:gtts-s1-fbdda78a-31a21c12-06d2c72e-49a9a58e-5c49d462.mp3]",all,"All friends come.<br><hr class=""sent-sep""><br>Are all there? - No, Rita is still missing.",,,[sound:gtts-wort-d0441627-5f6b7b5d-41e3831d-09384288-ac6f5f32.mp3],PRON
84887000022,"<b>anmachen</b>, <span style=""color:#0DA6FF"">machte an</span>, hat <span style=""color:#FFFB3D"">angemacht</span>",Mach bitte das Licht an! [sound:gtts-s1-87845302-5303ceeb-58a81c30-6dd44ae3-23041636.mp3],to turn on,Please turn on the light!,,,[sound:gtts-wort-1a894fb4-4c97fd32-95a0eb55-3c593ef2-64af0025.mp3],VERB
84887000023,"<span style=""color:#F5279F""><b>die</b></span> Ankunft, ""-e",Auf diesem Fahrplan steht nur die Ankunft der Züge. [sound:gtts-s1-b63270a0-43537a8f-9437aa99-35f06f41-3a58d765.mp3],Arrival,On this timetable is only the arrival of the trains.,,,[sound:gtts-wort-1e44c863-1d191b97-e18c6d9b-ad563657-d1ab8d28.mp3],NOUN
84887000024,"<b>sich anmelden</b>, <span style=""color:#0DA6FF"">meldete an</span>, hat <span style=""color:#FFFB3D"">angemeldet</span>","Wo kann ich mich anmelden?<br><hr class=""sent-sep""><br>Eine Anmeldung für diesen Kurs ist nicht mehr möglich. [sound:gtts-s1-cc85289b-2b4a65bf-0afdbf2c-14a1cdf2-8bdde49e.mp3]",to register / to enroll / to apply,"Where can I sign in?<br><hr class=""sent-sep""><br>Registration for this course is no longer possible.",,,[sound:gtts-wort-15239647-bc4332cc-51a906b2-850f55b5-6dafd64d.mp3],VERB
84887000025,"<span style=""color:#F5279F""><b>die</b></span> Anmeldung, -en",Wo bekomme ich das Formular für die Anmeldung? [sound:gtts-s1-dc9c3b1e-74d4b44a-cbffb070-8e69c2cb-d7e3f27c.mp3],registration,Where can I get the registration form?,,,[sound:gtts-wort-b1ecff0c-6c8d2838-7a4c8e6c-1a048893-ac7c7bd8.mp3],NOUN
84887000026,"<span style=""color:#279FF5""><b>der</b></span> Anrufbeantworter, -","Wir sind im Moment nicht da, sprechen Sie bitte auf den Anrufbeantworter. [sound:gtts-s1-18cb8dcf-f5787995-720d79cd-9715f98e-08b02e28.mp3]",Answering machine,"We are not there at the moment, please talk to the answering machine.",,,[sound:gtts-wort-a10db162-d9e33646-1ed9007a-a4dacd95-491c55dd.mp3],NOUN
84887000027,"<b>anrufen</b>, <span style=""color:#0DA6FF"">rief an</span>, hat <span style=""color:#FFFB3D"">angerufen</span>","Kann ich Sie heute Abend anrufen?<br><hr class=""sent-sep""><br>Juan ruft seine Freundin an. [sound:gtts-s1-304051cf-31d73ec4-c1bae289-56b9f361-c5a62f4a.mp3]",call,"Can I call you tonight?<br><hr class=""sent-sep""><br>Juan calls his girlfriend.",,,[sound:gtts-wort-e92eaeb1-ee84be64-e1f686f2-8bf7774e-379cdd9c.mp3],VERB
84887000028,"<span style=""color:#279FF5""><b>der</b></span> Anruf, -e",Eva bekommt viele Anrufe von ihrem Freund Juan. [sound:gtts-s1-7f71a1c6-c7bc3eff-a77bfd75-6a05cc74-f01c7757.mp3],Call,Eva gets a lot of calls from her boyfriend Juan.,,,[sound:gtts-wort-ddf65340-848211c6-d4818acf-af11488a-7de4720d.mp3],NOUN
84887000029,allein,"Kommt seine Freundin mit? - Nein, er kommt allein.<br><hr class=""sent-sep""><br>Soll ich Ihnen helfen? - Nein danke, ich schaffe das schon allein.<br><hr class=""sent-sep""><br>Soll ich dir helfen? - Nein danke, ich schaffe das allein. [sound:gtts-s1-7890cf9d-876a3fc8-374d639f-57c3b452-4ae57d39.mp3]",alone,"Does his girlfriend come along? - No, he's coming alone.<br><hr class=""sent-sep""><br>Can I help you? - No thanks, I can manage this alone.<br><hr class=""sent-sep""><br>Should I help you? - No thanks, I can do it alone.",,,[sound:gtts-wort-7d74e84a-c38bdea3-c30a481a-b8ea4b82-cbb207ed.mp3],ADJ
84887000030,als,"Hector ist jünger als seine Schwester.<br><hr class=""sent-sep""><br>Sie arbeitet als Krankenschwester. [sound:gtts-s1-369d91c6-a7ce38ea-96a1386d-bff3fb51-9a392c15.mp3]",as,"Hector is younger than his sister.<br><hr class=""sent-sep""><br>She works as a nurse.",,,[sound:gtts-wort-8b1ac9ef-f1b9a7fb-d2a49288-86ac2de5-16886556.mp3],CONJ
84887000031,also,"Also, die Sache ist so: …<br><hr class=""sent-sep""><br>Er hat Zeit, also kann er uns helfen. [sound:gtts-s1-5d204cb3-124bf536-c6d7887a-035de14c-82879098.mp3]",so,"So, the thing is like this: ...<br><hr class=""sent-sep""><br>He has time, so he can help us.",,,[sound:gtts-wort-fffeabaa-5bf09f26-2dd2d302-303965af-cfc8b77e.mp3],CONJ
84887000032,"<span style=""color:#279FF5""><b>der</b></span> Anschluss, ""-e","In Mannheim haben Sie Anschluss nach Saarbrücken.<br><hr class=""sent-sep""><br>In Stuttgart erreichen Sie alle Anschlüsse, auch der Zug nach Paris wartet.<br><hr class=""sent-sep""><br>Gibt es in der Wohnung einen Waschmaschinenanschluss? [sound:gtts-s1-a22e0135-d9c28c19-d8100cbb-a3f0004c-85b37811.mp3]",connection,"In Mannheim you have connections to Saarbrücken.<br><hr class=""sent-sep""><br>In Stuttgart you can reach all connections, also the train to Paris is waiting.<br><hr class=""sent-sep""><br>Is there a washing machine connection in the apartment?",,,[sound:gtts-wort-05f48a14-b3b5be08-c7a3f3a8-ad2e21ca-616fb486.mp3],NOUN
84887000033,"<b>ansehen</b>, <span style=""color:#0DA6FF"">sah an</span>, hat <span style=""color:#FFFB3D"">angesehen</span>","Darf ich eure Urlaubsfotos ansehen?<br><hr class=""sent-sep""><br>Ich sehe (mir) diese Sendung jeden Tag an. [sound:gtts-s1-0ec5de23-7007e50f-46b2e124-cdfd4325-853d3146.mp3]",look at,"Can I view your vacation photos?<br><hr class=""sent-sep""><br>I watch this show every day.",,,[sound:gtts-wort-8906a9be-08872eb0-16b0b7ef-5e609691-b72cbbd8.mp3],VERB
84887000034,"<b>antworten</b>, <span style=""color:#0DA6FF"">antwortete</span>, hat <span style=""color:#FFFB3D"">geantwortet</span>",Er antwortet nicht. [sound:gtts-s1-54c28b8e-f95d89f7-c6141263-ab68cc62-12f96362.mp3],reply,He does not answer.,,,[sound:gtts-wort-feb0c6ba-f0caf770-57bdb70b-a068ec9d-654c053d.mp3],VERB
84887000035,"<span style=""color:#F5279F""><b>die</b></span> Antwort, -en",Er gibt leider keine Antwort. [sound:gtts-s1-0363fec1-d072187a-540bf7db-7657e3d5-109e6172.mp3],answer,"Unfortunately, he does not answer.",,,[sound:gtts-wort-a7617739-7fb458c2-f4ddef56-0b235bcd-efe3191e.mp3],NOUN
84887000036,alt,"Wie alt sind Sie?<br><hr class=""sent-sep""><br>Mein Computer ist schon sehr alt.<br><hr class=""sent-sep""><br>Wir wohnen in einem ganz alten Haus.<br><hr class=""sent-sep""><br>Köln ist eine alte Stadt. [sound:gtts-s1-5b27c9be-910d32b9-08e3d722-979f6d83-3157ec83.mp3]",old,"How old are they?<br><hr class=""sent-sep""><br>My computer is already very old.<br><hr class=""sent-sep""><br>We live in a very old house.<br><hr class=""sent-sep""><br>Cologne is an old city.",,,[sound:gtts-wort-2ce2108f-e62d65e3-ea9877c7-d040fab7-f66df6dc.mp3],ADJ
84887000037,"<span style=""color:#9FF527""><b>das</b></span> Alter, (S.g.)",Alter: 18 Jahre. [sound:gtts-s1-21503c0d-fa09fbc1-37c6c21d-aa64edb3-31cbef5a.mp3],age,Age: 18 years.,,,[sound:gtts-wort-29a28a99-90f7f903-ecc39626-061e68f6-9eaa5695.mp3],NOUN
84887000038,"<span style=""color:#F5279F""><b>die</b></span> Ampel, -n","Du kannst fahren, die Ampel ist grün.<br><hr class=""sent-sep""><br>Nach der Ampel musst du nach links fahren. [sound:gtts-s1-d6f1ac2b-4ed8bb5b-bd913397-c03747f1-b4d263d3.mp3]",traffic light,"You can drive, the traffic light is green.<br><hr class=""sent-sep""><br>After the traffic lights, turn left.",,,[sound:gtts-wort-ebfe184b-e96b0425-23d98620-052cae77-3a1d2b5e.mp3],NOUN
84887000039,an,"Fahren Sie an der nächsten Kreuzung nach rechts.<br><hr class=""sent-sep""><br>Wir treffen uns am Bahnhof.<br><hr class=""sent-sep""><br>Das Licht war die ganze Nacht an.<br><hr class=""sent-sep""><br>Am nächsten Montag geht es leider nicht. [sound:gtts-s1-6b5baa47-080f9086-4700fbed-e03af2e9-4653bbcb.mp3]",at,"At the next intersection turn right.<br><hr class=""sent-sep""><br>We meet at the train station.<br><hr class=""sent-sep""><br>The light was on all night.<br><hr class=""sent-sep""><br>The next Monday is unfortunately not.",,,[sound:gtts-wort-8384ef53-c1dc77df-a1fca32e-708052e9-aa77269f.mp3],PREP
84887000040,"<span style=""color:#F5279F""><b>die</b></span> Anzeige, -n",Ich habe Ihre Anzeige in der Zeitung gelesen. [sound:gtts-s1-c0ab4770-36a0f554-d1a80eb8-fd6b219e-30110d9b.mp3],display,I read your ad in the newspaper.,,,[sound:gtts-wort-9ef75109-f2d9911e-593b4958-0576b6d8-5a70d5b0.mp3],NOUN
84887000041,"<span style=""color:#279FF5""><b>der</b></span> Anzug, ""-e",Mein Mann muss sich einen neuen Anzug kaufen. [sound:gtts-s1-d1840a15-3a6ee652-d848008d-974fb8ec-395ff7c9.mp3],suit,My husband needs to buy a new suit.,,,[sound:gtts-wort-506bdf67-52a6f282-6037ae18-9a1d93b6-a0edc7b5.mp3],NOUN
84887000042,"<span style=""color:#279FF5""><b>der</b></span> Apfel, ""","Ein Kilo Äpfel, bitte. [sound:gtts-s1-c14a59d4-3675ce90-649c6f15-465627a1-6b472d46.mp3]",Apple,"One pound of apples, please.",,,[sound:gtts-wort-773ed884-675317a3-a2b9c334-9d90898e-a931bd37.mp3],NOUN
84887000043,"<span style=""color:#F5279F""><b>die</b></span> Apotheke, -n",Das Medikament bekommen Sie in der Apotheke. [sound:gtts-s1-7653bdbe-dca88db5-475b0000-91f8a9cb-c1c9d63b.mp3],pharmacy,The medicine is given to you in the pharmacy.,,,[sound:gtts-wort-81ef89b2-68427757-bdf40e99-316fd675-0f949d5a.mp3],NOUN
84887000044,"<span style=""color:#279FF5""><b>der</b></span> Apparat, -e","Was machen wir mit deinem alten Apparat?<br><hr class=""sent-sep""><br>Ich habe einen neuen Fotoapparat. [sound:gtts-s1-206420a1-e49d6812-30adb968-3bb74be6-bd39627d.mp3]",device / machine,"What do we do with your old apparatus?<br><hr class=""sent-sep""><br>I have a new photo camera.",,,[sound:gtts-wort-ef0cdefe-b994205b-683ec288-fde2668e-83c729cb.mp3],NOUN
84887000045,aus,"Der Tisch ist aus Glas.<br><hr class=""sent-sep""><br>Frau Müller geht immer um acht Uhr aus dem Haus.<br><hr class=""sent-sep""><br>Michele kommt aus Brasilien.<br><hr class=""sent-sep""><br>Ich sehe nichts, das Licht ist aus. [sound:gtts-s1-14439034-4178459e-260a6c87-5348e400-af1e4ee8.mp3]",out,"The table is made of glass.<br><hr class=""sent-sep""><br>Frau Müller always leaves the house at eight o'clock.<br><hr class=""sent-sep""><br>Michele is from Brasilien<br><hr class=""sent-sep""><br>I see nothing, the light is off.",,,[sound:gtts-wort-59267aa5-f796772f-a2328377-c57827e7-b1f872cb.mp3],ADV
84887000046,"<b>arbeiten</b>, <span style=""color:#0DA6FF"">arbeitete</span>, hat <span style=""color:#FFFB3D"">gearbeitet</span>","Wo arbeiten Sie?<br><hr class=""sent-sep""><br>Ich arbeite als Krankenschwester in einem Krankenhaus. [sound:gtts-s1-3554cd50-58238158-6569f2f3-5644c9fe-45cadfe8.mp3]",work,"Where do they work?<br><hr class=""sent-sep""><br>I work as a nurse in a hospital.",,,[sound:gtts-wort-c3fb6e8e-a28d725f-7e3e28b5-bae70a0a-2d249282.mp3],VERB
84887000047,"<span style=""color:#F5279F""><b>die</b></span> Arbeit, -en",Mein Bruder sucht Arbeit. [sound:gtts-s1-43641556-af7d9f4c-b34654f2-8bcc0105-7e453e9e.mp3],job,My brother is looking for work.,,,[sound:gtts-wort-86a2affa-6a7711ef-210566b6-c673f5ed-22d6953b.mp3],NOUN
84887000048,"<span style=""color:#F5279F""><b>die</b></span> Ausbildung, -en",Ich möchte eine Ausbildung zum Krankenpfleger machen. [sound:gtts-s1-d80a48fc-f49d7b52-844b1333-28cb5469-d93e4d04.mp3],education,I would like to become a nurse.,,,[sound:gtts-wort-a84dc5f7-faf36512-67030c71-943d3f31-b608e7d0.mp3],NOUN
84887000049,"<span style=""color:#279FF5""><b>der</b></span> Ausflug, ""-e","Morgen machen wir einen Ausflug nach Heidelberg.<br><hr class=""sent-sep""><br>Am Wochenende machen wir einen Ausflug an die Ostsee. [sound:gtts-s1-77318352-743814b6-0ae7056f-a12f4524-c3acbd42.mp3]",Excursion,"Tomorrow we will make a trip to Heidelberg.<br><hr class=""sent-sep""><br>On the weekend we make a trip to the Baltic Sea.",,,[sound:gtts-wort-e04b86b0-cbcd571b-52f1d3cc-8d636f01-adf36da0.mp3],NOUN
84887000050,arbeitslos,"Seit wann ist er schon arbeitslos?<br><hr class=""sent-sep""><br>Es gibt bei uns viele Leute, die schon lange arbeitslos sind. [sound:gtts-s1-8b47d3ac-152db835-c4b50f63-f70fc48f-3a57dbbf.mp3]",unemployed,"Since when has he been unemployed?<br><hr class=""sent-sep""><br>There are many people who have been unemployed for a long time.",,,[sound:gtts-wort-5e84d265-9bc410fc-8037a153-db88d54a-a9ae5a2d.mp3],ADJ
84887000051,"<b>sich ärgern</b>, <span style=""color:#0DA6FF"">ärgerte</span>, hat <span style=""color:#FFFB3D"">geärgert</span>","Warum ärgerst du dich? - Ich ärgere mich, weil das Wetter schlecht ist. [sound:gtts-s1-a5c56e24-b31788e9-9c748091-974ba6e2-d5a08fd0.mp3]",to be angry,Why are you angry? - I'm annoyed because the weather is bad.,,,[sound:gtts-wort-5f4edfe5-73115248-b57e7e3b-d4b1943d-fd68f6f5.mp3],VERB
84887000052,"<b>ausfüllen</b>, <span style=""color:#0DA6FF"">füllte aus</span>, hat <span style=""color:#FFFB3D"">ausgefüllt</span>","Füllen Sie bitte dieses Formular aus!<br><hr class=""sent-sep""><br>Füll bitte dieses Formular aus! [sound:gtts-s1-471e5668-14a74189-558c6a6d-e3f1371e-0e5b206e.mp3]",to fill (in),"Please fill in this form!<br><hr class=""sent-sep""><br>Please fill out this form!",,,[sound:gtts-wort-cf4e63cf-ba7e58fc-6235419c-efc6d575-d6c3a8f7.mp3],VERB
84887000053,arm,"Sie haben nicht viel Geld, sie sind arm. [sound:gtts-s1-d5030a17-5dd1d164-3b0b8fe7-273e8a65-b822f210.mp3]",poor,"They do not have much money, they are poor.",,,[sound:gtts-wort-b92f00b2-f0be88ea-5639c6f8-1b40ac53-24aefed3.mp3],ADJ
84887000054,"<span style=""color:#279FF5""><b>der</b></span> Arm, -e",Mein Arm tut weh. [sound:gtts-s1-56f710a3-bc1aa639-ad770fd2-13d3fae7-17a85b82.mp3],arm,My arm hurts.,,,[sound:gtts-wort-848f6a7f-db93f428-da3dc80d-a3c71452-7aac8bd8.mp3],NOUN
84887000055,"<span style=""color:#279FF5""><b>der</b></span> Ausgang, ""-e","Entschuldigung, wo ist der Ausgang? [sound:gtts-s1-9fbad2c9-11d4ee3a-1de92bd6-d65c01b8-aedd2cdd.mp3]",exit,"Excuse me, where is the exit?",,,[sound:gtts-wort-6ab7424b-c2763ae8-a0eff6ff-ef8c1e6f-1e0cde19.mp3],NOUN
84887000056,"<b>ausgeben</b>, <span style=""color:#0DA6FF"">gab aus</span>, hat <span style=""color:#FFFB3D"">ausgegeben</span>","Agata gibt viel Geld für Bücher aus.<br><hr class=""sent-sep""><br>Ich möchte nicht so viel Geld ausgeben. [sound:gtts-s1-d5e33fe1-91e76f42-0d2a24d5-d464a362-cba721c3.mp3]",to spend (sth.),"Agata is spending a lot of money on books.<br><hr class=""sent-sep""><br>I do not want to spend so much money.",,,[sound:gtts-wort-2a4abe18-d543c02f-53f3d372-4e714f7d-c0c771e4.mp3],VERB
84887000057,"<span style=""color:#279FF5""><b>der</b></span> Artikel, -","Im Deutschen gibt es drei Artikel: der, die und das.<br><hr class=""sent-sep""><br>Ich habe in der Zeitung einen interessanten Artikel gelesen. [sound:gtts-s1-516d7e6c-d28ca7e0-ee290338-757e48ca-1aedc94b.mp3]",item,"In German there are three articles: die, die und das.<br><hr class=""sent-sep""><br>I read an interesting article in the newspaper.",,,[sound:gtts-wort-913bfdab-c6282d61-26aad768-fa171da7-5ca9cdc0.mp3],NOUN
84887000058,"<b>ausgehen</b>, <span style=""color:#0DA6FF"">ging aus</span>, <span style=""color:#FF1D23"">ist</span> <span style=""color:#FFFB3D"">ausgegangen</span>","Gehen wir am Freitag zusammen aus?<br><hr class=""sent-sep""><br>Plötzlich ist das Licht ausgegangen. [sound:gtts-s1-f085e525-73b18ddf-f1a8bbdd-933fb413-e24e9b30.mp3]",go out,"Are we going out on Friday together?<br><hr class=""sent-sep""><br>Suddenly the light has gone out.",,,[sound:gtts-wort-162edccc-b7d7b6d8-bcb19e72-e128480a-e928a7f5.mp3],VERB
84887000059,auch,"Ich bin auch Spanier.<br><hr class=""sent-sep""><br>Maria muss auch am Wochenende arbeiten. [sound:gtts-s1-53c25b42-6a763246-554b5242-84138766-d30704d6.mp3]",too / also,"I am also a Spaniard.<br><hr class=""sent-sep""><br>Maria must also work at the weekend.",,,[sound:gtts-wort-c549face-7b66899c-2a90d94d-ea96e0e4-83671198.mp3],ADV
84887000060,auf,"Das Wörterbuch liegt auf dem Tisch. Die Kinder spielen auf der Straße.<br><hr class=""sent-sep""><br>Am Samstag gehen wir auf eine Party. Meine Eltern wohnen auf dem Land.<br><hr class=""sent-sep""><br>Auf dem Foto ist auch meine Schwester. Die Tür ist auf, kommen Sie rein!<br><hr class=""sent-sep""><br>Hat das Geschäft noch auf? Wie heißt das auf Deutsch? Auf Wiedersehen. [sound:gtts-s1-697c5f9f-6d7f5024-4016e8ce-f6537fe2-ed5468e3.mp3]",on,"The dictionary is on the table. The children are playing on the street.<br><hr class=""sent-sep""><br>On Saturday we go to a party. My parents live in the country.<br><hr class=""sent-sep""><br>In the photo is also my sister. The door is up, come in!<br><hr class=""sent-sep""><br>Is the business still on? How do you say that in German? Goodbye.",,,[sound:gtts-wort-851ffa30-fd5eb8de-1a979df1-e0786a6a-7b9e87d9.mp3],ADV
84887000061,"<span style=""color:#F5279F""><b>die</b></span> Auskunft, ""-e","Wo ist die Auskunft?<br><hr class=""sent-sep""><br>Können Sie mir bitte eine Auskunft geben? [sound:gtts-s1-d83eb0db-1cbe21c5-2f8b6a94-019117bc-589fd33f.mp3]",information desk,"Where is the information?<br><hr class=""sent-sep""><br>Can you give me any information?",,,[sound:gtts-wort-cd40079a-450e9d56-cb1abbdc-f21531e1-1368f51e.mp3],NOUN
84887000062,"<span style=""color:#9FF527""><b>das</b></span> Ausland, (Sg.)",Fahren Sie ins Ausland? [sound:gtts-s1-2b65edb1-448008bd-622a1be6-426d6ad7-4ef7353b.mp3],foreign country,Are you traveling abroad?,,,[sound:gtts-wort-325a5dac-1e44ccbc-2686e68a-f1d213f0-e7f7a330.mp3],NOUN
84887000063,"<b>ausmachen</b>, <span style=""color:#0DA6FF"">machte aus</span>, hat <span style=""color:#FFFB3D"">ausgemacht</span>",Mach bitte das Licht aus! [sound:gtts-s1-9e9e509d-4aafd553-77e8d592-95f986ed-d62b6544.mp3],to turn (sth.) off,Please turn off the light!,,,[sound:gtts-wort-920b110b-f457f40c-5973d1e7-5d767620-ecfc145b.mp3],VERB
84887000064,"<b>auspacken</b>, <span style=""color:#0DA6FF"">packte aus</span>, hat <span style=""color:#FFFB3D"">ausgepackt</span>",Packst du bitte den Koffer aus? [sound:gtts-s1-0ccbee12-357c0bd9-b24f7ad0-55f462ad-2c700f2a.mp3],unpacking,"Will you pack the suitcase, please?",,,[sound:gtts-wort-68f593af-94aa4fa8-d5caef43-8a2afd4f-83a7fc2b.mp3],VERB
84887000065,"<b>sich ausruhen</b>, <span style=""color:#0DA6FF"">ruhte aus</span>, hat <span style=""color:#FFFB3D"">ausgeruht</span>","Ruh dich erst mal aus, du bist sicher müde.<br><hr class=""sent-sep""><br>Er ruht sich nach der Arbeit immer aus. [sound:gtts-s1-1a5f6acf-5588398c-c884b700-0b2332af-c287f184.mp3]",to rest,"Rest first, you're tired.<br><hr class=""sent-sep""><br>He always rests after work.",,,[sound:gtts-wort-d0b35d4a-9843497a-53fb1edc-54ba9021-a9aa9234.mp3],VERB
84887000066,auf jeden Fall,Ich möchte auf jeden Fall den neuen James-Bond-Film sehen. [sound:gtts-s1-70afa59c-adae40b7-699cd27f-602763db-a1974f75.mp3],definitely,I definitely want to see the new James Bond movie.,,,[sound:gtts-wort-a1cb0158-97b90b39-514975b9-7bc7e162-46d1e023.mp3],PHRASE
84887000067,auf keinen Fall,"Ich finde James-Bond-Filme langweilig, ich sehe ihn auf keinen Fall an! [sound:gtts-s1-bd4370d6-40221509-79e71db2-ec93aae8-fdac345a.mp3]",no way,"I find James Bond movies boring, I do not look at him!",,,[sound:gtts-wort-cad77cec-f28fd4a5-315e2385-b60c5174-c32ff461.mp3],PHRASE
84887000068,"<b>aussehen</b>, <span style=""color:#0DA6FF"">sah aus</span>, hat <span style=""color:#FFFB3D"">ausgesehen</span>","Wie sieht er aus? - Groß und blond.<br><hr class=""sent-sep""><br>Sie sieht wie ihre Mutter aus.<br><hr class=""sent-sep""><br>Das Kleid sieht hübsch aus. [sound:gtts-s1-2a1189dd-94ab0041-69783852-e036478b-8cc058a9.mp3]",to appear / to look like (sth.),"What does it look like? - Large and blond.<br><hr class=""sent-sep""><br>She looks like her mother.<br><hr class=""sent-sep""><br>The dress looks pretty.",,,[sound:gtts-wort-f2f7a787-6c91f360-d04a40d0-c02f3e48-001262a6.mp3],VERB
84887000069,"<b>aufhören</b>, <span style=""color:#0DA6FF"">hörte auf</span>, hat <span style=""color:#FFFB3D"">aufgehört</span>","Wann hört ihr mit der Arbeit auf?<br><hr class=""sent-sep""><br>Kannst du bitte damit aufhören? Ich muss jetzt arbeiten. [sound:gtts-s1-a4dab427-86354eb5-808ccef1-cf644b4b-3f89c54a.mp3]",stop,"When do you stop working?<br><hr class=""sent-sep""><br>Can you please stop? I have to work now.",,,[sound:gtts-wort-d0aec38f-0d345182-17e602c8-7299c355-f7ed3961.mp3],VERB
84887000070,"<b>aufmachen</b>, <span style=""color:#0DA6FF"">machte auf</span>, hat <span style=""color:#FFFB3D"">aufgemacht</span>",Kannst du bitte die Tür aufmachen? [sound:gtts-s1-997a5dec-368570c3-8751f79c-d8c72d5b-c7319e92.mp3],open,Can you please open the door?,,,[sound:gtts-wort-e9e86299-bbca3c68-cd407039-9776cf3f-ff9839ea.mp3],VERB
84887000071,außer,"Außer Lisa möchte niemand den Film sehen.<br><hr class=""sent-sep""><br>Wir haben täglich außer Samstag geöffnet. [sound:gtts-s1-392881ac-312b2976-db898029-c7c47272-2c1b8459.mp3]",except,"Apart from Lisa, nobody wants to see the movie.<br><hr class=""sent-sep""><br>We opened every day except Saturday.",,,[sound:gtts-wort-247b160f-69f0b6a6-9c009e69-11875e68-17763c1a.mp3],PREP
84887000072,außerdem,"Vier Brötchen, möchten Sie außerdem noch etwas? [sound:gtts-s1-f01258e9-32a6e6d6-e3d5b77c-9b5a2ce2-d9fa4c4a.mp3]",beside,"Four rolls, would you like something else?",,,[sound:gtts-wort-ec7121fd-9b8f13ee-cb300425-da099d4c-cb288393.mp3],ADV
84887000073,außerhalb,"Die Wohnung ist nicht in der Stadt, sie liegt etwas außerhalb. [sound:gtts-s1-8059cd19-5bef1482-1b6dc4bf-b0e58807-2c8b4296.mp3]",outside,"The apartment is not in the city, it is a little outside.",,,[sound:gtts-wort-dabe09ad-1ecfeeb4-ce32fc06-d4dedc5f-95c6cbfc.mp3],PREP
84887000074,"<b>aufpassen</b>, <span style=""color:#0DA6FF"">paßte auf</span>, hat <span style=""color:#FFFB3D"">aufgepasst</span>","Pass auf, der Teller fällt gleich auf den Boden!<br><hr class=""sent-sep""><br>Der Babysitter passt heute Abend auf die Kinder auf.<br><hr class=""sent-sep""><br>Er passt im Unterricht nicht auf. [sound:gtts-s1-015defd4-242f4b5d-0134c5f6-37c70d65-768d5663.mp3]",watch out,"Watch, the plate falls to the ground!<br><hr class=""sent-sep""><br>The babysitter is up for the kids tonight.<br><hr class=""sent-sep""><br>He does not pay attention in class.",,,[sound:gtts-wort-5cf83fac-33bec33f-ebb71a71-77d3258d-9a2b449d.mp3],VERB
84887000075,"<b>aussprechen</b>, <span style=""color:#0DA6FF"">sprach aus</span>, hat <span style=""color:#FFFB3D"">ausgesprochen</span>",Wie spricht man das Wort aus? [sound:gtts-s1-e5fe4d54-584ebd9d-8a4e506c-f0e077ec-447966d9.mp3],pronounce,How to pronounce the word?,,,[sound:gtts-wort-a5a20d4e-b6f97623-afaf1dc1-002572bc-a8ae4d82.mp3],VERB
84887000076,"<b>aussteigen</b>, <span style=""color:#0DA6FF"">stieg aus</span>, <span style=""color:#FF1D23"">ist</span> <span style=""color:#FFFB3D"">ausgestiegen</span>",Wo müssen wir aussteigen? - An der nächsten Haltestelle. [sound:gtts-s1-60afbdfd-11204da2-93b6a927-6d58a079-e8fc33fe.mp3],get out / get off,Where do we have to get off? - At the next stop.,,,[sound:gtts-wort-c038ae6d-32f840cd-812ebd95-ed9f5cb0-9ac8149a.mp3],VERB
84887000077,"<b>aufräumen</b>, <span style=""color:#0DA6FF"">räumte auf</span>, hat <span style=""color:#FFFB3D"">aufgeräumt</span>",Die Kinder müssen ihr Zimmer aufräumen. [sound:gtts-s1-18b011c2-37749644-a58dff9c-8379e9a5-016013c5.mp3],to clean up,The children have to clean their room.,,,[sound:gtts-wort-39034ef8-a882faa8-b971c85d-33a630ab-8f34c89e.mp3],VERB
84887000078,aufregend,"Die letzte Woche war sehr aufregend.<br><hr class=""sent-sep""><br>Der Film ist nicht besonders aufregend. [sound:gtts-s1-4f02005d-ed47c629-da6cde08-93719e7e-9ab68734.mp3]",exciting,"The last week was very exciting.<br><hr class=""sent-sep""><br>The film is not particularly exciting.",,,[sound:gtts-wort-8913867c-5090e7ef-c73786d4-b3dd1c67-ad6a5e68.mp3],ADJ
84887000079,"<b>aufstehen</b>, <span style=""color:#0DA6FF"">stand auf</span>, <span style=""color:#FF1D23"">ist</span> <span style=""color:#FFFB3D"">aufgestanden</span>",Ich stehe jeden Morgen um sieben Uhr auf. [sound:gtts-s1-e61be77a-a603157a-6d9bd966-101fc86c-fd7c6540.mp3],get up,I get up at seven o'clock every morning.,,,[sound:gtts-wort-5ed96967-9bb8a355-978b859a-03744732-9cee93e8.mp3],VERB
84887000080,"<span style=""color:#F5279F""><b>die</b></span> Ausstellung, -en",Gehen wir morgen zusammen in die Ausstellung? [sound:gtts-s1-c628b795-afc074d9-63d7c2b0-87447b6b-270d44f7.mp3],exhibition,Will we go to the exhibition tomorrow?,,,[sound:gtts-wort-8d839cf9-9c6cf2bc-84497eef-524b70a6-2b51b23d.mp3],NOUN
84887000081,"<b>austragen</b>, <span style=""color:#0DA6FF"">trug aus</span>, hat <span style=""color:#FFFB3D"">ausgetragen</span>",Er trägt jeden Morgen die Zeitung aus. [sound:gtts-s1-18258d25-ab6531f0-0bdff6c9-1d478ab6-a3c3b10d.mp3],to deliver (sth.) / to carry (sth.) out,He carries out the newspaper every morning.,,,[sound:gtts-wort-cd99324c-104fd259-e6a288a5-82ff54bf-cd013b5a.mp3],VERB
84887000082,"<span style=""color:#279FF5""><b>der</b></span> Ausweis, -e",Darf ich bitte mal Ihren Ausweis sehen? - Hier ist mein Ausweis. [sound:gtts-s1-b8d3490c-4e9859e5-d99debb0-74e325dc-cfb72e80.mp3],ID card,May I please see your identity card? - This is my identification.,,,[sound:gtts-wort-6456143f-185c884d-882b5336-9aa149d8-330337aa.mp3],NOUN
84887000083,"<span style=""color:#279FF5""><b>der</b></span> Aufzug, ""-e","In diesem Haus gibt es keinen Aufzug.<br><hr class=""sent-sep""><br>Der Aufzug ist leider kaputt. [sound:gtts-s1-01b876a2-fb6f0814-a0da53e1-fb04559e-c707cafe.mp3]",elevator,"There is no elevator in this house.<br><hr class=""sent-sep""><br>The elevator is unfortunately broken.",,,[sound:gtts-wort-654e7903-693c3f64-13585704-b37e3464-3a2a51f6.mp3],NOUN
84887000084,"<span style=""color:#9FF527""><b>das</b></span> Auge, -n","Er hat blaue Augen.<br><hr class=""sent-sep""><br>Mein rechtes Auge tut seit Sonntag weh. [sound:gtts-s1-d69c8b0f-04f179bf-0af27953-c7ad0815-60927a28.mp3]",eye,"He has blue eyes.<br><hr class=""sent-sep""><br>My right eye has been hurting since Sunday.",,,[sound:gtts-wort-e7121d38-4606804e-4600ae29-942287de-8c477e19.mp3],NOUN
84887000085,"<span style=""color:#9FF527""><b>das</b></span> Auto, -s",Er fährt mit dem Auto. [sound:gtts-s1-e98d944f-99c0287a-b3849715-c5e02ee9-a51827b3.mp3],automobile,He travels by car.,,,[sound:gtts-wort-3648fea7-e1c8e151-e70ab3af-83c7c790-137759bd.mp3],NOUN
84887000086,"<span style=""color:#F5279F""><b>die</b></span> Autobahn, -en","Das Dorf liegt direkt an der Autobahn.<br><hr class=""sent-sep""><br>Darf ich mit dem Motorroller auf der Autobahn fahren? [sound:gtts-s1-823bd435-d567b128-1bf60d3c-58c7fb2c-74f65935.mp3]",Highway,"The village is located directly on the highway.<br><hr class=""sent-sep""><br>Can I ride the motorcycle on the highway?",,,[sound:gtts-wort-3907db5b-1eedf9b7-7b1f0c08-a7f86858-83701548.mp3],NOUN
84887000087,"<span style=""color:#279FF5""><b>der</b></span> Automat, -en","Fahrkarten gibt es nur am Automaten.<br><hr class=""sent-sep""><br>In Berlin ist der Fahrkartenautomat auf dem Bahnsteig. [sound:gtts-s1-b18bc299-277fbe72-be07127d-dbe3bd19-8e9a10e4.mp3]",machine / automat / vending machine,"Tickets are only available at the ticket machine.<br><hr class=""sent-sep""><br>In Berlin the ticket machine is on the platform.",,,[sound:gtts-wort-4315d00d-c174a7fe-49073d80-5b69e5ee-f890eb16.mp3],NOUN
84887000088,automatisch,"Achtung, die Türen schließen automatisch! [sound:gtts-s1-00b0c173-11bc439e-9a80b9fa-f0fdedf9-50a5da21.mp3]",automatically,"Attention, the doors close automatically!",,,[sound:gtts-wort-ec314834-18bdc5d1-03c5898d-2ab59f9a-35c8ba87.mp3],ADJ
84887000089,"<span style=""color:#9FF527""><b>das</b></span> Baby, -s",Wir haben ein Baby. Es ist sechs Wochen alt. [sound:gtts-s1-7aa6a90a-5f92103e-4ef294f7-37ce2de9-704220d8.mp3],baby,We have a baby. It is six weeks old.,,,[sound:gtts-wort-1025762b-43239ad1-252f920f-91a19095-236fe518.mp3],NOUN
84887000090,"<span style=""color:#279FF5""><b>der</b></span> Babysitter, -",Meine Tochter arbeitet als Babysitter bei einer Familie mit vier Kindern. [sound:gtts-s1-900781e3-c0cf613f-4dfc9c5d-0e4f219b-6e96d18d.mp3],baby-sitter,My daughter works as a babysitter in a family with four children.,,,[sound:gtts-wort-7d75fc20-6194ae01-580ee847-427c5713-4dc52db7.mp3],NOUN
84887000091,"<b>beenden</b>, <span style=""color:#0DA6FF"">beendete</span>, hat <span style=""color:#FFFB3D"">beendet</span>",Du musst deine Ausbildung auf jeden Fall beenden. [sound:gtts-s1-09613ce4-c175347f-a9e0f3b0-f4a25cd9-c677f634.mp3],to end (sth.) / to finish (sth.) / to break up,You must definitely finish your education.,,,[sound:gtts-wort-7d85e36f-8090c0bd-3062d5e3-81ea4186-4f030d11.mp3],VERB
84887000092,"<b>beginnen</b>, <span style=""color:#0DA6FF"">begann</span>, hat <span style=""color:#FFFB3D"">begonnen</span>",Das Spiel beginnt um 15.30 Uhr. [sound:gtts-s1-63843dc1-da47838b-6a07e81d-862f059d-bb4dbfdc.mp3],begin,The game starts at 3.30 pm.,,,[sound:gtts-wort-571dc9b4-fbb4dbe4-092d68ab-87728c6e-0260ebbb.mp3],VERB
84887000093,"<b>begründen</b>, <span style=""color:#0DA6FF"">begründete</span>, hat <span style=""color:#FFFB3D"">begründet</span>",Bitte begründen Sie Ihre Meinung. [sound:gtts-s1-e48d7caf-ba948c96-3e51188e-e775d12a-663fa4a3.mp3],justify,Please justify your opinion.,,,[sound:gtts-wort-db17f8a7-877f89b6-73de27fe-6b428326-fc157d60.mp3],VERB
84887000094,bei,"Offenbach liegt bei Frankfurt.<br><hr class=""sent-sep""><br>Ich wohne bei meinen Eltern und arbeite bei Siemens.<br><hr class=""sent-sep""><br>Bei uns ist das anders als hier.<br><hr class=""sent-sep""><br>Ich möchte euch nicht beim Essen stören. [sound:gtts-s1-f36d662a-2c98a5c0-7be7afdb-964df4cb-24177c7f.mp3]",at,"Offenbach is located near Frankfurt.<br><hr class=""sent-sep""><br>I live with my parents and work at Siemens.<br><hr class=""sent-sep""><br>With us it is different than here.<br><hr class=""sent-sep""><br>I do not want to disturb you eating.",,,[sound:gtts-wort-bfeba104-3cb5cb60-9c116e9b-1572db5f-0bd315dc.mp3],ADV
84887000095,"<b>backen</b>, <span style=""color:#0DA6FF"">buk</span>, hat <span style=""color:#FFFB3D"">gebacken</span>","Wenn du kommst, backe ich einen Kuchen. [sound:gtts-s1-df5707c5-00906201-76d8675e-67472980-17cb3537.mp3]",to bake,"When you come, I bake a cake.",,,[sound:gtts-wort-3852c11e-37fba6d0-3cf5fb97-89041b50-58319735.mp3],VERB
84887000096,"<span style=""color:#F5279F""><b>die</b></span> Bäckerei, -en",Ich geh mal schnell zur Bäckerei. [sound:gtts-s1-f0b56bf7-22f7690b-9ad2ea71-1675dc2c-4529c8fd.mp3],bakery,I'll go to the bakery soon.,,,[sound:gtts-wort-47225cb2-9531a928-94afb0d7-3ed9689d-09fc95fd.mp3],NOUN
84887000097,"<span style=""color:#9FF527""><b>das</b></span> Bad, ""-er","Das Haus ist sehr alt, es hat kein Bad.<br><hr class=""sent-sep""><br>Im Winter nehme ich gern ein warmes Bad. [sound:gtts-s1-ffa4e6d7-90111364-fcbe382f-461ce77a-7f59df89.mp3]",bath,"The house is very old, it has no bathroom.<br><hr class=""sent-sep""><br>In winter I like to take a warm bath.",,,[sound:gtts-wort-af971e6e-ac78657a-08b11a19-674c9fe3-2f2908b8.mp3],NOUN
84887000098,beide,"Wir kommen beide.<br><hr class=""sent-sep""><br>Welche Bluse möchten Sie, die rote oder die grüne? - Ich nehme beide. [sound:gtts-s1-88b10aca-252cb996-688dda57-8b93168c-c8bb0370.mp3]",both,"We both come.<br><hr class=""sent-sep""><br>Which blouse would you like, the red or the green? - I take both.",,,[sound:gtts-wort-5b15ca67-e3d23cf7-b56bf7f4-293089d1-b916f644.mp3],PRON
84887000099,"<b>baden</b>, <span style=""color:#0DA6FF"">badete</span>, hat <span style=""color:#FFFB3D"">gebadet</span>","Ich bade nicht so gern, ich dusche lieber.<br><hr class=""sent-sep""><br>In diesem See darf man nicht baden. [sound:gtts-s1-408ac71a-c025fdf1-f5c75e6d-dc4876ba-8cd9828f.mp3]",to bathe,"I do not like to swim, I prefer to take a shower.<br><hr class=""sent-sep""><br>You can not swim in this lake.",,,[sound:gtts-wort-12f9b938-a3d2aa4b-2da4dfc2-179d9e36-0e2942e8.mp3],VERB
84887000100,"<span style=""color:#F5279F""><b>die</b></span> Bahn, -en","Wir fahren lieber mit der Bahn als mit dem Bus.<br><hr class=""sent-sep""><br>Ich nehme die nächste S-Bahn. [sound:gtts-s1-1dc19d73-37a5c81f-5a7695ed-918759d3-f46b7936.mp3]",train,"We prefer to go by train than by bus.<br><hr class=""sent-sep""><br>I take the next suburban train.",,,[sound:gtts-wort-4eb26762-6f9e21ab-09c7238d-600a21f6-e03b6202.mp3],NOUN
84887000101,bekannt,Picasso ist sehr bekannt. Er ist ein bekannter Maler. [sound:gtts-s1-33c01283-d7ae2b80-b9a0473d-b8b1c040-187e8216.mp3],known,Picasso is very well known. He is a well-known painter.,,,[sound:gtts-wort-f3dfb1d3-fefddfc2-0fc4fb85-73808cb9-13156d3e.mp3],ADJ
84887000102,"<span style=""color:#F5279F""><b>die</b></span> Bekannte (weiblich), -n",Meine Bekannte heißt Anna. [sound:gtts-s1-d94117e1-2bbbacbf-dfc51f12-2e2f6c41-51c72be9.mp3],female friend / female acquaintance,My friend is Anna.,,,[sound:gtts-wort-3e33cd40-b1104caa-8781d3d3-afcccf22-38aa5619.mp3],NOUN
84887000103,"<span style=""color:#279FF5""><b>der</b></span> Bekannte (männlich), -n",Ein Bekannter von mir heißt Klaus. [sound:gtts-s1-47ac9704-fcd97630-0df9bae2-ea0b4202-a5aa933c.mp3],male friend / male acquaintance,An acquaintance of mine is Klaus.,,,[sound:gtts-wort-b8db9586-27b4c40e-7152375f-912decb5-0f07f8b1.mp3],NOUN
84887000104,"<span style=""color:#279FF5""><b>der</b></span> Bahnhof, ""-e","Entschuldigung, komme ich hier zum Bahnhof? [sound:gtts-s1-9fbad2c9-11d4ee3a-1de92bd6-d65c01b8-aedd2cdd.mp3]",railway station,"Excuse me, do I come to the train station?",,,[sound:gtts-wort-101cc1ba-d032d5a8-8851ed2e-87342e99-8736a76e.mp3],NOUN
84887000105,"<span style=""color:#279FF5""><b>der</b></span> Bahnsteig, -e",Auf Hauptbahnhöfen gibt es meist viele Bahnsteige. [sound:gtts-s1-f6a9c659-c50d2f8b-c5884059-e8d02a64-41770d1e.mp3],platform,On main railway stations there are usually many platforms.,,,[sound:gtts-wort-d41ddce3-2f0b0339-0618b628-41888b89-c1b3629e.mp3],NOUN
84887000106,"<b>bekommen</b>, <span style=""color:#0DA6FF"">bekam</span>, hat <span style=""color:#FFFB3D"">bekommen</span>","Haben Sie meinen Brief bekommen?<br><hr class=""sent-sep""><br>Aspirin bekommen Sie in der Apotheke. [sound:gtts-s1-0f5e6c47-a2b6cff5-a40c7ca4-856b710e-846d9de7.mp3]",to get,"Did you get my letter?<br><hr class=""sent-sep""><br>Aspirin you get in the pharmacy.",,,[sound:gtts-wort-fc8042ab-cde9f1a2-2d75eb54-c5aadc64-9a3dd6c0.mp3],VERB
84887000107,bald,"Ich komme bald.<br><hr class=""sent-sep""><br>Auf Wiedersehen! Bis bald! [sound:gtts-s1-ca9e97ef-c42ecf52-52722da8-ccec7e14-9671fda2.mp3]",soon,"I am coming soon.<br><hr class=""sent-sep""><br>Goodbye! Bye for now!",,,[sound:gtts-wort-5af9652e-034bf4a0-f8ed52d4-9dc67b19-11b057f6.mp3],ADV
84887000108,"<span style=""color:#279FF5""><b>der</b></span> Balkon, -e",Die Wohnung hat auch einen kleinen Balkon. [sound:gtts-s1-cfcae215-27446ceb-9cdf7ec5-0218c3cf-fad50e25.mp3],balcony,The apartment also has a small balcony.,,,[sound:gtts-wort-b008366c-baba8906-f4c269db-857f879f-6195f196.mp3],NOUN
84887000109,beliebt,Fußball ist bei vielen Menschen beliebt. [sound:gtts-s1-4792707d-692e8f08-9b8811b4-6fab4188-423a6194.mp3],popular,Football is popular with many people.,,,[sound:gtts-wort-7be5637b-86c498e6-23f48923-8f5d5052-3b2aca58.mp3],ADJ
84887000110,"<span style=""color:#279FF5""><b>der</b></span> Ball, ""-e",Meine Kinder spielen gern Ball. [sound:gtts-s1-eb5a634a-bca54944-67c368e2-213cafb6-2a54f8fa.mp3],ball,My children like to play ball.,,,[sound:gtts-wort-c4ac7015-f462b634-e793f3fb-74aa9807-16510068.mp3],NOUN
84887000111,"<span style=""color:#F5279F""><b>die</b></span> Banane, -n","Drei Bananen, bitte! [sound:gtts-s1-8ef70633-19d87219-2cf5cc38-6b1c375f-214e8d50.mp3]",banana,"Three bananas, please!",,,[sound:gtts-wort-8fa21a22-86e8c03b-cd253b61-85b42c73-b93e486d.mp3],NOUN
84887000112,"<b>benutzen</b>, <span style=""color:#0DA6FF"">benutzte</span>, hat <span style=""color:#FFFB3D"">benutzt</span>",Die Aufzüge bitte nicht benutzen! [sound:gtts-s1-733328a8-5269d42e-c7fa11c9-981088a7-1796bce7.mp3],to use,Please do not use the lifts!,,,[sound:gtts-wort-dcbfb418-fc221ac0-d27182e1-427b6734-a849ce63.mp3],VERB
84887000113,"<span style=""color:#F5279F""><b>die</b></span> Band, -s","Was ist deine Lieblingsband?<br><hr class=""sent-sep""><br>Anton spielt in einer Band. [sound:gtts-s1-110f55ba-22376a0b-468762a7-22b9a8dc-bd7ffa82.mp3]",(music) band,"What's your favorite Band?<br><hr class=""sent-sep""><br>Anton plays in a band.",,,[sound:gtts-wort-ddff36ab-5ef8f30d-eeeb9b7b-559df29a-dfa35513.mp3],NOUN
84887000114,bequem,"Das Sofa ist sehr bequem.<br><hr class=""sent-sep""><br>Meine Kinder ziehen am liebsten bequeme Schuhe an. [sound:gtts-s1-bee2ac6c-c2653d4c-6f9a07bb-d989a62c-7e607949.mp3]",comfortable,"The sofa is very comfortable.<br><hr class=""sent-sep""><br>My children prefer to wear comfortable shoes.",,,[sound:gtts-wort-9862d85c-a4241c6a-8290941c-698fbcee-849060e9.mp3],ADJ
84887000115,"<span style=""color:#F5279F""><b>die</b></span> Bank (Geldinstitut), -en",Bei welcher Bank haben Sie Ihr Konto? [sound:gtts-s1-f713983c-cc159ed1-b0691b99-f330fd10-0f18fb8d.mp3],Bank (Money Institution),Which bank do you have your account with?,,,[sound:gtts-wort-566b7df2-84575477-5d76a799-5127260e-b3cfa6af.mp3],NOUN
84887000116,"<span style=""color:#F5279F""><b>die</b></span> Bank (Sitzgelegenheit), ""-e","Kommt, wir setzen uns auf diese Bank. [sound:gtts-s1-2b64849e-4610a694-c3735467-60ac77be-69a11590.mp3]",Bank (seating),"Come on, we sit down on this bench.",,,[sound:gtts-wort-566b7df2-84575477-5d76a799-5127260e-b3cfa6af.mp3],NOUN
84887000117,bar,Muss ich bar zahlen oder geht‘s auch mit Karte? [sound:gtts-s1-69676883-64d8d0e7-96bab994-bf9babb5-94660fff.mp3],in cash,Do I have to pay in cash?,,,[sound:gtts-wort-28a9714e-7ff81413-2fe584fa-5c4d9130-16c1211f.mp3],ADV
84887000118,"<b>beraten</b>, <span style=""color:#0DA6FF"">beriet</span>, hat <span style=""color:#FFFB3D"">beraten</span>","Unsere Sekretärin berät Sie gern, wenn Sie Fragen haben. [sound:gtts-s1-38c4abc3-0b585cc3-60327c38-93bc58d2-9dc0a7fb.mp3]",to advise,Our secretary will be happy to advise you if you have any questions.,,,[sound:gtts-wort-8c326a6a-9635b59e-d9ba1b34-61d2f80c-81529712.mp3],VERB
84887000119,"<span style=""color:#279FF5""><b>der</b></span> Basketball, ""-e",Yannick spielt lieber Basketball als Fußball. [sound:gtts-s1-cf42e83f-39f0c379-f027af0f-29f9109b-e21f4e63.mp3],basketball,Yannick likes to play basketball rather than football.,,,[sound:gtts-wort-2a62f0fa-e7eb22c3-9913caff-c2e84bf3-96fc0534.mp3],NOUN
84887000120,"<span style=""color:#279FF5""><b>der</b></span> Berg, -e","Die Zugspitze ist der höchste Berg in Deutschland.<br><hr class=""sent-sep""><br>Wir fahren am Wochenende in die Berge. [sound:gtts-s1-e625c037-bca97df4-1cb2e43c-08fa2313-d25036c1.mp3]",mountain,"The Zugspitze is the highest mountain in Germany.<br><hr class=""sent-sep""><br>We go to the mountains at the weekend.",,,[sound:gtts-wort-70b8f132-30c4fa5c-6945a918-3276f0da-6c9b2638.mp3],NOUN
84887000121,"<b>basteln</b>, <span style=""color:#0DA6FF"">bastelte</span>, hat <span style=""color:#FFFB3D"">gebastelt</span>",Die Kinder haben etwas gebastelt. [sound:gtts-s1-b67f3892-623726d6-f87938b7-63271a15-db0f503b.mp3],to tinker / to do handicrafts,The children have a little tinkering.,,,[sound:gtts-wort-cf6695bb-dba04af1-07d4cad5-e5f337bc-e33f076f.mp3],VERB
84887000122,"<span style=""color:#279FF5""><b>der</b></span> Bauch, ""-e",Seit gestern tut mir der Bauch weh. [sound:gtts-s1-018dd485-8d6cd5c7-8fa9ae18-6e0361ea-cfdaf8aa.mp3],belly,Since yesterday my stomach hurts.,,,[sound:gtts-wort-ef861518-d872983c-dcc0a914-da80454d-44c117c9.mp3],NOUN
84887000123,"<b>bauen</b>, <span style=""color:#0DA6FF"">baute</span>, hat <span style=""color:#FFFB3D"">gebaut</span>",Unsere Nachbarn bauen ein neues Haus. [sound:gtts-s1-badee656-10219a14-df96891c-f728fe0a-0752e421.mp3],to build,Our neighbors build a new house.,,,[sound:gtts-wort-f4e998a6-3ee7694c-8249e91f-2f2ef168-e4186a1d.mp3],VERB
84887000124,"<b>berichten</b>, <span style=""color:#0DA6FF"">berichtete</span>, hat <span style=""color:#FFFB3D"">berichtet</span>",Alle Zeitungen berichten von dem Unfall. [sound:gtts-s1-beb80d72-ce482370-dd3d8723-6fca0f47-f695f597.mp3],to report,All the newspapers report the accident.,,,[sound:gtts-wort-6396a75f-0ebd7a84-28ee716d-227c0403-f5b72d01.mp3],VERB
84887000125,"<span style=""color:#279FF5""><b>der</b></span> Beruf, -e",Was bist du von Beruf? [sound:gtts-s1-36d0c32a-63d8dedf-3f6fc280-14836990-750d3ddd.mp3],job,What is your profession?,,,[sound:gtts-wort-100b6927-5d7cf191-6548e8cf-b2fd3671-39f19398.mp3],NOUN
84887000126,berühmt,Thomas Müller ist ein berühmter Fußballspieler. [sound:gtts-s1-b074a318-38990cb3-7a11d3db-69e65a21-828bf8cd.mp3],famous,Thomas Müller is a famous footballer.,,,[sound:gtts-wort-13507fea-a94eca02-c7af7e0a-ff718a2c-9dcb47bf.mp3],ADJ
84887000127,"<span style=""color:#279FF5""><b>der</b></span> Baum, ""-e","Der Baum ist über hundert Jahre alt.<br><hr class=""sent-sep""><br>Wir haben zwei Apfelbäume im Garten. [sound:gtts-s1-63739d5f-a1eb9d5e-ac2acf14-4b31d612-5eee00b9.mp3]",tree,"The tree is over a hundred years old.<br><hr class=""sent-sep""><br>We have two apple trees in the garden.",,,[sound:gtts-wort-ec1c3f4e-15899b3e-8cb07c69-bc89e2f5-4ea6981a.mp3],NOUN
84887000128,"<span style=""color:#279FF5""><b>der</b></span> Bescheid, -e","Kann Lisa in Heidelberg studieren? - Sie weiß es noch nicht. Sie bekommt erst nächste Woche Bescheid.<br><hr class=""sent-sep""><br>Kannst du mir bis morgen Bescheid geben?<br><hr class=""sent-sep""><br>Ich frage Herrn Maier und sage Ihnen dann Bescheid. [sound:gtts-s1-89227436-99304270-260be535-01ee635d-b7fdd3fa.mp3]",answer / decision / information,"Can Lisa study in Heidelberg? - She does not know yet. She will not know until next week.<br><hr class=""sent-sep""><br>Can you let me know by tomorrow?<br><hr class=""sent-sep""><br>I ask Mr Maier and then tell you.",,,[sound:gtts-wort-6f5588a8-dd1c53f6-a3d1a18b-2af03136-a6f36b7f.mp3],NOUN
84887000129,"<span style=""color:#F5279F""><b>die</b></span> Baustelle, -n",Vor unserem Haus ist eine große Baustelle. [sound:gtts-s1-5423d20b-11595b5a-05e59439-1d2bcaf7-24c28009.mp3],Building site / construction site,In front of our house is a large construction site.,,,[sound:gtts-wort-8c0a6a02-2466b3c4-518dd168-966f7e12-628f00f1.mp3],NOUN
84887000130,"<b>beschreiben</b>, <span style=""color:#0DA6FF"">beschrieb</span>, hat <span style=""color:#FFFB3D"">beschrieben</span>",Kannst du mir den Weg zum Bahnhof beschreiben? [sound:gtts-s1-7765d0d3-3dffa0a8-17247147-6c43a857-482c77b0.mp3],to describe,Can you describe the way to the station?,,,[sound:gtts-wort-f3c624d8-e13ab583-21d018eb-ef1bbed9-e16c1a76.mp3],VERB
84887000131,"<b>beantworten</b>, <span style=""color:#0DA6FF"">beantwortete</span>, hat <span style=""color:#FFFB3D"">beantwortet</span>","Können Sie meine Frage bitte beantworten?<br><hr class=""sent-sep""><br>Hast du die Mail schon beantwortet? [sound:gtts-s1-aa59d238-4f821d87-4427b826-f3ab00d2-e80da656.mp3]",to answer,"Can you answer my question, please?<br><hr class=""sent-sep""><br>Have you already answered the mail?",,,[sound:gtts-wort-1c40c31c-1c61f8cd-388f0576-f0b90ea8-793bc2d7.mp3],VERB
84887000132,"<b>sich bedanken</b>, <span style=""color:#0DA6FF"">bedankte</span>, hat <span style=""color:#FFFB3D"">bedankt</span>",Ich möchte mich noch einmal sehr herzlich für Ihre Hilfe bedanken. [sound:gtts-s1-05b8ab58-01b818a8-a64434b2-45f11240-78dc4fa2.mp3],to thank so. (for sth.),I would like to thank you again very much for your help.,,,[sound:gtts-wort-b2659a08-bc4a6627-1d6a4347-c06cec82-418bb45b.mp3],VERB
84887000133,"<b>bedeuten</b>, <span style=""color:#0DA6FF"">bedeutete</span>, hat <span style=""color:#FFFB3D"">bedeutet</span>",Was bedeutet das Wort? [sound:gtts-s1-3671a7e9-38c6f694-09fc9e71-dbafaae8-1a5aa15d.mp3],mean,What does that word mean?,,,[sound:gtts-wort-18d6b548-6c8d59ab-e7d2348d-0fbcd763-1bdd91eb.mp3],VERB
84887000134,"<b>sich beschweren</b>, <span style=""color:#0DA6FF"">beschwerte</span>, hat <span style=""color:#FFFB3D"">beschwert</span>","Hier ist es zu laut, wo können wir uns beschweren?<br><hr class=""sent-sep""><br>Mein Nachbar beschwert sich immer über unsere Kinder, wenn sie im Garten spielen. [sound:gtts-s1-10b8f05e-201fa851-a6f3396f-63869c39-097d3ebe.mp3]",to complain,"Here it is too loud, where can we complain?<br><hr class=""sent-sep""><br>My neighbor always complains about our children when they play in the garden.",,,[sound:gtts-wort-301834a6-b408a1e2-368853e5-f54714fb-cfe127fd.mp3],VERB
84887000135,"<b>sich beeilen</b>, <span style=""color:#0DA6FF"">beeilte</span>, hat <span style=""color:#FFFB3D"">beeilt</span>",Kannst du dich bitte beeilen? Der Bus fährt gleich ab! [sound:gtts-s1-51c66daf-75b78b60-c3bdb0c9-fda8e34c-e13d485f.mp3],to hurry up,Can you please hurry? The bus leaves immediately!,,,[sound:gtts-wort-90aa2e41-c58f80da-c47b7fe8-de74a220-7dab451d.mp3],VERB
84887000136,besetzt,"Ist dieser Platz frei? - Nein, er ist besetzt.<br><hr class=""sent-sep""><br>Die Nummer ist immer besetzt. [sound:gtts-s1-72dbc5e6-6baaffe2-0274504d-98987a06-00d27de8.mp3]",occupied,"Is this seat taken? - No, he's busy.<br><hr class=""sent-sep""><br>The number is always busy.",,,[sound:gtts-wort-3fa96b4e-05f0fed1-ae06bc37-e42e2552-f6995d59.mp3],ADJ
84887000137,"<b>besichtigen</b>, <span style=""color:#0DA6FF"">besichtigte</span>, hat <span style=""color:#FFFB3D"">besichtigt</span>","Ich möchte gern das Schloss besichtigen.<br><hr class=""sent-sep""><br>Sie können die Wohnung am Mittwochabend besichtigen. [sound:gtts-s1-d38223a1-b743a787-adddf6d4-603fdb6b-79b26533.mp3]",to visit,"I would like to visit the castle.<br><hr class=""sent-sep""><br>You can visit the apartment on Wednesday evening.",,,[sound:gtts-wort-1214404f-336212aa-0cfca6f5-13759ee5-c6a62a34.mp3],VERB
84887000138,"<b>bleiben</b>, <span style=""color:#0DA6FF"">blieb</span>, <span style=""color:#FF1D23"">ist</span> <span style=""color:#FFFB3D"">geblieben</span>","Wir bleiben drei Tage in Berlin.<br><hr class=""sent-sep""><br>Bitte bleiben Sie stehen!<br><hr class=""sent-sep""><br>Oh nein, meine Uhr ist stehen geblieben. Wie spät ist es?<br><hr class=""sent-sep""><br>Ich bleibe heute zu Hause. [sound:gtts-s1-b21a46e7-7c1e654d-40b8aba0-2b231043-5fc7693a.mp3]",to stay,"We stay in Berlin for three days.<br><hr class=""sent-sep""><br>Please stop!<br><hr class=""sent-sep""><br>Oh, no, my watch has stopped. What time is it?<br><hr class=""sent-sep""><br>I stay at home today.",,,[sound:gtts-wort-3586ec25-f9373a1c-a62dfd5d-690c926e-f2934ef1.mp3],VERB
84887000139,besonders,"Dieses Angebot ist besonders günstig.<br><hr class=""sent-sep""><br>Hier ist die Pizza besonders gut.<br><hr class=""sent-sep""><br>Wie geht's? - Nicht besonders. [sound:gtts-s1-6422674d-19cfac30-35132f75-ac4a0f61-7ed9d9d2.mp3]",especially,"This offer is particularly favorable.<br><hr class=""sent-sep""><br>Here the pizza is particularly good.<br><hr class=""sent-sep""><br>How are you? - Not particularly.",,,[sound:gtts-wort-6e7269b8-bc5a1444-8b54dea1-a683ad19-3af7a47c.mp3],ADV
84887000140,"<span style=""color:#279FF5""><b>der</b></span> Bleistift, -e",Hast du einen Bleistift? [sound:gtts-s1-17f2e1dd-0676ee57-f5b57e84-e4eb0875-4222172b.mp3],pencil,Do you have a pencil?,,,[sound:gtts-wort-df219a6f-69f141f4-da441bb4-6177faa5-0552ac4d.mp3],NOUN
84887000141,"<b>bestätigen</b>, <span style=""color:#0DA6FF"">bestätigte</span>, hat <span style=""color:#FFFB3D"">bestätigt</span>","Ich kann bestätigen, dass er hier war. [sound:gtts-s1-ca091444-66726056-53b45c9f-acb31f8c-0529ab77.mp3]",to confirm,I can confirm that he was here.,,,[sound:gtts-wort-1b6cffe3-a908c3b5-c1f8a88b-0ef094e3-ca8b085c.mp3],VERB
84887000142,blöd,"Ich finde es blöd, dass du morgen gehen musst. [sound:gtts-s1-4cde5af6-be5a1909-4994ab89-244cd924-45569625.mp3]",stupid,I think it's stupid that you have to go tomorrow.,,,[sound:gtts-wort-da9accc4-3e9530e9-0e42b5a1-404718ce-9fa2c4d6.mp3],ADJ
84887000143,blond,Lisa hat blonde Haare. [sound:gtts-s1-e2924050-8d0df337-c57bd42d-5618dd68-d4f18103.mp3],blond,Lisa has blond hair.,,,[sound:gtts-wort-457ff845-fd7176ba-b11eb1a0-3dcb489f-24adc103.mp3],ADJ
84887000144,"<b>bestehen</b>, <span style=""color:#0DA6FF"">bestand</span>, hat <span style=""color:#FFFB3D"">bestanden</span>","Ich habe die Prüfung bestanden!<br><hr class=""sent-sep""><br>Die Prüfung besteht aus vier Teilen: Hören, Lesen, Schreiben und Sprechen. [sound:gtts-s1-e21c68e9-0b7f1e0a-699fc81e-2086351c-a0ca645f.mp3]",consist,"I passed the exam!<br><hr class=""sent-sep""><br>The exam consists of four parts: listening, reading, writing and speaking.",,,[sound:gtts-wort-9d718cd4-0634e9fe-7f481c79-a807a558-ea0c66e3.mp3],VERB
84887000145,"<span style=""color:#279FF5""><b>der</b></span> Blog, -s",Ich schreibe einen Blog über Mode. [sound:gtts-s1-e7d547e2-2785bf2a-ac4d230d-884ceaa6-42407ee3.mp3],blog,I am writing a blog about fashion.,,,[sound:gtts-wort-1a20d38a-4826c9bd-14c8c74a-48a38fe4-a6e75d4d.mp3],NOUN
84887000146,"<span style=""color:#F5279F""><b>die</b></span> Blume, -n",Gefallen dir die Blumen? [sound:gtts-s1-49bb8eec-a4514b6b-079b5628-e675310e-e362fee2.mp3],flower,Do you like the flowers?,,,[sound:gtts-wort-d3cf6c9c-7c966fc9-04e9ad02-216e5a34-e0cb77bb.mp3],NOUN
84887000147,"<span style=""color:#F5279F""><b>die</b></span> Bluse, -n",Ich suche eine weiße Bluse. [sound:gtts-s1-1c600ae9-049ff3a0-5d72ae60-b7cf039a-79cdea41.mp3],blouse,I'm looking for a white blouse.,,,[sound:gtts-wort-35feb2e2-eb2fc849-0d98d657-ea3fb497-eca4340b.mp3],NOUN
84887000148,"<b>bestellen</b>, <span style=""color:#0DA6FF"">bestellte</span>, hat <span style=""color:#FFFB3D"">bestellt</span>","Wir möchten bitte bestellen.<br><hr class=""sent-sep""><br>Dieses Buch haben wir nicht da. Sollen wir es für Sie bestellen? [sound:gtts-s1-e9736857-0205eddc-3aa96d7e-71b84dba-6d430573.mp3]",to order,"We would like to order.<br><hr class=""sent-sep""><br>We do not have this book. Shall we order it for you?",,,[sound:gtts-wort-de785a4b-043c6b03-10d0b5b7-ee4efbcd-72a31ed1.mp3],VERB
84887000149,"<span style=""color:#F5279F""><b>die</b></span> Bohne, -n",Hans isst nicht gern Bohnen. [sound:gtts-s1-977eaaf8-57bc2c92-56a0f8cb-40031144-6595f2fe.mp3],Bean,Hans does not like to eat beans.,,,[sound:gtts-wort-b8713979-25027894-7ba4b384-c22535d9-94756dad.mp3],NOUN
84887000150,böse,"Sie ist richtig böse auf mich.<br><hr class=""sent-sep""><br>Ich habe dein Buch vergessen. Hoffentlich bist du mir nicht böse. [sound:gtts-s1-551b2fd9-01d8cc69-34d4906e-d466fa7f-9908c8ce.mp3]",angry,"She is really angry with me.<br><hr class=""sent-sep""><br>I forgot your book. I hope you're not mad at me.",,,[sound:gtts-wort-4e35a6f1-2611cbc5-fddf983d-d5b6ae7f-daf1a804.mp3],ADJ
84887000151,"<span style=""color:#279FF5""><b>der</b></span> Besuch, -e","Wir bekommen am Wochenende Besuch.<br><hr class=""sent-sep""><br>Ich mache einen Besuch im Krankenhaus. [sound:gtts-s1-27ed57ca-07a419cf-7739f5cf-06e91b8d-6a9aa2b1.mp3]",visit,"We get a visit on the weekend.<br><hr class=""sent-sep""><br>I'm going to the hospital.",,,[sound:gtts-wort-24eca1a5-16ff7dea-8f4b04e7-20751f14-4810e4cb.mp3],NOUN
84887000152,"<b>besuchen</b>, <span style=""color:#0DA6FF"">besuchte</span>, hat <span style=""color:#FFFB3D"">besucht</span>","Darf ich dich mal besuchen?<br><hr class=""sent-sep""><br>Möchtest du mich in den Ferien besuchen? [sound:gtts-s1-6977ab71-df68d824-163196d2-1db9a60a-788306cf.mp3]",to visit,"Can I visit you?<br><hr class=""sent-sep""><br>Would you like to visit me during your holidays?",,,[sound:gtts-wort-761cc781-75e70f91-10b45bcc-f8999f42-e43dbfd1.mp3],VERB
84887000153,"<b>braten</b>, <span style=""color:#0DA6FF"">briet</span>, hat <span style=""color:#FFFB3D"">gebraten</span>","Braten Sie das Fleisch in etwas Öl !<br><hr class=""sent-sep""><br>Der Fisch brät in der Pfanne. [sound:gtts-s1-b857e640-9bd0665a-8eefb98b-837009dd-c7a39d60.mp3]",to roast meat,"Fry the meat in some oil!<br><hr class=""sent-sep""><br>The fish fry in the pan.",,,[sound:gtts-wort-67dcc19d-2fbf3751-fa0a601a-98187bc9-4482b6db.mp3],VERB
84887000154,"<span style=""color:#9FF527""><b>das</b></span> Bett, -en",Sie ist krank und muss heute im Bett bleiben. [sound:gtts-s1-df4fa07f-76925770-7f872f63-62a7361a-a18041f8.mp3],bed,She is sick and has to stay in bed today.,,,[sound:gtts-wort-3c19f9fb-22e033a2-9e4c7f2e-91476bf6-d0d03b39.mp3],NOUN
84887000155,"<b>brauchen</b>, <span style=""color:#0DA6FF"">brauchte</span>, hat <span style=""color:#FFFB3D"">gebraucht</span>","Ich brauche ein neues Auto.<br><hr class=""sent-sep""><br>Brauchst du die Zeitung noch oder kann ich sie haben?<br><hr class=""sent-sep""><br>Meine Großmutter ist krank. Sie braucht viel Ruhe. [sound:gtts-s1-674c197c-07445677-58cee246-dd7c07d0-bd844c42.mp3]",to need,"I need a new car.<br><hr class=""sent-sep""><br>Do you still need the newspaper or can I have it?<br><hr class=""sent-sep""><br>My grandmother is sick. She needs a lot of rest.",,,[sound:gtts-wort-f6b8c520-52d28d89-63024134-23d77b0d-c649556f.mp3],VERB
84887000156,"<b>sich bewerben</b>, <span style=""color:#0DA6FF"">bewarb</span>, hat <span style=""color:#FFFB3D"">beworben</span>",Ich möchte mich um diese Stelle bewerben. [sound:gtts-s1-0d2251e7-0a241a92-e6540b61-951fe3f1-6c1b8f83.mp3],to make an application / to apply for sth.,I would like to apply for this position.,,,[sound:gtts-wort-23cfc970-ff75b4f9-4ae1f745-1bdf43ca-b0d77f24.mp3],VERB
84887000157,"<span style=""color:#F5279F""><b>die</b></span> Bewerbung, -en",Kannst du mir bei meiner Bewerbung helfen? [sound:gtts-s1-a5dad322-f0393bdd-1c607368-2d18b6a4-94817208.mp3],application / canditature,Can you help me with my application?,,,[sound:gtts-wort-75fd177d-cde16818-220eca93-d6c1647c-fd1e55f0.mp3],NOUN
84887000158,"<span style=""color:#279FF5""><b>der</b></span> Brief, -e",Haben Sie einen Brief für mich? [sound:gtts-s1-1f2c5e25-ac843a6b-0269165b-15f6ab5b-4cc4a448.mp3],letter,Do you have a letter for me?,,,[sound:gtts-wort-b122563b-fdfe0402-a60b57cc-36fb6580-9d01ff73.mp3],NOUN
84887000159,bewölkt,Heute ist es bewölkt. [sound:gtts-s1-9ba52b3a-7e646697-af2cb004-cc9f26b5-84f1e414.mp3],cloudy,Today it's cloudy.,,,[sound:gtts-wort-facaa377-75597140-7ab0f9fd-86016d29-2e195203.mp3],ADJ
84887000160,"<span style=""color:#F5279F""><b>die</b></span> Briefmarke, -n",Bitte die Briefmarke nicht vergessen! [sound:gtts-s1-3342b4a5-68eb3e53-72925115-000e3793-be48d397.mp3],Stamp,Please do not forget the stamp!,,,[sound:gtts-wort-19564c07-2ea49bd3-21138bdc-917dc63c-94c317a7.mp3],NOUN
84887000161,"<span style=""color:#F5279F""><b>die</b></span> Brille, -n","Wo ist meine Brille?<br><hr class=""sent-sep""><br>Mit dieser Brille kann ich nicht mehr gut sehen. [sound:gtts-s1-673f79f9-94b09dd7-14f8f9b7-30c031a3-058ec593.mp3]",glasses,"Where are my glasses?<br><hr class=""sent-sep""><br>I can not see any better with these glasses.",,,[sound:gtts-wort-5339162b-880b6725-b4c0f6a5-eee6b0ab-297ba795.mp3],NOUN
84887000162,"<b>bezahlen</b>, <span style=""color:#0DA6FF"">bezahlte</span>, hat <span style=""color:#FFFB3D"">bezahlt</span>",Wo kann ich bezahlen? [sound:gtts-s1-e0be7c12-fd8cd321-e98349f2-1af371df-04a09b2f.mp3],to pay,Where can I pay?,,,[sound:gtts-wort-357e6c86-1e8ba84d-6daa3103-5b5f533d-d9f6fe46.mp3],VERB
84887000163,"<b>bringen</b>, <span style=""color:#0DA6FF"">brachte</span>, hat <span style=""color:#FFFB3D"">gebracht</span>","Bringen Sie mir bitte noch einen Kaffee!<br><hr class=""sent-sep""><br>Wir müssen Anna ins Krankenhaus bringen. [sound:gtts-s1-67622be6-44fab590-03cbda21-4366a222-36c1bf95.mp3]",bring,"Bring me another coffee, please!<br><hr class=""sent-sep""><br>We have to take Anna to the hospital.",,,[sound:gtts-wort-c7daf17c-00f51ef4-2f44376e-b846d067-58efe1f6.mp3],VERB
84887000164,"<span style=""color:#F5279F""><b>die</b></span> Bibliothek, -en",Sie lernt jeden Tag in der Bibliothek. [sound:gtts-s1-b05a4e16-b5d0c1f9-740f0db1-f851baea-f159e6c9.mp3],library,She learns in the library every day.,,,[sound:gtts-wort-41a4bfa2-2aef7961-fc3eb5b4-c3480afe-d07ac992.mp3],NOUN
84887000165,"<span style=""color:#9FF527""><b>das</b></span> Brot, -e","Nimm doch noch ein Brot für das Abendessen.<br><hr class=""sent-sep""><br>Haben Sie auch Weißbrot? [sound:gtts-s1-8ef056cd-f32a493b-b0c350b7-2526c6f9-7239ff39.mp3]",bread,"Take another bread for dinner.<br><hr class=""sent-sep""><br>Do you have white bread?",,,[sound:gtts-wort-2d6ae7c8-6dc50fc0-c3a4d007-6874471c-1540d63e.mp3],NOUN
84887000166,"<span style=""color:#9FF527""><b>das</b></span> Bier, -e","Noch ein Bier, bitte. [sound:gtts-s1-5884c4e3-db4b3a49-68455b72-384f916c-28090fa4.mp3]",beer,Another beer please.,,,[sound:gtts-wort-8dae54d2-fe76d783-022be197-4fea1fc9-0f42612d.mp3],NOUN
84887000167,"<span style=""color:#9FF527""><b>das</b></span> Bild, -er",Hast du ein Bild von deinem Sohn? [sound:gtts-s1-07191325-e5dbcae9-7db30b9c-6d85a57a-b9adfb4a.mp3],image,Do you have a picture of your son?,,,[sound:gtts-wort-d7236b98-068120b9-26318bea-fae90a08-ba79bf85.mp3],NOUN
84887000168,"<span style=""color:#9FF527""><b>das</b></span> Brötchen, -",Möchtest du Brot oder Brötchen zum Frühstück? [sound:gtts-s1-2d9d0146-2b03e294-ccaa3fe4-5ff2e71b-fbac3f21.mp3],bun / small bread,Would you like bread or bread for breakfast?,,,[sound:gtts-wort-b5a2e3e7-690d1ec1-1acf3e41-24da19da-80f33261.mp3],NOUN
84887000169,billig,Das Wörterbuch kostet nur fünf Euro. - Fünf Euro? Das ist aber billig! [sound:gtts-s1-e3e2a76f-b14b5816-237c5554-2ca3bd7f-f035e54a.mp3],cheap,The dictionary costs only five euros. - Five euros? But that is cheap!,,,[sound:gtts-wort-71706aa7-a77b9c49-fe8466ff-fe038da6-46d8b8a9.mp3],ADJ
84887000170,"<span style=""color:#F5279F""><b>die</b></span> Brücke, -n",Fahren Sie über die nächste Brücke und dann nach links. [sound:gtts-s1-978fe0b6-9dcd4c46-d54fde5a-a73e1e13-96bb6a27.mp3],bridge,Drive over the next bridge and then left.,,,[sound:gtts-wort-0e5e869f-2d5cb6c3-c55c851a-51e5f9b9-cb4733b0.mp3],NOUN
84887000171,"<span style=""color:#F5279F""><b>die</b></span> Birne, -n","Ein Kilo Birnen, bitte! [sound:gtts-s1-a775948b-e0f78843-2b2834a3-9ea159e2-1b4c3fae.mp3]",pear,"A kilo of pears, please!",,,[sound:gtts-wort-b7335af8-78cc5a76-39dba897-d2ea3044-7a41ae60.mp3],NOUN
84887000172,"<span style=""color:#9FF527""><b>das</b></span> Buch, ""-er","Was kostet das Buch, bitte?<br><hr class=""sent-sep""><br>In diesem Wörterbuch finden Sie mehr als 20.000 Wörter. [sound:gtts-s1-81e6e08f-7ba0e3de-6ccdc9e7-90555fbc-2c38c734.mp3]",book,"What does the book cost, please?<br><hr class=""sent-sep""><br>In this dictionary you will find over 20,000 words.",,,[sound:gtts-wort-3883f939-93e4c1ba-ea62b0fc-caed6f8c-8257d794.mp3],NOUN
84887000173,bis,"Ich fahre nur bis Stuttgart.<br><hr class=""sent-sep""><br>Ich warte bis Freitag.<br><hr class=""sent-sep""><br>Tschüss, bis gleich! [sound:gtts-s1-e6f10083-07a7b57e-406eb50e-ce21cde8-3b581084.mp3]",to,"I'm only going to Stuttgart.<br><hr class=""sent-sep""><br>I wait until Friday.<br><hr class=""sent-sep""><br>Bye, see you soon!",,,[sound:gtts-wort-086f54ef-0040d7c8-a00ed1ed-47a26466-3d9a035d.mp3],ADV
84887000174,bisschen,"Können Sie bitte ein bisschen lauter sprechen?<br><hr class=""sent-sep""><br>Ich spreche ein bisschen Französisch.<br><hr class=""sent-sep""><br>Möchten Sie noch ein bisschen Salat? [sound:gtts-s1-c7afda5d-53423519-31dfcfd3-4b536483-e8599bd1.mp3]",little,"Can you please speak a little bit louder?<br><hr class=""sent-sep""><br>I speak a little French.<br><hr class=""sent-sep""><br>Would you like some salad?",,,[sound:gtts-wort-c321287a-7ff317df-8664103a-4b912f63-00f8a70e.mp3],ADV
84887000175,"<b>buchen</b>, <span style=""color:#0DA6FF"">buchte</span>, hat <span style=""color:#FFFB3D"">gebucht</span>",Morgen buche ich unsere Urlaubsreise. [sound:gtts-s1-c3d286c0-caa29dc6-ba1dbb0d-32df4ca6-dd6ec255.mp3],to book,Tomorrow I book our holiday trip.,,,[sound:gtts-wort-6fd65d57-91119630-ca842732-38e04b01-cb8496d9.mp3],VERB
84887000176,"<span style=""color:#279FF5""><b>der</b></span> Buchstabe, -n",Diesen Buchstaben gibt es in meiner Sprache nicht. [sound:gtts-s1-a3536597-d12732bf-3f4814eb-e3d130ad-b8b51235.mp3],letter / character,This letter does not exist in my language.,,,[sound:gtts-wort-5935dce4-5d98ee6b-c2153ef7-26a61108-0a7a9912.mp3],NOUN
84887000177,bitte,"Eine Tasse Kaffee bitte! - Bitte schön!<br><hr class=""sent-sep""><br>Wie bitte? Sprechen Sie bitte ein bisschen lauter! [sound:gtts-s1-d07f7e40-9963be15-25dd9c62-9c696b46-cdad5288.mp3]",to request (sth.) / to beg for (sth.),"A cup of coffee, please! - May I help you!<br><hr class=""sent-sep""><br>I beg your pardon? Please speak a little bit louder!",,,[sound:gtts-wort-7d1db5e9-05938027-841ce5bd-a17eab29-60ce13dd.mp3],ADV
84887000178,"<span style=""color:#F5279F""><b>die</b></span> Bitte, -n",Ich habe noch eine Bitte. [sound:gtts-s1-5fb09490-397ebaeb-b7e2b04a-220a5028-f97b97e6.mp3],Request / Appeal / You're welcome,I have another request.,,,[sound:gtts-wort-df9a9abf-cfe681b9-77ed031e-618f7e29-85607312.mp3],NOUN
84887000179,"<b>bitten</b>, <span style=""color:#0DA6FF"">bat</span>, hat <span style=""color:#FFFB3D"">gebeten</span>",Darf ich Sie um etwas bitten? [sound:gtts-s1-268cea7d-d4451d51-dca96de5-87209b48-4441579a.mp3],to ask for (sth.),can I ask you for something?,,,[sound:gtts-wort-d5d1a916-dff6dce5-02e7a831-9ebf84f5-f35d395d.mp3],VERB
84887000180,"<b>buchstabieren</b>, <span style=""color:#0DA6FF"">buchstabierte</span>, hat <span style=""color:#FFFB3D"">buchstabiert</span>",Würden Sie bitte Ihren Namen buchstabieren? [sound:gtts-s1-62b7fd36-348fae26-9f33a970-f080f485-e1f19b8f.mp3],to spell,Would you please spell your name?,,,[sound:gtts-wort-ce9429a8-69fd31b7-ecf95139-3390464a-a7005113.mp3],VERB
84887000181,bunt,"Anna trägt gern bunte Kleider.<br><hr class=""sent-sep""><br>Meine Wohnung ist sehr bunt: Das Wohnzimmer ist rot, die Küche grün und das Bad blau. [sound:gtts-s1-0dc11909-b621ab94-51ddc7d0-a7e13e6d-b9f6ef33.mp3]",colorful,"Anna likes wearing colorful clothes.<br><hr class=""sent-sep""><br>My apartment is very colorful: the living room is red, the kitchen green and the bathroom blue.",,,[sound:gtts-wort-c3fbf615-85bfc543-d5312bce-9d0726bc-99f80a94.mp3],ADJ
84887000182,bitter,Kaffee ohne Zucker schmeckt bitter. [sound:gtts-s1-ad4c0732-abb3ef9d-772d51bf-4157784d-4c1fc86d.mp3],bitter,Coffee without sugar tastes bitter.,,,[sound:gtts-wort-2bb55981-8988b0cc-77d8ddbb-2679aefe-e10d97fd.mp3],ADJ
84887000183,"<span style=""color:#9FF527""><b>das</b></span> Büro, -s","Ich arbeite in einem Büro.<br><hr class=""sent-sep""><br>Unser Büro ist bis Dienstag geschlossen. [sound:gtts-s1-88066cc2-dd872416-5986cb5d-120d63a8-43a2d32b.mp3]",office,"I work in an office.<br><hr class=""sent-sep""><br>Our office is closed until Tuesday.",,,[sound:gtts-wort-f3322ea9-62ad711a-b5126b42-dda1df99-e947902e.mp3],NOUN
84887000184,"<span style=""color:#9FF527""><b>das</b></span> Blatt, ""-er","Haben Sie ein Blatt Papier für mich?<br><hr class=""sent-sep""><br>Die Bäume haben schon gelbe Blätter. [sound:gtts-s1-667bd60a-25aa8c36-4b22d486-30e3b6b7-041ac62b.mp3]",sheet,"Do you have a piece of paper for me?<br><hr class=""sent-sep""><br>The trees already have yellow leaves.",,,[sound:gtts-wort-cfe0ce27-5ee924b2-d566bb61-6c02337e-8ad637d9.mp3],NOUN
84887000185,"<span style=""color:#279FF5""><b>der</b></span> Bus, -se",Wann kommt der nächste Bus? [sound:gtts-s1-236f7148-fdf7f81f-a061876a-bcfa4fca-6c3d6605.mp3],bus,When comes the next bus?,,,[sound:gtts-wort-a5a8f4cc-3538fd2e-1add71f2-3a3941b2-41bf3ca8.mp3],NOUN
84887000186,"<span style=""color:#F5279F""><b>die</b></span> Butter, (Sg.)",Möchtest du Butter aufs Brot oder nur Käse? [sound:gtts-s1-6d004a75-b6d28fcd-f3c514c0-f03f9cd0-c568b8d5.mp3],butter,Do you want butter on bread or just cheese?,,,[sound:gtts-wort-7bd2bd8d-45f0cbe3-cfd23c03-514c1822-e0882379.mp3],NOUN
84887000187,"<span style=""color:#9FF527""><b>das</b></span> Café, -s",Kommst du mit ins Café? Ich möchte gern einen Kaffee trinken. [sound:gtts-s1-44419c06-28a3de1c-09cdcfce-9f2e4cf6-1513360a.mp3],Coffee shop,Are you coming to the cafe? I'd like to have a coffee.,,,[sound:gtts-wort-80f9f124-597cfcae-394354c3-cf002847-ce405d50.mp3],NOUN
84887000188,"<span style=""color:#F5279F""><b>die</b></span> Cafeteria, -s",Ich gehe jetzt in die Cafeteria. Soll ich dir etwas mitbringen? [sound:gtts-s1-701e2f0d-e211b221-63baf5f2-84e5592a-e262e46b.mp3],cafeteria,I'm going to the cafeteria now. Should I bring you something?,,,[sound:gtts-wort-a5cb896a-e080be35-30c43336-cfdc88a2-d383d45e.mp3],NOUN
84887000189,"<b>chatten</b>, <span style=""color:#0DA6FF"">chattete</span>, hat <span style=""color:#FFFB3D"">gechattet</span>",Luis chattet gern mit seinen Freunden im Internet. [sound:gtts-s1-ddf1c25d-16d94403-d570fd96-63cfacea-12cd4f99.mp3],to chat,Luis likes to chat with his friends on the Internet.,,,[sound:gtts-wort-558b52b6-c783b835-e1e161d9-92129e3a-8f400c4b.mp3],VERB
84887000190,"<span style=""color:#9FF527""><b>das</b></span> Datum, -en","Bitte Datum und Unterschrift nicht vergessen!<br><hr class=""sent-sep""><br>Welches Datum haben wir heute?<br><hr class=""sent-sep""><br>Haben Sie meine Kontaktdaten? [sound:gtts-s1-a4934e64-bfbd7ac4-af86e811-2ed9b45c-03f8d2ac.mp3]",date,"Please do not forget the date and signature!<br><hr class=""sent-sep""><br>What date do we have today?<br><hr class=""sent-sep""><br>Do you have my contact details?",,,[sound:gtts-wort-1942c10e-2ea0ebb9-19e6cc30-6b1853c6-9b287d3d.mp3],NOUN
84887000191,"<b>dauern</b>, <span style=""color:#0DA6FF"">dauerte</span>, hat <span style=""color:#FFFB3D"">gedauert</span>",Wie lange dauert die Pause? - Eine halbe Stunde. [sound:gtts-s1-7ce91b13-b23a747e-c0134139-29deca07-2126d8b0.mp3],to last,How long is the break? - Half an hour.,,,[sound:gtts-wort-17472673-df102d9b-bd80eb52-b1a117f2-380cebb2.mp3],VERB
84887000192,"<b>denken</b>, <span style=""color:#0DA6FF"">dachte</span>, hat <span style=""color:#FFFB3D"">gedacht</span>","Ich denke, du hast recht.<br><hr class=""sent-sep""><br>Ich denke oft an meine Freundin.<br><hr class=""sent-sep""><br>Was denktst du? Sollen wir heute Abend ins Kino gehen? [sound:gtts-s1-a8bf1525-406d08ee-d7a813d3-d9315894-b4ec76a0.mp3]",to think,"I think you are right.<br><hr class=""sent-sep""><br>I often think of my girlfriend.<br><hr class=""sent-sep""><br>What do you think? Shall we go to the cinema tonight?",,,[sound:gtts-wort-963ba763-f2364ff4-fb8405cb-251391fd-b5155a48.mp3],VERB
84887000193,"<span style=""color:#279FF5""><b>der</b></span> Chef, -s",Wir haben einen neuen Chef. [sound:gtts-s1-d2652039-a568c273-48a50cf4-9debe90c-7f25ad8e.mp3],male boss,We have a new boss.,,,[sound:gtts-wort-db4cf5ca-72c6fbe7-db4e421c-c9357c2c-3aa8e3b4.mp3],NOUN
84887000194,"<span style=""color:#F5279F""><b>die</b></span> Chefin, -nen",Wir haben eine neue Chefin. [sound:gtts-s1-f36b9843-7d65cb07-ab4c6687-782c9447-8889b23e.mp3],female boss,We have a new boss.,,,[sound:gtts-wort-d65df46f-3b15a9b3-03b1d5df-e9a69347-61073b0e.mp3],NOUN
84887000195,"<span style=""color:#279FF5""><b>der</b></span> Club, -s","Gibt es hier einen Tennis-Club?<br><hr class=""sent-sep""><br>Ich möchte gern tanzen gehen. Wo gibt es hier einen Club mit guter Musik? [sound:gtts-s1-41fd3e93-d2beefbd-2051291f-6b9187fa-420cd903.mp3]",club,"Is there a tennis club?<br><hr class=""sent-sep""><br>I would like to go dancing. Where is there a club with good music?",,,[sound:gtts-wort-078ef091-ed4726b3-1d5ee0a1-469cf1bb-be44de06.mp3],NOUN
84887000196,"<span style=""color:#9FF527""><b>das</b></span> Comic, -s",Mein Sohn liest immer nur Comics. [sound:gtts-s1-bb281942-8a187ef4-ab2bd0eb-d070e182-d49fe0d0.mp3],comic,My son always reads comics.,,,[sound:gtts-wort-cb06d303-f0306640-9ff5826e-7e2572e7-86d2fd9c.mp3],NOUN
84887000197,denn,"Ich kann nicht kommen, denn ich bin krank. [sound:gtts-s1-c78568c0-a4b17a1c-64536926-929a7189-c5070180.mp3]",because,"I can not come, for I am sick.",,,[sound:gtts-wort-1f042ef4-10752e4e-a9734cca-01852500-5f6e1ecc.mp3],ADV
84887000198,deshalb,Ich bin krank. Deshalb komme ich heute nicht ins Büro. [sound:gtts-s1-2dd2d15d-d322d7f1-c64b8bc3-88994839-e09f3f3a.mp3],therefore / that's why,I'm sick. That's why I'm not coming to the office today.,,,[sound:gtts-wort-3f392fa3-7800f48c-be4f7813-b65a5bc9-c483c0bf.mp3],CONJ
84887000199,deutlich,"Sprechen Sie bitte deutlich!<br><hr class=""sent-sep""><br>Können Sie das bitte deutlicher schreiben? Ich kann das nicht lesen. [sound:gtts-s1-82010a73-da308650-adc0dba3-cf5213a0-2273eea1.mp3]",clear,"Please speak clearly!<br><hr class=""sent-sep""><br>Can you please write this more clearly? I can not read this.",,,[sound:gtts-wort-ee7dee83-ba4cdcfb-cdd68db1-49e40574-347e657c.mp3],ADJ
84887000200,"<span style=""color:#279FF5""><b>der</b></span> Computer, -",Wann bekommst du deinen neuen Computer? [sound:gtts-s1-a73f2876-0da4ab5a-564bc362-80199cfc-5303caee.mp3],computer,When will you get your new computer?,,,[sound:gtts-wort-e12c94bc-4857727e-e50907f3-70caa7bb-d2c73730.mp3],NOUN
84887000201,"<span style=""color:#F5279F""><b>die</b></span> Creme, -s/-n","Ich suche eine Creme für die Hände.<br><hr class=""sent-sep""><br>Der Kuchen schmeckt super! Was ist in der Creme? - Das ist eine Buttercreme mit viel Schokolade. [sound:gtts-s1-aa8b2b6b-c1a5962d-53ac10c6-e2f057d1-d7b1e66f.mp3]",cream,"I'm looking for a cream for the hands.<br><hr class=""sent-sep""><br>The cake tastes great! What is in the cream? - This is a butter cream with lots of chocolate.",,,[sound:gtts-wort-8a68cc7d-bb2205c9-24851ea6-0ca69f72-f126265e.mp3],NOUN
84887000202,dick,Ich bin zu dick. Ich muss weniger essen. [sound:gtts-s1-ca6ada4e-d14e68a5-328fea0d-5c6b53e5-3f3305da.mp3],thick,I am too fat. I have to eat less.,,,[sound:gtts-wort-d5ba1ef0-f3cf40eb-0f3e8a64-df669e94-078ac6ce.mp3],ADJ
84887000203,"<span style=""color:#9FF527""><b>das</b></span> Ding, -e","Gib mir bitte mal das Ding da drüben!<br><hr class=""sent-sep""><br>Was macht man mit diesem Ding? - Damit kann man Flaschen öffnen. [sound:gtts-s1-81991c1b-09dd8dc3-b37c06c6-885ceec5-c3bab8d2.mp3]",thing,"Please give me the thing over there!<br><hr class=""sent-sep""><br>What do you do with this thing? - This allows bottles to be opened.",,,[sound:gtts-wort-bdf83aa0-0a34d822-cfcf98fc-676a49a0-f9bbd458.mp3],NOUN
84887000204,direkt,"Wir wohnen direkt über dem Café.<br><hr class=""sent-sep""><br>Ich möchte nicht direkt nach der Schule studieren, ich möchte erst reisen.<br><hr class=""sent-sep""><br>Gibt es keinen direkten Zug nach Hamburg? - Nein, da müssen Sie immer umsteigen.<br><hr class=""sent-sep""><br>Wir liefern Ihnen das Sofa direkt ins Haus. [sound:gtts-s1-c3af9205-dda0562b-b988bf0f-be690035-40f14e28.mp3]",directly,"We live right above the café.<br><hr class=""sent-sep""><br>I do not want to study directly after school, I would like to travel first.<br><hr class=""sent-sep""><br>Is there no direct train to Hamburg? - No, you always have to change.<br><hr class=""sent-sep""><br>We deliver the sofa directly into the house.",,,[sound:gtts-wort-36795f80-8af194c5-63e8c306-97609e2d-64696fbd.mp3],ADV
84887000205,da,"Welche Bluse nehmen Sie? - Die da.<br><hr class=""sent-sep""><br>Wir sprechen gerade über Paul. Da kommt er ja.<br><hr class=""sent-sep""><br>Ist Herr Klein schon da?<br><hr class=""sent-sep""><br>Da drüben ist der Bahnhof. [sound:gtts-s1-40053fa8-2be6fb27-7481cfb8-09d044c2-c4cfb744.mp3]",there,"What blouse do you take? - That one.<br><hr class=""sent-sep""><br>We are talking about Paul. There he comes.<br><hr class=""sent-sep""><br>Is Mr Klein already there?<br><hr class=""sent-sep""><br>Over there is the train station.",,,[sound:gtts-wort-cc8cf012-f6daff63-79ee2b44-88d35fb5-ac237a0a.mp3],ADV
84887000206,"<span style=""color:#F5279F""><b>die</b></span> Disco, -s",Wir gehen heute Abend in die Disco. [sound:gtts-s1-ef4d65a5-4b958d1d-cf4f7194-ea5ca1a8-77906c8e.mp3],Disco,We go to the disco tonight.,,,[sound:gtts-wort-3f2dd461-02d80cda-62622a71-6a8eba3e-491dd1a9.mp3],NOUN
84887000207,"<b>diskutieren</b>, <span style=""color:#0DA6FF"">diskutierte</span>, hat <span style=""color:#FFFB3D"">diskutiert</span>",Ich möchte das mit meinen Kollegen diskutieren. [sound:gtts-s1-7b9bec41-26566338-f458221e-3dc07779-4375cf74.mp3],to discuss,I would like to discuss this with my colleagues.,,,[sound:gtts-wort-458087a7-b3495237-94ba21fc-10d2777a-2a09777a.mp3],VERB
84887000208,"<b>dabei sein</b>, <span style=""color:#0DA6FF"">war dabei</span>, <span style=""color:#FF1D23"">ist</span> <span style=""color:#FFFB3D"">dabei gewesen</span>","Hast du einen Stift dabei?<br><hr class=""sent-sep""><br>Schön, dass du da bist. Ist deine Familie auch dabei? [sound:gtts-s1-4510649b-45a7c86b-b4f54fe2-d7135cf8-80b613a9.mp3]",to be present / to be there,"Do you have a pen?<br><hr class=""sent-sep""><br>Nice that you're here. Is your family there too?",,,[sound:gtts-wort-f4cee398-cb2d6a79-7c460495-e90cc2c7-fcf1a513.mp3],VERB
84887000209,darüber,Darüber spreche ich nicht gern. [sound:gtts-s1-0a3eff85-904ac539-0bc57ac9-796b27b6-ba4b837e.mp3],about that,I do not like to talk about that.,,,[sound:gtts-wort-de89cf4d-96134efd-ed9f7eba-47264f4c-2b5e0f53.mp3],ADV
84887000210,doch,"Hast du keinen Hunger? - Doch, ich bin sehr hungrig.<br><hr class=""sent-sep""><br>Kannst du morgen nicht kommen? - Doch.<br><hr class=""sent-sep""><br>Geh doch mal wieder ins Kino!<br><hr class=""sent-sep""><br>Das macht doch nichts! [sound:gtts-s1-ee3f6242-7e665333-68d1faa3-a48581e8-6a71429d.mp3]",still / however / but,"Are you not hungry? - Yes, I'm very hungry.<br><hr class=""sent-sep""><br>Can not you come tomorrow? - But.<br><hr class=""sent-sep""><br>Go back to the cinema!<br><hr class=""sent-sep""><br>That does not matter!",,,[sound:gtts-wort-d9f3c153-6fbb0a2d-ba594474-06b0f1d8-32e46f3c.mp3],CONJ
84887000211,darauf,Darauf fällt mir keine Antwort ein. [sound:gtts-s1-3a88aff4-710eda75-d5465dde-694c5df9-7e76b0cf.mp3],afterwards / after that / thereon,I can not think of that.,,,[sound:gtts-wort-31815603-7f816ada-55424465-c6b85202-510ff571.mp3],ADV
84887000212,"<b>dagegen sein</b>, <span style=""color:#0DA6FF"">war dagegen</span>, <span style=""color:#FF1D23"">ist</span> <span style=""color:#FFFB3D"">dagegen gewesen</span>",Ich bin dagegen. [sound:gtts-s1-cfb42d9f-95aa58e7-c07c078d-f9f08ca2-ba7d7273.mp3],be against,I'm against it.,,,[sound:gtts-wort-9264a235-03336be2-901a4ea4-b48dd637-6fc9ef79.mp3],VERB
84887000213,"<b>dafür sein</b>, <span style=""color:#0DA6FF"">war dafür</span>, <span style=""color:#FF1D23"">ist</span> <span style=""color:#FFFB3D"">dafür gewesen</span>",Ich bin dafür. [sound:gtts-s1-c808060d-022061e8-b036ac9b-ef30e1cd-a8cff461.mp3],to be for it,I am in favor.,,,[sound:gtts-wort-326bd367-5c502c85-49041178-190050f7-28dcc0a9.mp3],VERB
84887000214,damals,"Als Student hatte ich viel Zeit und wollte reisen, aber damals hatte ich kein Geld. [sound:gtts-s1-a37a0444-5f0b4d42-2146d73c-b48ad1f5-1a90bcb9.mp3]",back then,"As a student I had a lot of time and wanted to travel, but then I had no money.",,,[sound:gtts-wort-c47774e3-7ddd1c82-c7d090f8-1aed77a4-fae42274.mp3],ADV
84887000215,"<span style=""color:#9FF527""><b>das</b></span> Doppelzimmer, -",Möchten Sie ein Doppelzimmer oder ein Einzelzimmer? [sound:gtts-s1-8862f36c-05343fea-5a2d1750-94f1e69c-f42e80e9.mp3],double room,Would you like a double or a single room?,,,[sound:gtts-wort-b717f76c-6698a134-bb64de2f-eae029f1-1f936d25.mp3],NOUN
84887000216,"<span style=""color:#F5279F""><b>die</b></span> Dame, -n","Damen (an der Toilette)<br><hr class=""sent-sep""><br>Sehr geehrte Damen und Herren [sound:gtts-s1-7df881c5-29430c87-253132e4-4964d50b-b73a5327.mp3]",lady,"Women (at the toilet)<br><hr class=""sent-sep""><br>Dear Ladies and Gentlemen",,,[sound:gtts-wort-e9c84337-aa5d6bd7-e2416d70-7fd70fda-2980c769.mp3],NOUN
84887000217,daneben,"Du weißt doch, wo die Post ist. Daneben ist die Bank. [sound:gtts-s1-e30945d5-cb385315-b8b76df2-a403ea0d-c2a9d56c.mp3]",aside / beside,You know where the post office is. Next to it is the bank.,,,[sound:gtts-wort-6e2b8a0e-d2f47946-e486bf62-7b24e012-87fbe34d.mp3],ADV
84887000218,"<span style=""color:#279FF5""><b>der</b></span> Dank, (Sg.)","Vielen Dank!<br><hr class=""sent-sep""><br>Herzlichen Dank! [sound:gtts-s1-8ecbf44c-27392fcc-d0ff00c9-effe7f62-7e33e964.mp3]",thanks,"Many Thanks!<br><hr class=""sent-sep""><br>Thank you very much!",,,[sound:gtts-wort-ad1e06d7-c4cc4694-35864ec2-514cc0c1-1f6bb9e8.mp3],NOUN
84887000219,"<span style=""color:#9FF527""><b>das</b></span> Dorf, ""-er","Unser Dorf liegt direkt an der Autobahn.<br><hr class=""sent-sep""><br>Meine Familie lebt in einem Dorf. [sound:gtts-s1-3fdd89b4-fd1e1ab8-16668000-035c593e-c6a8b786.mp3]",village,"Our village is located directly on the highway.<br><hr class=""sent-sep""><br>My family lives in a village.",,,[sound:gtts-wort-9484942e-f705749d-abe58399-2b9bf68f-b82c7b87.mp3],NOUN
84887000220,dort,"Wir treffen uns vor dem Kino. - Gut, ich bin in fünf Minuten dort.<br><hr class=""sent-sep""><br>Dort ist unser Haus.<br><hr class=""sent-sep""><br>Kommst du mit in die Stadt? - Nein, ich komme gerade von dort. [sound:gtts-s1-dcf98532-df70da9f-a854099a-aaaee22a-774e682d.mp3]",there,"We meet in front of the cinema. - Well, I'll be there in five minutes.<br><hr class=""sent-sep""><br>There is our house.<br><hr class=""sent-sep""><br>Are you coming to the city? - No, I've just come from there.",,,[sound:gtts-wort-b3f6eb82-1f453774-8950406a-88204d6b-c248f897.mp3],ADV
84887000221,dorther,"Kommst du mit in die Stadt? - Nein, ich komme gerade dorther. [sound:gtts-s1-0fd4bffb-9c26a953-2bd2aaab-ba49b5c6-bca3ed0b.mp3]",thence / from there,"Are you coming to the city? - No, I've just come there.",,,[sound:gtts-wort-e90e3449-af82857c-518b1e8a-7807a05b-cf6f7732.mp3],ADV
84887000222,dorthin,Deine Tasche kannst du dorthin stellen. [sound:gtts-s1-03bfb5d5-fd5bb2a7-a9e184cb-59624d6c-eb17bf4f.mp3],to there,You can put your bag there.,,,[sound:gtts-wort-431d7c2f-d1ed0b52-6c10d5a8-e07af99b-d2ed3ddc.mp3],ADV
84887000223,danke,"Soll ich Ihnen helfen? - Sehr freundlich, ja danke!<br><hr class=""sent-sep""><br>Guten Appetit! - Danke gleichfalls. [sound:gtts-s1-025a0a15-53be407e-2e3e3976-bf8f93bf-c011d2d1.mp3]",Thank you,"Can I help you? - Very friendly, yes thank you!<br><hr class=""sent-sep""><br>Good Appetite! - Thank you likewise.",,,[sound:gtts-wort-37d8b45c-a8341ad5-fb7e654b-4f52a99f-435f72da.mp3],ADV
84887000224,draußen,"Das Wetter ist so schön. Wollen wir draußen sitzen?<br><hr class=""sent-sep""><br>Hunde müssen draußen bleiben. [sound:gtts-s1-addfc282-20381d59-da36b1ae-50d137da-4fd12ee0.mp3]",outside,"The weather is so nice. Do we want to sit outside?<br><hr class=""sent-sep""><br>Dogs have to stay outside.",,,[sound:gtts-wort-e44b1c4a-dc9c5447-479459fd-6fc7a5d0-ee1698a5.mp3],ADV
84887000225,"<b>danken</b>, <span style=""color:#0DA6FF"">dankte</span>, hat <span style=""color:#FFFB3D"">gedankt</span>",Ich danke Ihnen für die Einladung. [sound:gtts-s1-90c2227c-28fa1c73-3bdd9f8c-54b76991-ffe9dbf7.mp3],to thank,Thank you for the invitation.,,,[sound:gtts-wort-6361e8ed-aef91e28-22ea5749-b6e29457-c42bb453.mp3],VERB
84887000226,dann,"Ich muss noch schnell zur Post, dann komme ich.<br><hr class=""sent-sep""><br>Wenn es nicht regnet, dann kommen wir. [sound:gtts-s1-8a39cc12-cedf1a09-93631c72-52157e1e-fcbdb222.mp3]",then,"I have to go to the post office quickly, then I come.<br><hr class=""sent-sep""><br>If it does not rain, then we come.",,,[sound:gtts-wort-b06d5972-2a68ab4d-283b5631-6ce35962-008f3702.mp3],ADV
84887000227,dringend,Bitte kommen Sie schnell. Es ist dringend. [sound:gtts-s1-5a369315-3799501d-f97d0cf5-cd62963d-a3fb25a4.mp3],urgent,Please come fast. It's urgent.,,,[sound:gtts-wort-0e5ca297-8b71aa93-fac2ac2b-8918b8aa-26f136f9.mp3],ADJ
84887000228,drinnen,"Wollen Sie drinnen oder draußen sitzen?<br><hr class=""sent-sep""><br>Hier drinnen ist es sehr warm. [sound:gtts-s1-fc3c1d03-804ba260-dd13d6c9-5ed81964-8897e979.mp3]",indoors,"Do you want to sit inside or outside?<br><hr class=""sent-sep""><br>Inside it is very warm.",,,[sound:gtts-wort-e0e8d7a9-c7045012-f58b7e4b-77861e00-a962fc9a.mp3],ADV
84887000229,dass,"Rico hat gesagt, dass er auch zur Party kommt.<br><hr class=""sent-sep""><br>Ich finde es super, dass du mich besuchst. [sound:gtts-s1-0493872e-19e66122-d1f0faed-b693384b-1f34806b.mp3]",that,"Rico said he was going to the party.<br><hr class=""sent-sep""><br>I think it's great that you visit me.",,,[sound:gtts-wort-0886a347-e4ad4e7e-a2de5c4f-992fc95c-8f16edd4.mp3],CONJ
84887000230,"<span style=""color:#F5279F""><b>die</b></span> Datei, -en","Wo hast du die Datei gespeichert?<br><hr class=""sent-sep""><br>Kannst du die Datei bitte öffnen? [sound:gtts-s1-6f533576-885c5682-3f0bd7d8-d7e23da5-e5cc8eb8.mp3]",file,"Where did you save the file?<br><hr class=""sent-sep""><br>Can you open the file please?",,,[sound:gtts-wort-28a4eaae-27d601b9-65803e1d-5b4e09b1-0dc9d1f9.mp3],NOUN
84887000231,drüben,Da drüben ist die Haltestelle. [sound:gtts-s1-d682e434-de3fcffb-cfd5072f-db58ca6a-4fe6a0d2.mp3],over there,Over there is the stop.,,,[sound:gtts-wort-ca132356-ac7a2920-40b1431a-6d251407-c4e1f4f4.mp3],ADV
84887000232,"<b>drücken</b>, <span style=""color:#0DA6FF"">drückte</span>, hat <span style=""color:#FFFB3D"">gedrückt</span>","An dieser Tür musst du drücken, nicht ziehen, dann geht sie auf.<br><hr class=""sent-sep""><br>Drücken Sie „Bestätigen“!<br><hr class=""sent-sep""><br>Meine Schuhe drücken. [sound:gtts-s1-14d6bc9f-fd6e3cbc-c29b9894-b38a1077-6095c467.mp3]",to press,"At this door you have to press, not pull, then she goes up.<br><hr class=""sent-sep""><br>Press ""Confirm""!<br><hr class=""sent-sep""><br>Push my shoes.",,,[sound:gtts-wort-5a1df402-9219e4c5-69d70f42-8c01dce1-5360f58d.mp3],VERB
84887000233,"<b>drucken</b>, <span style=""color:#0DA6FF"">druckte</span>, hat <span style=""color:#FFFB3D"">gedruckt</span>",Wähle einfach „Datei drucken“! [sound:gtts-s1-cf716b01-8fc117dc-77351a18-ffdef871-e46a43ec.mp3],to print,"Just select ""Print file""!",,,[sound:gtts-wort-936f1b0a-8388a8dd-af859e6b-23b32975-b0fdec1a.mp3],VERB
84887000234,"<span style=""color:#9FF527""><b>das</b></span> Einkaufszentrum, -en",Kommst du morgen mit ins Einkaufszentrum? [sound:gtts-s1-1a819d22-2715628e-63b82752-3c00ba41-839fc74a.mp3],shopping mall,Are you coming to the shopping center tomorrow?,,,[sound:gtts-wort-fbd01f5e-96cf7f9b-396627c8-42976f94-06b02a74.mp3],NOUN
84887000235,"<span style=""color:#279FF5""><b>der</b></span> Drucker, -",Mein Drucker ist kaputt. [sound:gtts-s1-2196747e-ee016def-397271fd-bca742f3-2245b34f.mp3],printer,My printer is broken.,,,[sound:gtts-wort-33229976-1c3b8047-f5b15a36-69b447d7-71fc66ac.mp3],NOUN
84887000236,dumm,"Ich finde den Film dumm.<br><hr class=""sent-sep""><br>Entschuldigung, das war dumm von mir.<br><hr class=""sent-sep""><br>Das ist mir zu dumm. [sound:gtts-s1-880d495b-8200189d-02c6c566-7eb6f848-5f4ee147.mp3]",stupid,"I find the movie stupid.<br><hr class=""sent-sep""><br>Excuse me, that was stupid of me.<br><hr class=""sent-sep""><br>This is too stupid for me.",,,[sound:gtts-wort-8a29dc10-7bddeec5-85a7d646-b6bb88b6-01469a04.mp3],ADJ
84887000237,"<b>einladen</b>, <span style=""color:#0DA6FF"">lud ein</span>, hat <span style=""color:#FFFB3D"">eingeladen</span>",Darf ich Sie zu einem Kaffee einladen? [sound:gtts-s1-5a01e2b3-b0db89d9-3827b1f3-dade2b7d-e236c7c8.mp3],to invite,May I invite you to a coffee?,,,[sound:gtts-wort-d53f4ae3-0066f5cd-63be7b86-1a50624a-3f0e9db3.mp3],VERB
84887000238,dunkel,"Um sechs Uhr ist es schon dunkel.<br><hr class=""sent-sep""><br>Meine Schwester hat dunkle Haare.<br><hr class=""sent-sep""><br>Ich will eine dunkelblaue Bluse kaufen. [sound:gtts-s1-111a1d9a-98a48798-8809c3ab-05ca2fce-e9458dd8.mp3]",dark,"At six o'clock it is already dark.<br><hr class=""sent-sep""><br>My sister has dark hair.<br><hr class=""sent-sep""><br>I want to buy a dark blue blouse.",,,[sound:gtts-wort-c2c800b2-d6110f5c-a77e1bd2-44903a82-cc2511b6.mp3],ADJ
84887000239,"<span style=""color:#F5279F""><b>die</b></span> Einladung, -en",Danke für die Einladung zu deinem Geburtstag! [sound:gtts-s1-890ab470-81cedf4e-194eab9e-7001b134-f138e58f.mp3],invitation,Thank you for the invitation to your birthday!,,,[sound:gtts-wort-d299d46d-587bf93d-2c9d006d-8dea802c-f6a95463.mp3],NOUN
84887000240,einmal,"Rufen Sie mich bitte morgen noch einmal an.<br><hr class=""sent-sep""><br>Ruf mich bitte morgen noch einmal an.<br><hr class=""sent-sep""><br>Diese Prüfung mache ich nicht noch einmal.<br><hr class=""sent-sep""><br>Warst du schon einmal in Paris? [sound:gtts-s1-e67f3cdf-a32e6fba-8163a071-6923985c-df591319.mp3]",once,"Please call me again tomorrow.<br><hr class=""sent-sep""><br>Call me again tomorrow.<br><hr class=""sent-sep""><br>I will not do this again.<br><hr class=""sent-sep""><br>Have you ever been to Paris?",,,[sound:gtts-wort-50694a2d-5f6878b2-e2f9850f-d6f38919-c6af819c.mp3],NUM
84887000241,"<b>einpacken</b>, <span style=""color:#0DA6FF"">packte ein</span>, hat <span style=""color:#FFFB3D"">eingepackt</span>","Pack bitte die Handtücher ein !<br><hr class=""sent-sep""><br>Soll ich Ihnen das als Geschenk einpacken? [sound:gtts-s1-178bbeb5-1f240d77-27c4662f-f6dd113a-d8c35f00.mp3]",to wrap (sth.) / to pack (sth.),"Please pack the towels!<br><hr class=""sent-sep""><br>Shall I give you this as a present?",,,[sound:gtts-wort-f5b6a703-bd7a0e42-c21189bb-123031f2-928fab71.mp3],VERB
84887000242,dünn,"Das Buch ist sehr dünn. Es hat nur 40 Seiten.<br><hr class=""sent-sep""><br>Mein Bruder ist 1,80 Meter groß und 62 Kilo schwer, er ist zu dünn. [sound:gtts-s1-f9cc1da1-47d39d63-d38285b5-aa4d0ccf-4b446946.mp3]",thin,"The book is very thin. It has only 40 pages.<br><hr class=""sent-sep""><br>My brother is 1.80 meters tall and weighs 62 kilos, he is too thin.",,,[sound:gtts-wort-5a2d11bd-83a3ef1d-e4a9404b-631b14aa-a1d71d46.mp3],ADJ
84887000243,durch,"Am besten gehen Sie durch die Tengstraße.<br><hr class=""sent-sep""><br>Wir fahren mit dem Fahrrad durch den Wald. [sound:gtts-s1-e9454b42-4e8cae79-a6858b5b-21ef2e92-8d6915a0.mp3]",by,"The best way is through Tengstraße.<br><hr class=""sent-sep""><br>We ride a bike through the forest.",,,[sound:gtts-wort-b8723509-1e998370-20607d97-4cfbf4ea-8f7a1fe2.mp3],ADV
84887000244,"<b>einsteigen</b>, <span style=""color:#0DA6FF"">stieg ein</span>, <span style=""color:#FF1D23"">ist</span> <span style=""color:#FFFB3D"">eingestiegen</span>","Schnell, steig ein, der Zug fährt gleich ab.<br><hr class=""sent-sep""><br>Bitte ab 20 Uhr vorn im Bus einsteigen. [sound:gtts-s1-c5580bdb-af12ae85-b33945d5-74e1fd83-beac6944.mp3]",to get in / to board / to enter,"Quickly, get in, the train starts at once.<br><hr class=""sent-sep""><br>Please enter the bus from 8 pm.",,,[sound:gtts-wort-a4263dcf-789fa886-af8398ba-9b381afb-a2d3a3e6.mp3],VERB
84887000245,"<b>dürfen</b>, <span style=""color:#0DA6FF"">durfte</span>, hat <span style=""color:#FFFB3D"">gedurft</span>","Sie dürfen hier nicht parken.<br><hr class=""sent-sep""><br>Dürfen wir heute länger fernsehen?<br><hr class=""sent-sep""><br>Darf ich Sie zu einem Kaffee einladen? [sound:gtts-s1-68891f2c-d756ac6f-bfe040d2-cbc9cb5a-acdcea72.mp3]",can / may / to be allowed to do (sth.),"You are not allowed to park here.<br><hr class=""sent-sep""><br>Can we watch TV tonight?<br><hr class=""sent-sep""><br>May I invite you to a coffee?",,,[sound:gtts-wort-6913b4dc-e55fd3fb-8b864c3b-77dd4919-9cf1a328.mp3],VERB
84887000246,"<b>sich eintragen</b>, <span style=""color:#0DA6FF"">trug ein</span>, hat <span style=""color:#FFFB3D"">eingetragen</span>","Tragen Sie sich bitte in diese Liste ein !<br><hr class=""sent-sep""><br>Sie müssen Ihren Namen und Ihre Adresse eintragen. [sound:gtts-s1-c0fc4121-1e66305f-c035c734-29f47512-3e01c947.mp3]",to register / to sign in,"Please enter into this list!<br><hr class=""sent-sep""><br>You must enter your name and address.",,,[sound:gtts-wort-3ccb0b04-d74088f1-52ee736b-e88058eb-fdb30e43.mp3],VERB
84887000247,"<span style=""color:#279FF5""><b>der</b></span> Durst, (Sg.)",Hast du etwas zu trinken? Ich habe großen Durst. [sound:gtts-s1-99f2949b-32b8814d-8cfa6e78-1a5506f6-0f754e77.mp3],thirst,Do you have something to drink? I am very thirsty.,,,[sound:gtts-wort-02ff934c-4b5a4532-cab7c8be-56664fc0-5ebf55c7.mp3],NOUN
84887000248,"<span style=""color:#F5279F""><b>die</b></span> Dusche, -n",Unsere Wohnung hat nur eine Dusche. [sound:gtts-s1-87f7c314-994fb689-6b581118-92c40c23-b325e30c.mp3],shower,Our apartment has only one shower.,,,[sound:gtts-wort-58864da4-989a6f87-b9fd0e4f-412ac828-fbac9fe6.mp3],NOUN
84887000249,"<span style=""color:#279FF5""><b>der</b></span> Eintritt, -e","Der Eintritt kostet fünf Euro.<br><hr class=""sent-sep""><br>Der Eintritt ist frei. Sie müssen nichts bezahlen. [sound:gtts-s1-ab962dcc-1fc8f4d3-4a57796d-c9e3d9b0-0549a5d8.mp3]",entry,"Admission costs € 5.<br><hr class=""sent-sep""><br>Admission is free. You do not have to pay anything.",,,[sound:gtts-wort-0ab2ce42-631087b5-91dfae65-2a50c5c3-49a025b0.mp3],NOUN
84887000250,"<b>einverstanden sein</b>, <span style=""color:#0DA6FF"">war einverstanden</span>, <span style=""color:#FF1D23"">ist</span> <span style=""color:#FFFB3D"">einverstanden gewesen</span>","Als Termin schlage ich den 22. August vor. - Gut, ich bin einverstanden.<br><hr class=""sent-sep""><br>Als Termin schlage ich den 11. Juni vor. - Gut, einverstanden.<br><hr class=""sent-sep""><br>Bist du einverstanden, wenn wir bald nach Hause gehen? [sound:gtts-s1-05dc51df-81ce1612-06d514b6-b9d87b1a-5050a7ad.mp3]",to agree,"As a date, I suggest August 22nd. - All right, I agree.<br><hr class=""sent-sep""><br>As a date, I propose the 11th of June. - OK, agreed.<br><hr class=""sent-sep""><br>Do you agree to go home soon?",,,[sound:gtts-wort-88d5632a-f6d69078-22d4045e-e1643946-221ee3e4.mp3],VERB
84887000251,"<b>sich duschen</b>, <span style=""color:#0DA6FF"">duschte</span>, hat <span style=""color:#FFFB3D"">geduscht</span>","Ich bade nicht so gern, ich dusche lieber.<br><hr class=""sent-sep""><br>Möchten Sie sich duschen? Das Badezimmer ist dort hinten links. [sound:gtts-s1-408ac71a-c025fdf1-f5c75e6d-dc4876ba-8cd9828f.mp3]",to take a shower,"I do not like to swim, I prefer to take a shower.<br><hr class=""sent-sep""><br>Would you like to take a shower? The bathroom is there to the left.",,,[sound:gtts-wort-91257037-1a839920-891dd491-f9e1bb7a-dedd12ba.mp3],VERB
84887000252,"<span style=""color:#9FF527""><b>das</b></span> E-Book, -s","Liest du lieber E-Books oder Bücher aus Papier?<br><hr class=""sent-sep""><br>Entschuldigung, kann man hier E-Books kaufen? [sound:gtts-s1-1c442207-43a37745-fa1cdbf4-1f350e08-bc01d630.mp3]",E-Book,"Do you prefer reading e-books or paper books?<br><hr class=""sent-sep""><br>Excuse me, can you buy e-books here?",,,[sound:gtts-wort-c5ab959c-63296ce9-99016f95-415319b6-eeae3bef.mp3],NOUN
84887000253,einzeln,Nicht alle zusammen. Könnt ihr bitte einzeln sprechen? [sound:gtts-s1-a43e8eaf-5678480c-8eced369-d1366b9a-ca83b74e.mp3],single / individual / separate,Not all together. Can you please speak individually?,,,[sound:gtts-wort-c5feb79b-0f060283-263f6c4b-73d7f462-adf74c91.mp3],ADJ
84887000254,"<span style=""color:#9FF527""><b>das</b></span> Einzelkind",Florian ist ein Einzelkind. Er hat keine Geschwister. [sound:gtts-s1-b481ba6f-0e472002-21d4937c-92eb1f3c-c5f2d78f.mp3],the only child,Florian is a single child. He has no siblings.,,,[sound:gtts-wort-0bcda1ef-d7e61727-705c8a8d-a9609b07-63a67309.mp3],NOUN
84887000255,"<span style=""color:#9FF527""><b>das</b></span> Einzelzimmer",Ein Einzelzimmer ist noch frei. [sound:gtts-s1-831eb422-2ff841b8-6c858425-62fa3da7-36562652.mp3],single room,A single room is still free.,,,[sound:gtts-wort-7f561efd-f2a8e8ec-938ed43a-785a719c-8b5d2456.mp3],NOUN
84887000256,echt,"Ist das Bild ein echter Picasso?<br><hr class=""sent-sep""><br>Der Film ist echt gut. [sound:gtts-s1-e0234cdd-e4a8a973-81b991b5-7a939bb9-1cab33c8.mp3]",real,"Is the picture a real Picasso?<br><hr class=""sent-sep""><br>The movie is really good.",,,[sound:gtts-wort-b814ee12-b85ab2a6-797ac993-0104a461-2720366a.mp3],ADJ
84887000257,"<span style=""color:#F5279F""><b>die</b></span> Ecke, -n","Gehen Sie an der nächsten Ecke links, dann kommen Sie zur Apotheke.<br><hr class=""sent-sep""><br>Wir stellen das Regal in die Ecke. [sound:gtts-s1-225ce33e-5812cdb1-a1934be6-00d8e3ae-c2f4d8bf.mp3]",corner,"Go left at the next corner, then go to the pharmacy.<br><hr class=""sent-sep""><br>We put the shelf in the corner.",,,[sound:gtts-wort-69cc2ca3-99ba3a87-d533b68f-b770774b-f73d1c18.mp3],NOUN
84887000258,"<b>einziehen</b>, <span style=""color:#0DA6FF"">zog ein</span>, <span style=""color:#FF1D23"">ist</span> <span style=""color:#FFFB3D"">eingezogen</span>","Im Juni ziehen unsere neuen Nachbarn ein.<br><hr class=""sent-sep""><br>Wann können wir in die Wohnung einziehen? [sound:gtts-s1-3a6cb720-94764c5b-0dd63204-abd84f78-b2fc026d.mp3]",to move in,"In June our new neighbors move in.<br><hr class=""sent-sep""><br>When can we move into the apartment?",,,[sound:gtts-wort-f95175fe-0d141d51-9eb888d4-0b42f764-7c1cddde.mp3],VERB
84887000259,egal,"Das ist mir egal.<br><hr class=""sent-sep""><br>Willst du Tee oder Kaffee trinken? - Egal. [sound:gtts-s1-e47ba6b8-4f8babcc-054ff006-2a4a4ce2-84181880.mp3]",equal / whatever,"I do not care.<br><hr class=""sent-sep""><br>Do you want to drink tea or coffee? - No matter.",,,[sound:gtts-wort-e8384964-222dcc15-8e9993e9-9353b6fc-a7d41637.mp3],ADJ
84887000260,"<span style=""color:#9FF527""><b>das</b></span> Eis, (Sg.)",Möchtest du auch ein Eis? [sound:gtts-s1-6bacd242-fd23fe89-7ce0b228-4aeb4572-23523c6f.mp3],ice cream,Would you like an ice cream?,,,[sound:gtts-wort-d25eebea-bd0ff434-ec827924-11773716-612a67df.mp3],NOUN
84887000261,"<span style=""color:#F5279F""><b>die</b></span> E-Mail, -s","Ich schreibe dir eine E-Mail.<br><hr class=""sent-sep""><br>Ich schreibe Ihnen eine E-Mail. [sound:gtts-s1-dbe2a07c-59442824-88790c3f-af0ee156-32d991b9.mp3]",e-mail,"I'll write you an e-mail.<br><hr class=""sent-sep""><br>I'll write you an e-mail.",,,[sound:gtts-wort-87454d39-3c5195a3-4d9d642a-d7d658d1-17b37e95.mp3],NOUN
84887000262,"<span style=""color:#F5279F""><b>die</b></span> Ehefrau, -en",Das ist mein Ehemann. [sound:gtts-s1-7effc74b-a3bdf2a6-a5e15e26-fb620385-39b21112.mp3],wife,This is my husband.,,,[sound:gtts-wort-2eaf2e21-b7189bc1-17285e43-db38615c-8ae653f3.mp3],NOUN
84887000263,"<span style=""color:#279FF5""><b>der</b></span> Ehepartner, -",Das ist mein Ehepartner. [sound:gtts-s1-229df4dc-ac523013-412d2341-4886d7c3-b8c88d31.mp3],spouse,This is my spouse.,,,[sound:gtts-wort-c91d1f8a-5bd4637a-dd4c5966-ca038530-9354d710.mp3],NOUN
84887000264,"<span style=""color:#279FF5""><b>der</b></span> Ehemann, ""-er",Das ist meine Ehefrau. [sound:gtts-s1-4c730a85-51cb8307-ff774f7b-74658fb0-3c3e196e.mp3],husband,This is my wife.,,,[sound:gtts-wort-889b0e6b-5b9e47bd-51e107d9-8d487527-43995472.mp3],NOUN
84887000265,"<span style=""color:#9FF527""><b>das</b></span> Ei, -er",Möchtest du ein Ei zum Frühstück? [sound:gtts-s1-3edf80c9-831551d5-2aa9e022-d83955b1-3e8eed02.mp3],egg,Would you like an egg for breakfast?,,,[sound:gtts-wort-fe58e8f3-8c410ea1-5942b55d-4ec386d1-2430ce20.mp3],NOUN
84887000266,eigenes,Nicht alle Kinder haben ein eigenes Zimmer. [sound:gtts-s1-1bb5cddf-16e13a0c-3c66cb24-476b6445-5666a23c.mp3],own,Not all children have their own room.,,,[sound:gtts-wort-cf0730e7-c4516269-74671ddd-16160046-e4d7df31.mp3],ADJ
84887000267,"<span style=""color:#279FF5""><b>der</b></span> Empfänger, -","Auf dem Brief steht dein Name, also bist du der Empfänger. [sound:gtts-s1-aa7ffbc6-aaeb760c-b57ac287-bc0b76d0-a281cbc0.mp3]",receiver,"On the letter is your name, so you are the recipient.",,,[sound:gtts-wort-8dfd6ac9-3f17736a-2b40260c-694fba41-de2acff9.mp3],NOUN
84887000268,"<b>empfehlen</b>, <span style=""color:#0DA6FF"">empfahl</span>, hat <span style=""color:#FFFB3D"">empfohlen</span>",Welchen Wein können Sie mir empfehlen? [sound:gtts-s1-5f4136bc-cd34b3e3-628428c0-6a277b9e-9c9413c7.mp3],to recommend,Which wine can you recommend?,,,[sound:gtts-wort-0d6ea82d-3eba7ec9-c0bb6183-12c457a5-37ad94f8.mp3],VERB
84887000269,eigentlich,"Wir wollten eigentlich Freunde besuchen, aber dann sind wir doch zu Hause geblieben.<br><hr class=""sent-sep""><br>Kennst du eigentlich Susanne? [sound:gtts-s1-52930925-c9e35a6a-97afe4db-9b22b81b-55da3976.mp3]",actually,"We actually wanted to visit friends, but then we stayed at home.<br><hr class=""sent-sep""><br>Do you know Susanne?",,,[sound:gtts-wort-b5fb4365-b2c504a9-e4705a89-2693a5f5-2b703501.mp3],ADV
84887000270,"<span style=""color:#9FF527""><b>das</b></span> Ende, -n","Sie wohnt am Ende der Straße.<br><hr class=""sent-sep""><br>Er bekommt sein Geld am Monatsende. [sound:gtts-s1-d4096e32-dbba9695-f6360e50-1378449f-263bd23d.mp3]",the End,"She lives at the end of the street.<br><hr class=""sent-sep""><br>He gets his money at the end of the month.",,,[sound:gtts-wort-66b1fe86-2253502c-688161be-f58d13f5-b3bb3475.mp3],NOUN
84887000271,eilig,Hast du es eilig? [sound:gtts-s1-f9e416f7-48ae6fb7-540ab67b-c7cde898-ea438312.mp3],hurried,Are you in a hurry?,,,[sound:gtts-wort-d2773ba4-60852727-29a4d537-1b13a4ea-eed45c71.mp3],ADJ
84887000272,einfach,"Die Prüfung ist ganz einfach.<br><hr class=""sent-sep""><br>Ich verstehe das nicht. Kannst du es bitte einfacher sagen?<br><hr class=""sent-sep""><br>Hin und zurück? - Nein, bitte nur eine einfache Fahrt nach Berlin. [sound:gtts-s1-414e821b-084e89c1-a6b1b69f-abd9c46a-a9bcf634.mp3]",easy,"Testing is easy.<br><hr class=""sent-sep""><br>I do not understand that. Can you please say it easier?<br><hr class=""sent-sep""><br>Round trip? - No, just a simple trip to Berlin.",,,[sound:gtts-wort-c37bc989-76a8269b-94bd60a8-652c8525-3d6f7912.mp3],ADJ
84887000273,"<b>enden</b>, <span style=""color:#0DA6FF"">endete</span>, hat <span style=""color:#FFFB3D"">geendet</span>","Die Straße endet hier.<br><hr class=""sent-sep""><br>Der Kurs endet in einer Woche. [sound:gtts-s1-36f72a9a-6ec126ec-101aae7a-bd46e6e8-1dabf235.mp3]",to end in (sth.) / to finish / to close,"The street ends here.<br><hr class=""sent-sep""><br>The course ends in a week.",,,[sound:gtts-wort-c4a70a1f-f240ccb8-c9bc5d16-496c3019-7e75cdb8.mp3],VERB
84887000274,endlich,"Wann kommst du endlich? Der Film fängt gleich an.<br><hr class=""sent-sep""><br>Endlich bist du da! [sound:gtts-s1-1e00da6f-79d3b187-e1850826-f5d18c11-84737014.mp3]",finally / at last,"When are you finally coming? The film starts immediately.<br><hr class=""sent-sep""><br>Finally you're there!",,,[sound:gtts-wort-c1eed07f-3a042d31-eabf0c3c-73dd423f-50dead3d.mp3],ADV
84887000275,eng,Diese Hose ist zu eng. Gibt es sie auch eine Nummer größer? [sound:gtts-s1-d9dec3e1-9e6d9111-fdeadb46-dc53340a-39abae0c.mp3],tight / narrow / cramped,These pants are too tight. Is it also a number bigger?,,,[sound:gtts-wort-7bc4a262-b8bbf0d9-cde66010-90536927-cde1bd8e.mp3],ADJ
84887000276,"<span style=""color:#279FF5""><b>der</b></span> Eingang, ""-e",Der Eingang ist um die Ecke. [sound:gtts-s1-c582a99c-dcb6a6e7-c701418c-67673a0f-74fa78d0.mp3],entrance,The entrance is around the corner.,,,[sound:gtts-wort-2a12b6bd-c6d306d7-7f6d4ddd-82af8743-0c25439a.mp3],NOUN
84887000277,einige,"In diesem Text sind einige Fehler.<br><hr class=""sent-sep""><br>Das dauert noch einige Zeit, bis das Essen fertig ist. [sound:gtts-s1-dad627f1-813d31e7-584b8b5a-1c915fc4-eeef7694.mp3]",some,"In this text are some errors.<br><hr class=""sent-sep""><br>This takes some time until the food is ready.",,,[sound:gtts-wort-53b48386-d3278192-81d437f3-4095398a-d55c6f07.mp3],PRON
84887000278,"<b>sich entschuldigen</b>, <span style=""color:#0DA6FF"">entschuldigte</span>, hat <span style=""color:#FFFB3D"">entschuldigt</span>","Entschuldigen Sie bitte!<br><hr class=""sent-sep""><br>Ich möchte mich bei dir entschuldigen. [sound:gtts-s1-988a4f20-65c0a3fd-b5406269-3c7e4251-0c14e6b4.mp3]",to apologize,"Excuse me please!<br><hr class=""sent-sep""><br>I would like to apologize to you.",,,[sound:gtts-wort-58c6daeb-c2178864-cbb53e89-a9741a3c-cb8e2948.mp3],VERB
84887000279,"<b>einkaufen</b>, <span style=""color:#0DA6FF"">kaufte ein</span>, hat <span style=""color:#FFFB3D"">eingekauft</span>",Ich muss noch für morgen einkaufen. [sound:gtts-s1-de50d2aa-e8b528ac-68d5b2fe-8d5fa526-eb644031.mp3],to shop / to do the shopping,I have to go shopping for tomorrow.,,,[sound:gtts-wort-72e94ae8-651e2efd-6f6243fd-f9088694-9cd04a01.mp3],VERB
84887000280,"<span style=""color:#F5279F""><b>die</b></span> Entschuldigung, -en","Oh, Entschuldigung! - Macht nichts. Kein Problem. [sound:gtts-s1-342cf9ab-05c64932-7403890b-a67cff8b-fcf7a315.mp3]",excuse / apology,Oh sorry! - Do not worry. No problem.,,,[sound:gtts-wort-e26f02c0-902c8c69-5b95f910-a6cb09f4-f26a917b.mp3],NOUN
84887000281,"<span style=""color:#9FF527""><b>das</b></span> Erdgeschoss, -e",Ich wohne im Erdgeschoss. [sound:gtts-s1-97151532-c57e489c-55f7de7c-c2ec8791-35c3a766.mp3],ground floor,I live on the ground floor.,,,[sound:gtts-wort-0cb4a14a-652a15d7-4ccb6d98-b2b4a7ea-578de329.mp3],NOUN
84887000282,falsch,"Die Lösung ist falsch.<br><hr class=""sent-sep""><br>Sie haben die falsche Nummer gewählt. [sound:gtts-s1-cc1240fe-f7196765-c55924f4-b6c416c5-c0bbdb14.mp3]",not correct / wrong,"The solution is wrong.<br><hr class=""sent-sep""><br>You have dialed the wrong number.",,,[sound:gtts-wort-51a0251c-defd503b-7b9f6e90-8a1a034a-1e7f220c.mp3],ADJ
84887000283,"<span style=""color:#F5279F""><b>die</b></span> Erfahrung, -en",Ich habe zehn Jahre Erfahrung in diesem Beruf. [sound:gtts-s1-5c917ecc-c10bfbf7-d83d2e6b-3cec1bdc-9a953cf4.mp3],experience,I have ten years of experience in this profession.,,,[sound:gtts-wort-2e1a37c6-d53a9fc5-f8fcefa3-de0fbcfd-1eaca611.mp3],NOUN
84887000284,"<b>sich erinnern</b>, <span style=""color:#0DA6FF"">erinnerte</span>, hat <span style=""color:#FFFB3D"">erinnert</span>","Erinnerst du dich an José? - Nein, ich erinnere mich nicht an ihn, tut mir leid.<br><hr class=""sent-sep""><br>Kannst du mich morgen bitte an meinen Arzttermin erinnern? [sound:gtts-s1-73e2a777-847823a6-404ee90a-33e40e1d-f1f12a0b.mp3]",to remember,"Do you remember José? - No, I do not remember him, I'm sorry.<br><hr class=""sent-sep""><br>Can you remind me of my doctor's appointment tomorrow?",,,[sound:gtts-wort-ffefb625-71ae2fbd-39f0d3e2-eeba88fb-fc79ee05.mp3],VERB
84887000285,"<span style=""color:#F5279F""><b>die</b></span> Familie, -n","Meine Familie lebt in Spanien.<br><hr class=""sent-sep""><br>Ich habe eine große Familie. [sound:gtts-s1-5a13deeb-576b32fc-bdd45d73-81c87cfd-be6e5e36.mp3]",family,"My family lives in Spain.<br><hr class=""sent-sep""><br>I have a big family.",,,[sound:gtts-wort-a85a4d4d-aa3cede2-72da783b-66015f46-53650651.mp3],NOUN
84887000286,"<span style=""color:#279FF5""><b>der</b></span> Familienname, -n",Mein Familienname ist González. [sound:gtts-s1-ca77faa2-f46ba7e9-413a1b30-58e9d039-dc50269c.mp3],family name,My family name is González.,,,[sound:gtts-wort-9636dc45-7f2d2ade-eecf6a28-919ecae9-eb76f4a1.mp3],NOUN
84887000287,"<b>erkältet sein</b>, <span style=""color:#0DA6FF"">war erkältet</span>, <span style=""color:#FF1D23"">ist</span> <span style=""color:#FFFB3D"">erkältet gewesen</span>",Lisa ist erkältet. Sie kann heute nicht zur Schule gehen. [sound:gtts-s1-a68d1b8c-eaf73ef5-6889d0d6-65a9ee9c-212242e5.mp3],to have a cold,Lisa's got a cold. She can not go to school today.,,,[sound:gtts-wort-5c68bb2e-7c317647-59d06970-25511a27-d968c218.mp3],VERB
84887000288,fantastisch,"Das Buch ist fantastisch. Du musst es unbedingt lesen!<br><hr class=""sent-sep""><br>Dein neues Kleid sieht fantastisch aus! [sound:gtts-s1-c7b2537b-db7bec8f-e79f24d4-02933231-6f6b84a3.mp3]",fantastic,"The book is fantastic. You must read it!<br><hr class=""sent-sep""><br>Your new dress looks fantastic!",,,[sound:gtts-wort-9d8b8b62-bcadb88b-391da24a-8eae3433-09882ca1.mp3],ADJ
84887000289,"<span style=""color:#279FF5""><b>der</b></span> Fan, -s","Er ist ein großer Fußballfan.<br><hr class=""sent-sep""><br>Bella ist ein Fan von Rammstein. [sound:gtts-s1-7c22447c-54c8db0c-7428316a-9e0fb35e-6367a7ba.mp3]",fan,"He is a big football fan.<br><hr class=""sent-sep""><br>Bella is a fan of Rammstein.",,,[sound:gtts-wort-a3ad645e-1d007184-04179ca6-cc5d9a25-70d54e0a.mp3],NOUN
84887000290,"<b>erklären</b>, <span style=""color:#0DA6FF"">erklärte</span>, hat <span style=""color:#FFFB3D"">erklärt</span>",Ich verstehe das nicht. Kannst du mir das erklären? [sound:gtts-s1-f7cbdda0-87f24e4a-09e407c2-2f8e433c-fc7b5ed3.mp3],to explain,I do not understand that. Can you explain that to me?,,,[sound:gtts-wort-104bc37a-00238306-d1b54388-ee6938ac-c392ad2a.mp3],VERB
84887000291,"<span style=""color:#F5279F""><b>die</b></span> Farbe, -n","Die Farbe gefällt mir gut.<br><hr class=""sent-sep""><br>Was ist deine Lieblingsfarbe? [sound:gtts-s1-c371fa1f-c9c1b01a-931ef686-9ca0f7ed-4589e67e.mp3]",Colour,"I like the color.<br><hr class=""sent-sep""><br>What is your favorite color?",,,[sound:gtts-wort-67b95c92-5c17ae90-d6c81bf4-a0ea1ca8-fcb6412e.mp3],NOUN
84887000292,"<b>erlauben</b>, <span style=""color:#0DA6FF"">erlaubte</span>, hat <span style=""color:#FFFB3D"">erlaubt</span>",Meine Kinder dürfen diesen Film sehen. Ich habe es ihnen erlaubt. [sound:gtts-s1-378bd5c9-314f105d-c4ef2c3a-1a58f0e3-1735e7ef.mp3],to allow,My children can watch this movie. I have allowed them.,,,[sound:gtts-wort-53621d40-8d5b6ef6-b6188106-b96b1211-763de65e.mp3],VERB
84887000293,"<b>erlaubt sein</b>, <span style=""color:#0DA6FF"">war erlaubt</span>, <span style=""color:#FF1D23"">ist</span> <span style=""color:#FFFB3D"">erlaubt gewesen</span>",Parken ist hier nicht erlaubt. [sound:gtts-s1-35d48fa7-2f0af4ef-d5fe5b91-8727aaf5-66aeaee9.mp3],to be allowed,Parking is not allowed here.,,,[sound:gtts-wort-c5918250-368301ee-1951eac6-4e4d99ac-6287cbad.mp3],VERB
84887000294,"<span style=""color:#F5279F""><b>die</b></span> Erlaubnis, (Sg.)",Haben Sie eine Arbeitserlaubnis? [sound:gtts-s1-bafddbca-2149aafd-af410a8a-2dde07a5-98fbde22.mp3],permission,Do you have a work permit?,,,[sound:gtts-wort-4332916a-de0bdf78-64062b95-53421a2f-be50e15f.mp3],NOUN
84887000295,fast,"Der Film ist fast zu Ende.<br><hr class=""sent-sep""><br>Ich habe fast alles verstanden. [sound:gtts-s1-34e53513-4493bd0b-f53c1516-0912c60d-e84d8daf.mp3]",nearly,"The film is nearly over.<br><hr class=""sent-sep""><br>I understood almost everything.",,,[sound:gtts-wort-09a68065-59bb24c6-216d8022-33261724-03baf936.mp3],ADV
84887000296,faul,Heute sind wir faul: Wir machen keine Hausaufgaben und arbeiten nicht. [sound:gtts-s1-f5a8e553-56701d66-b8a7484a-e25bbd7e-47c12239.mp3],lazy,Today we are lazy: we do not do homework and do not work.,,,[sound:gtts-wort-cc3c7fa0-fa44f02b-68c7d96f-b5ee46ba-7f83fd35.mp3],ADJ
84887000297,"<b>fehlen</b>, <span style=""color:#0DA6FF"">fehlte</span>, hat <span style=""color:#FFFB3D"">gefehlt</span>","Herr Müller ist nicht da, er fehlt schon seit drei Tagen.<br><hr class=""sent-sep""><br>Was fehlt Ihnen? [sound:gtts-s1-8a670917-e772be09-0dadf4ef-521ae425-d5dab034.mp3]",to be absence / to be missing,"Herr Müller is not there, he has been missing for three days.<br><hr class=""sent-sep""><br>What is missing?",,,[sound:gtts-wort-48251182-71dd4c41-f75ca0a8-73816907-72d4a69f.mp3],VERB
84887000298,"<span style=""color:#F5279F""><b>die</b></span> Ermäßigung, -en","Für Schüler, Studenten und Rentner gibt es eine Ermäßigung. [sound:gtts-s1-0f14b65d-16c7f930-32b02dc4-9f296071-1bfb4e35.mp3]",discount,"There is a discount for pupils, students and pensioners.",,,[sound:gtts-wort-f41dbc83-ac4bb89e-5bbe65ac-3a88d97c-10bd5ccf.mp3],NOUN
84887000299,"<b>erreichen</b>, <span style=""color:#0DA6FF"">erreichte</span>, hat <span style=""color:#FFFB3D"">erreicht</span>","Wenn wir uns beeilen, erreichen wir noch den Zug um acht Uhr.<br><hr class=""sent-sep""><br>Bis 18 Uhr können Sie mich im Büro erreichen. [sound:gtts-s1-6d85fefd-407045e9-ef677561-bd09f8bc-d1519898.mp3]",to reach,"If we hurry, we reach the train at eight o'clock.<br><hr class=""sent-sep""><br>You can reach me at the office by 6 pm.",,,[sound:gtts-wort-00cc9634-32b31df6-424b3df2-8d767500-d5a80b34.mp3],VERB
84887000300,"<span style=""color:#279FF5""><b>der</b></span> Fehler, -",Diesen Fehler mache ich immer wieder. [sound:gtts-s1-af88cb8b-1766e633-fdc5aa2e-d7d05e6a-956abdeb.mp3],error,I make this mistake again and again.,,,[sound:gtts-wort-5fffa434-61d53fde-4fa4319b-afd7876f-55b23887.mp3],NOUN
84887000301,"<span style=""color:#F5279F""><b>die</b></span> Feier, -n",Die Feier war sehr schön. [sound:gtts-s1-cba89e61-aca7e3e2-e9236b40-b37e736f-65f3bfa8.mp3],celebration,The celebration was very nice.,,,[sound:gtts-wort-50ad1b14-0cb5e8f6-8f4e4979-2dd389b9-e4130462.mp3],NOUN
84887000302,"<span style=""color:#279FF5""><b>der</b></span> Feierabend, -e",Wann hast du Feierabend? [sound:gtts-s1-832ce40b-5942a8c1-30c99998-0aaebf42-b588fac5.mp3],end of working day,When do you have a party,,,[sound:gtts-wort-7e6a64c1-4e35cf18-11fa9e64-9c4d898d-886cec52.mp3],NOUN
84887000303,"<span style=""color:#279FF5""><b>der</b></span> Feiertag, -e",Am ersten Mai ist ein Feiertag. [sound:gtts-s1-20a23b44-ce7e4422-f6e3e0a5-17c76f08-6abccc64.mp3],holiday,On the first of May is a holiday.,,,[sound:gtts-wort-5f6b1c2a-b3a9557b-46f49eaf-c865c7f5-769cb925.mp3],NOUN
84887000304,"<b>feiern</b>, <span style=""color:#0DA6FF"">feierte</span>, hat <span style=""color:#FFFB3D"">gefeiert</span>",Wir feiern heute meinen Geburtstag. [sound:gtts-s1-4f554f69-65e6430e-698e16d7-9a5e006f-493dc978.mp3],to celebrate,We are celebrating my birthday today.,,,[sound:gtts-wort-34f9d390-a8826e5c-4eda2cd0-38d04b1b-1552694a.mp3],VERB
84887000305,erst,"Wir können erst morgen kommen.<br><hr class=""sent-sep""><br>Dina ist keine 18, sie ist erst 16 Jahre alt. [sound:gtts-s1-69c54951-5a0875be-8cf0d752-c319eecd-dcff9344.mp3]",first,"We can not come until tomorrow.<br><hr class=""sent-sep""><br>Dina is not 18, she is only 16 years old.",,,[sound:gtts-wort-94027e5c-7095c444-d67d4a9f-989d4b69-8bb29d67.mp3],ADV
84887000306,"<span style=""color:#279FF5""><b>der</b></span> Erwachsene, -n","Erwachsene zahlen zehn Euro, für Kinder ist der Eintritt frei.<br><hr class=""sent-sep""><br>Dieser Film ist nur für Erwachsene. [sound:gtts-s1-ed8b461e-65798e85-65eda4e1-2ed16d39-26b3510c.mp3]",adult,"Adults pay ten euros, for children admission is free.<br><hr class=""sent-sep""><br>This movie is only for adults.",,,[sound:gtts-wort-0abe7bd6-be20e529-4c9b8b24-f4ccadbf-0dddb4bc.mp3],NOUN
84887000307,"<span style=""color:#9FF527""><b>das</b></span> Fenster, -",Kannst du bitte das Fenster öffnen? [sound:gtts-s1-724d8a77-fd77cf7f-6c44c27f-1b2097f9-d9c2d9f1.mp3],window,Can you please open the window?,,,[sound:gtts-wort-81cbabf0-ba8d4a34-56da8c90-200cc956-46963f11.mp3],NOUN
84887000308,"<span style=""color:#F5279F""><b>die</b></span> Ferien, (Pl.)","Bald haben wir Ferien.<br><hr class=""sent-sep""><br>Fährst du in den Ferien weg oder bleibst du zu Hause? [sound:gtts-s1-6b8160ba-7b60646c-6fa59ab0-0a922ebf-b0a162f8.mp3]",vacation,"Soon we will have holidays.<br><hr class=""sent-sep""><br>Do you leave during the holidays or do you stay at home?",,,[sound:gtts-wort-424d7127-6be10f2e-660660ad-dbc54dad-5d83e7c3.mp3],NOUN
84887000309,"<b>erzählen</b>, <span style=""color:#0DA6FF"">erzählte</span>, hat <span style=""color:#FFFB3D"">erzählt</span>","Wir müssen euch etwas erzählen!<br><hr class=""sent-sep""><br>Erzählst du mir eine Geschichte? [sound:gtts-s1-d7b61251-a321b6e2-3888aac5-ff9f631c-1da2f5b8.mp3]",to tell,"We must tell you something!<br><hr class=""sent-sep""><br>Do you tell me a story?",,,[sound:gtts-wort-dd8ba921-ea66a0d8-86d4082a-f8ab6f74-3092d77d.mp3],VERB
84887000310,"<b>fernsehen</b>, <span style=""color:#0DA6FF"">sah fern</span>, hat <span style=""color:#FFFB3D"">ferngesehen</span>",Lass uns heute Abend mal fernsehen. [sound:gtts-s1-64728ed9-b140eb13-0462f66c-5244f828-ff99cf8f.mp3],to watch TV,Let's watch TV tonight.,,,[sound:gtts-wort-b07ac15e-ce7b1ffa-8be2d156-48bac53c-0e53c4e0.mp3],VERB
84887000311,"<b>essen</b>, <span style=""color:#0DA6FF"">aß</span>, hat <span style=""color:#FFFB3D"">gegessen</span>",Was gibt es zu essen? [sound:gtts-s1-a197c4eb-56deefe0-b76bcd6c-32dfd573-343fcca1.mp3],to eat,What is there to eat?,,,[sound:gtts-wort-db9749c1-c81194fa-066f3686-a735910e-fe7854fd.mp3],VERB
84887000312,"<span style=""color:#9FF527""><b>das</b></span> Essen, -","Das Essen in der Cafeteria ist meistens ganz gut.<br><hr class=""sent-sep""><br>Darf ich Sie zum Essen einladen?<br><hr class=""sent-sep""><br>Das Essen ist gleich fertig. Kommst du? [sound:gtts-s1-b3ce98b7-37987ba9-9d304e0c-b44a4470-76705425.mp3]",food / meal,"The food in the cafeteria is mostly quite good.<br><hr class=""sent-sep""><br>May I invite you to dinner?<br><hr class=""sent-sep""><br>The food is almost ready. Are you coming?",,,[sound:gtts-wort-21b3813a-e9d3f7a3-24e188d1-c4253a6a-979f1401.mp3],NOUN
84887000313,"<span style=""color:#279FF5""><b>der</b></span> Fernseher, -",Der Fernseher ist kaputt. [sound:gtts-s1-3c13614c-b3c15fcb-43352d59-02c6a0b9-b11d1eca.mp3],TV,The tv is broken.,,,[sound:gtts-wort-1c96b8e7-e65597a0-654d4c52-b88962a9-5f463943.mp3],NOUN
84887000314,etwas,"Ich muss dir etwas erzählen!<br><hr class=""sent-sep""><br>Haben Sie etwas zum Schreiben?<br><hr class=""sent-sep""><br>Ich habe leider nur Tee. Etwas anderes kann ich dir leider nicht anbieten. [sound:gtts-s1-9af156b2-28a54554-b1b9c048-41592805-8c2a4e73.mp3]",something,"I have to tell you something!<br><hr class=""sent-sep""><br>Do you have anything to write?<br><hr class=""sent-sep""><br>I have unfortunately only tea. I can not offer you anything else.",,,[sound:gtts-wort-92841917-01fde09b-a2c47db3-842544ae-a93db6e3.mp3],PRON
84887000315,"<b>fertig sein</b>, <span style=""color:#0DA6FF"">war fertig</span>, <span style=""color:#FF1D23"">ist</span> <span style=""color:#FFFB3D"">fertig gewesen</span>",Wir müssen gleich gehen. Bist du fertig? [sound:gtts-s1-962c42b0-787a8c8b-70e901ce-9f5eb193-7d698ea2.mp3],to bei done (doing sth.),We must go at once. Are you ready?,,,[sound:gtts-wort-a2c4e738-27f3158f-067eb094-775082b5-54f37631.mp3],VERB
84887000316,"<span style=""color:#9FF527""><b>das</b></span> Fest, -e","Am Wochenende feiern wir ein Fest. Meine Tochter hat Geburtstag.<br><hr class=""sent-sep""><br>Frohes Fest! [sound:gtts-s1-0ff4c338-61886a33-54454e4c-bb2afdb1-b1001c12.mp3]",celebration / feast / party,"On the weekend we celebrate a party. My daughter's birthday.<br><hr class=""sent-sep""><br>Happy Holiday!",,,[sound:gtts-wort-afe0199c-c7fb2388-8e9031c3-8427cd61-7ff64ffa.mp3],NOUN
84887000317,"<span style=""color:#9FF527""><b>das</b></span> Fach, ""-er",Welches Fach magst du in der Schule am liebsten? [sound:gtts-s1-a1a332f4-7537b7e3-e145f391-2916faeb-277af9bc.mp3],subject,What is your favorite subject in school?,,,[sound:gtts-wort-cf19116c-1f57c691-13dca4c5-0d7f28e8-c32ddf0b.mp3],NOUN
84887000318,"<b>fahren</b>, <span style=""color:#0DA6FF"">fuhr</span>, <span style=""color:#FF1D23"">ist</span> <span style=""color:#FFFB3D"">gefahren</span>",Ich fahre mit dem Auto zur Arbeit. [sound:gtts-s1-cf4b31cf-b301a209-0cb5566f-cdcb6da4-d233ad68.mp3],to drive,I drive to work by car.,,,[sound:gtts-wort-4cd54fc8-2c727e11-c015ca04-83f4f420-35d2c7fc.mp3],VERB
84887000319,"<b>abfahren</b>, <span style=""color:#0DA6FF"">fuhr ab</span>, <span style=""color:#FF1D23"">ist</span> <span style=""color:#FFFB3D"">abgefahren</span>",Achtung an Gleis 17! Der Zug München nach Paris fährt jetzt ab. [sound:gtts-s1-5a390fef-16cb4a6f-18794a4a-93429abf-67f2acd0.mp3],depart,Beware of track 17! The train from Munich to Paris is now leaving.,,,[sound:gtts-wort-257eebca-56e94dd5-fc0c8269-c983713a-8d29f456.mp3],VERB
84887000320,"<span style=""color:#F5279F""><b>die</b></span> Abfahrt, -en",Wir haben noch zwanzig Minuten bis zur Abfahrt. [sound:gtts-s1-d2be3242-4e19f3c8-d33c2b35-2f2d847e-57ed4375.mp3],Departure,We still have twenty minutes to go.,,,[sound:gtts-wort-a941e22e-e5b345ae-06346f50-f553b45f-b566361a.mp3],NOUN
84887000321,"<span style=""color:#F5279F""><b>die</b></span> Fahrkarte, -n","Hast du schon eine Fahrkarte?<br><hr class=""sent-sep""><br>Ihre Fahrkarten, bitte! [sound:gtts-s1-e343598e-312e9d6a-08b662fc-6571118d-cb5f2d56.mp3]",ticket,"Do you already have a ticket?<br><hr class=""sent-sep""><br>Your tickets, please!",,,[sound:gtts-wort-60a9c12d-79ced6bd-0ab97b15-40be5128-1930cbea.mp3],NOUN
84887000322,"<span style=""color:#9FF527""><b>das</b></span> Festival, -s",Am Wochenende ist in der Stadt ein Musik-Festival. [sound:gtts-s1-f4899aa7-189c408c-181d1ac5-b2a464ad-812a05af.mp3],festival,At the weekend is a music festival in the city.,,,[sound:gtts-wort-3ffccaab-1a9596b3-f5752a67-65854b8c-d028c87b.mp3],NOUN
84887000323,fett,Die Wurst ist mir zu fett. [sound:gtts-s1-1c2b8b9c-9d601860-712885c5-55bfa7cb-1736ee4c.mp3],fat,The sausage is too fat for me.,,,[sound:gtts-wort-f8b6487a-eb49375e-46a3c3a3-2ce6b02e-036e5a04.mp3],ADJ
84887000324,"<span style=""color:#9FF527""><b>das</b></span> Fieber, (Sg.)",Sie hat hohes Fieber. [sound:gtts-s1-03a94b5d-723d1642-cfa90500-d4f96377-96fa7f51.mp3],fever,She has high fever.,,,[sound:gtts-wort-b453e08e-a6a66507-6ce41743-d8d07551-35ebbbcf.mp3],NOUN
84887000325,"<span style=""color:#279FF5""><b>der</b></span> Film, -e",Ich möchte gern diesen Film sehen. [sound:gtts-s1-96df9cce-959eb8dc-c083ceaf-4706aa40-0ae5b1db.mp3],movie,I'd like to see this movie.,,,[sound:gtts-wort-e66c732a-ec98c96b-5523bd92-f9c94a90-d43283ee.mp3],NOUN
84887000326,"<b>finden</b>, <span style=""color:#0DA6FF"">fand</span>, hat <span style=""color:#FFFB3D"">gefunden</span>","Wir müssen den Schlüssel finden.<br><hr class=""sent-sep""><br>Ich finde es nicht gut, dass du so viel arbeitest.<br><hr class=""sent-sep""><br>Ich finde ihn sehr nett. [sound:gtts-s1-d08f3911-6fc3631e-5d809686-4b8cd077-5f86e596.mp3]",to find,"We must find the key.<br><hr class=""sent-sep""><br>I do not like you to work so much.<br><hr class=""sent-sep""><br>I find him very nice.",,,[sound:gtts-wort-59837216-60d802ef-627317ab-44d0a87c-783bdc38.mp3],VERB
84887000327,"<span style=""color:#279FF5""><b>der</b></span> Fahrplan, ""-e",Ist das der neue Fahrplan? [sound:gtts-s1-bba630e4-6be99593-a2e6cb1b-a892d65e-ef6bc45f.mp3],timetable,Is this the new roadmap?,,,[sound:gtts-wort-5b81776f-5bc3ae4c-096c470b-ea065d01-41aef69d.mp3],NOUN
84887000328,"<span style=""color:#F5279F""><b>die</b></span> Firma, -en",Er arbeitet jetzt bei einer anderen Firma. [sound:gtts-s1-53d7e5e7-a81e2904-dc34db30-fbb5f35d-c9776c58.mp3],company,He is now working for another company.,,,[sound:gtts-wort-7d0388e7-a77f5ce0-5461f73f-e3d477a8-3ff09571.mp3],NOUN
84887000329,"<b>fallen</b>, <span style=""color:#0DA6FF"">fiel</span>, <span style=""color:#FF1D23"">ist</span> <span style=""color:#FFFB3D"">gefallen</span>","Pass auf, das Glas fällt gleich vom Tisch. [sound:gtts-s1-015defd4-242f4b5d-0134c5f6-37c70d65-768d5663.mp3]",to fall,"Watch, the glass falls off the table.",,,[sound:gtts-wort-b64e94b2-f8f5945c-35986df9-ca33e8d6-16d5be03.mp3],VERB
84887000330,"<span style=""color:#9FF527""><b>das</b></span> Fahrrad, ""-er","Wenn es nicht regnet, fahre ich mit dem Fahrrad. [sound:gtts-s1-add83b26-0f127aff-e90c5d67-dbea4c3e-18b3f089.mp3]",bicycle,"If it is not raining, I will go by bicycle.",,,[sound:gtts-wort-21fffc83-86e3db50-04917c7d-dac73d99-00181bfe.mp3],NOUN
84887000331,"<span style=""color:#279FF5""><b>der</b></span> Fisch, -e",Fisch mag ich lieber als Fleisch. [sound:gtts-s1-e4d502d8-bee3044e-a617581d-22edcbb9-d49bbf49.mp3],fish,I like fish rather than meat.,,,[sound:gtts-wort-1399e5a4-8283e835-d9dce9d0-4142078d-33650f5c.mp3],NOUN
84887000332,"<b>fit sein</b>, <span style=""color:#0DA6FF"">war fit</span>, <span style=""color:#FF1D23"">ist</span> <span style=""color:#FFFB3D"">fit gewesen</span>",Tom will fit sein. Er geht jeden Tag ins Fitness-studio. [sound:gtts-s1-20ced913-ec0388e2-c9aa3dd1-29f0bbb4-2e196f04.mp3],to be fit,Tom wants to be fit. He goes to the fitness studio every day.,,,[sound:gtts-wort-7372dd02-0763bb00-052b113d-3b8d93c1-043bc42b.mp3],VERB
84887000333,"<span style=""color:#F5279F""><b>die</b></span> Flasche, -n","Eine Flasche Mineralwasser, bitte! [sound:gtts-s1-fc4a7bf1-cb7bd862-5358df85-21ea634c-8579e8ea.mp3]",bottle,"A bottle of mineral water, please!",,,[sound:gtts-wort-a7a4fd5c-6f24c92f-7c32ffa7-2fa9e54c-e1c4b54c.mp3],NOUN
84887000334,"<span style=""color:#9FF527""><b>das</b></span> Fleisch, (Sg.)",Fleisch mag ich nicht. [sound:gtts-s1-53b016f0-22d50f70-4593fa84-62deaa77-d414f0e8.mp3],meat,I do not like meat.,,,[sound:gtts-wort-cfcce565-f7e6ca70-11ae49ee-04f8163e-a95b93d2.mp3],NOUN
84887000335,fleißig,Ibrahim ist sehr fleißig. Er macht immer seine Hausaufgaben. [sound:gtts-s1-48c93d86-8d9cc375-22bb0109-33081ad3-315f611d.mp3],diligent / busy / hard-working,Ibrahim is very hardworking. He always does his homework.,,,[sound:gtts-wort-11fe7a58-3c73b4f5-9f443a81-a5dae7c9-29ecc24e.mp3],ADJ
84887000336,früher,"Früher habe ich in Berlin gewohnt.<br><hr class=""sent-sep""><br>Wir nehmen den früheren Zug. [sound:gtts-s1-df37ff97-ef1c9d13-524ae9c6-6fefad2b-efb96a54.mp3]",earlier,"I used to live in Berlin.<br><hr class=""sent-sep""><br>We take the previous train.",,,[sound:gtts-wort-a75f7027-b8ee6781-d8ec8095-0807e905-0886f661.mp3],ADV
84887000337,"<span style=""color:#9FF527""><b>das</b></span> Frühstück, (Sg.)",Möchtest du ein Ei zum Frühstück? [sound:gtts-s1-3edf80c9-831551d5-2aa9e022-d83955b1-3e8eed02.mp3],breakfast,Would you like an egg for breakfast?,,,[sound:gtts-wort-3988b342-fa86f2c7-3ceb1efc-46d44d0a-23cbaf06.mp3],NOUN
84887000338,"<b>frühstücken</b>, <span style=""color:#0DA6FF"">frühstückte</span>, hat <span style=""color:#FFFB3D"">gefrühstückt</span>",Ich frühstücke immer um 9:00 Uhr. [sound:gtts-s1-dcb15d0c-0eec4d5d-a923026f-ba4e1046-a115881f.mp3],to have breakfast,I always breakfast at 9:00.,,,[sound:gtts-wort-81fdae78-e89028f5-66dcd65a-be8be1e9-2d787d0a.mp3],VERB
84887000339,"<b>fliegen</b>, <span style=""color:#0DA6FF"">flog</span>, <span style=""color:#FF1D23"">ist</span> <span style=""color:#FFFB3D"">geflogen</span>","Ich fliege nicht gern, ich fahre lieber mit dem Zug.<br><hr class=""sent-sep""><br>Ich fliege in den Ferien nach Spanien. [sound:gtts-s1-15de2d6c-848aaa28-69d011ae-84e0dbf2-2ccdd459.mp3]",fly,"I do not like flying, I prefer to go by train.<br><hr class=""sent-sep""><br>I fly to Spain during the holidays.",,,[sound:gtts-wort-15bfdf22-dd41a096-4100e6dd-6de69904-e0d4f34d.mp3],VERB
84887000340,"<b>abfliegen</b>, <span style=""color:#0DA6FF"">flog ab</span>, <span style=""color:#FF1D23"">ist</span> <span style=""color:#FFFB3D"">abgeflogen</span>",Wann fliegst du ab? [sound:gtts-s1-e18461bc-4b8293a6-01d90f01-83f75eee-ff2e3b20.mp3],depart,When are you leaving?,,,[sound:gtts-wort-052c1c1c-4d618b15-2391aa0c-ae127996-9b56326c.mp3],VERB
84887000341,"<b>sich fühlen</b>, <span style=""color:#0DA6FF"">fühlte</span>, hat <span style=""color:#FFFB3D"">gefühlt</span>","Wie fühlen Sie sich?<br><hr class=""sent-sep""><br>Ich fühle mich heute nicht gut. [sound:gtts-s1-12baebdc-b10e47b0-cf967579-83d95412-295b394e.mp3]",to feel,"How do you feel?<br><hr class=""sent-sep""><br>I do not feel good today.",,,[sound:gtts-wort-91bbdcbc-baf79e5e-4270c671-4a6d9291-2b39b77b.mp3],VERB
84887000342,"<span style=""color:#279FF5""><b>der</b></span> Flohmarkt, ""-e","Ich gehe gern auf den Flohmarkt.<br><hr class=""sent-sep""><br>Diesen Hut habe ich auf dem Flohmarkt gekauft. [sound:gtts-s1-12b2fb82-091f7158-5181559a-d51838ae-1bdbd0f7.mp3]",flea market,"I like to go to the flea market.<br><hr class=""sent-sep""><br>I bought this hat at the flea market.",,,[sound:gtts-wort-8fee9b86-59d37688-67884a21-fa93e4c3-6e509da0.mp3],NOUN
84887000343,"<span style=""color:#279FF5""><b>der</b></span> Führerschein, -e","Hast du den Führerschein?<br><hr class=""sent-sep""><br>Sie hat die Führerscheinprüfung bestanden. [sound:gtts-s1-febb5525-842eacff-43532147-bc0fdd0b-64266993.mp3]",driver's license,"Do you have a driving license?<br><hr class=""sent-sep""><br>She passed the driving test.",,,[sound:gtts-wort-522aa697-2a50de02-ed1a61e6-1efa68de-3a51d73b.mp3],NOUN
84887000344,"<span style=""color:#279FF5""><b>der</b></span> Flug, ""-e","Ich möchte einen Flug nach Kanada buchen.<br><hr class=""sent-sep""><br>Der Flug LH123 von München nach Frankfurt ist um 21:00 Uhr. [sound:gtts-s1-ab8eb8b8-81940568-ea86887e-a5bcffd9-54fff4be.mp3]",flight,"I would like to book a flight to Canada.<br><hr class=""sent-sep""><br>The flight LH123 from Munich to Frankfurt is at 21:00.",,,[sound:gtts-wort-822192bc-6d217fbb-3ca25fcb-24496d0b-4aa86ec3.mp3],NOUN
84887000345,"<span style=""color:#F5279F""><b>die</b></span> Führung, -en",Die nächste Führung beginnt um 15 Uhr. [sound:gtts-s1-9d156a41-67ecb4d1-f0e5abd3-c1382668-ef071a39.mp3],guidance / leadership / conducted tour,The next guided tour starts at 3 pm.,,,[sound:gtts-wort-b6e8ae32-2359fc5a-cff44d2e-cc8073f8-24347596.mp3],NOUN
84887000346,"<span style=""color:#F5279F""><b>die</b></span> Fundsachen, (Pl.)",Haben Sie meinen Schirm gefunden? - Sie können dort bei den Fundsachen schauen. [sound:gtts-s1-6c54ce7e-977ec651-40940b25-a4e70229-a1874368.mp3],Lost property,Did you find my screen? - You can look at the objects there.,,,[sound:gtts-wort-0fd79759-ae9285d4-f014b3c4-3e1ea44c-28d5925a.mp3],NOUN
84887000347,"<span style=""color:#279FF5""><b>der</b></span> Flughafen, """,Kannst du mich zum Flughafen bringen? [sound:gtts-s1-7a76eb01-58060d79-ab9f7df2-417b3efe-daf86c2e.mp3],airport,Can you take me to the airport?,,,[sound:gtts-wort-0633fe7c-38e9b4d0-2838c983-82997dcc-d4b65cbc.mp3],NOUN
84887000348,"<span style=""color:#9FF527""><b>das</b></span> Flugzeug, -e","Das Flugzeug aus Berlin hat Verspätung.<br><hr class=""sent-sep""><br>Das Flugzeug startet in einer halben Stunde. Wir müssen uns beeilen. [sound:gtts-s1-65e56545-0e45341f-f43c200e-cd87bbd4-551231e2.mp3]",plane,"The plane from Berlin is late.<br><hr class=""sent-sep""><br>The plane starts in half an hour. We are in a hurry.",,,[sound:gtts-wort-1d5868e3-aa8f06ba-659f3431-8cf81fa3-16176bc6.mp3],NOUN
84887000349,für,"Das Paket ist für Sie.<br><hr class=""sent-sep""><br>Das ist der Schlüssel für die Haustür.<br><hr class=""sent-sep""><br>Gibt es hier einen Sportverein für Jugendliche? [sound:gtts-s1-3b316e58-474f2613-c36438f9-5025e4a0-0c162ae5.mp3]",for,"The package is for you.<br><hr class=""sent-sep""><br>This is the key to the front door.<br><hr class=""sent-sep""><br>Is there a sports club for young people?",,,[sound:gtts-wort-03247e65-2e208eeb-4920311c-35c35583-9a32a09c.mp3],ADV
84887000350,"<span style=""color:#279FF5""><b>der</b></span> Fluss, ""-e",Der Rhein ist ein großer Fluss. [sound:gtts-s1-b2a24b29-0a815b03-b320465d-41712461-0521db15.mp3],river,The Rhine is a great river.,,,[sound:gtts-wort-1a768224-f1993466-3902f59c-9661b50a-f29b393e.mp3],NOUN
84887000351,furchtbar,"Er hat furchtbare Schmerzen.<br><hr class=""sent-sep""><br>Die Hose sieht ja furchtbar aus. So kannst du nicht zur Arbeit gehen! [sound:gtts-s1-6f59304f-01fc9e9b-762e868b-17dbfd3c-4ea9eb18.mp3]",awful,"He has terrible pain.<br><hr class=""sent-sep""><br>The pants look terrible. So you can not go to work!",,,[sound:gtts-wort-8acf7389-2876495d-619fbb55-6c750869-72ac6e94.mp3],ADJ
84887000352,"<span style=""color:#9FF527""><b>das</b></span> Formular, -e",Sie müssen dieses Formular ausfüllen. [sound:gtts-s1-a2710cf5-1516638b-a328204e-68e31ef5-9e2a27e2.mp3],form,You must complete this form.,,,[sound:gtts-wort-e34cc32b-cd2fe3a0-9eb690a7-0e7ca8a9-0c61c838.mp3],NOUN
84887000353,"<span style=""color:#279FF5""><b>der</b></span> Fotoapparat, -e",Ich möchte mir einen Fotoapparat kaufen. [sound:gtts-s1-60869d5a-cf8c358e-abd90ce4-c409fe1c-3dca566d.mp3],camera,I want to buy a camera.,,,[sound:gtts-wort-4938c6a0-1748388f-2f485608-3eca5461-ffa60206.mp3],NOUN
84887000354,"<b>fotografieren</b>, <span style=""color:#0DA6FF"">fotografierte</span>, hat <span style=""color:#FFFB3D"">fotografiert</span>",Ich fotografiere gern. [sound:gtts-s1-8ba1b906-ea93577c-100053cc-5ad7afc0-ec18f0c1.mp3],to take photos,I like to take pictures.,,,[sound:gtts-wort-0ba3b152-b4a33da5-7aa2f135-1215f59b-4107045f.mp3],VERB
84887000355,"<span style=""color:#279FF5""><b>der</b></span> Fuß, ""-e","Der linke Fuß tut mir weh.<br><hr class=""sent-sep""><br>Gehen Sie zu Fuß zur Arbeit? [sound:gtts-s1-8c8c56bc-371db0f0-703b175a-0e1f4a38-aa04d232.mp3]",foot,"The left foot hurts.<br><hr class=""sent-sep""><br>Are you walking to work?",,,[sound:gtts-wort-f26def6e-e7acedcd-9e1b6bb6-764d6407-141c88eb.mp3],NOUN
84887000356,"<span style=""color:#279FF5""><b>der</b></span> Fußball, ""-e",Spielt ihr gern Fußball? [sound:gtts-s1-0581d35d-43ebf511-e8d78d86-c5692f6c-c0182d6f.mp3],soccer,Do you like football?,,,[sound:gtts-wort-02ffa021-c73e204c-2abfd93d-7d76a715-d05ed16c.mp3],NOUN
84887000357,"<span style=""color:#9FF527""><b>das</b></span> Foto, -s",Darf ich ein Foto machen? [sound:gtts-s1-dfe830b8-7adab9c3-e37d354f-1fbea8f7-ece5b50c.mp3],photo,May I take a photo?,,,[sound:gtts-wort-fe78b435-d8a86ae9-61cd5e7d-22d01eea-69d3246d.mp3],NOUN
84887000358,"<span style=""color:#F5279F""><b>die</b></span> Frage, -n",Ich habe eine Frage. [sound:gtts-s1-f219fce2-99bc45db-57dc1764-fb1c4791-74a45191.mp3],question,I have a question.,,,[sound:gtts-wort-0a0a56af-7b9a6558-22641b8f-b5ecd510-1e27b2ac.mp3],NOUN
84887000359,"<b>fragen</b>, <span style=""color:#0DA6FF"">fragte</span>, hat <span style=""color:#FFFB3D"">gefragt</span>","Er fragt, wann er kommen kann.<br><hr class=""sent-sep""><br>Ich möchte Sie etwas fragen. [sound:gtts-s1-733d2e78-cf2ed09d-88c472d5-1eca6ba6-a7934206.mp3]",to ask,"He asks when he can come.<br><hr class=""sent-sep""><br>I want to ask you something.",,,[sound:gtts-wort-95670a26-f345b8d7-9bedd0a3-065906ae-670811a1.mp3],VERB
84887000360,"<span style=""color:#F5279F""><b>die</b></span> Frau, -en","Das ist Frau Becker.<br><hr class=""sent-sep""><br>Guten Tag, Frau Schmitt!<br><hr class=""sent-sep""><br>Hier arbeiten mehr Frauen als Männer. [sound:gtts-s1-8378f085-47452530-80d915fc-5b366e01-da72ecee.mp3]",Mrs,"This is Mrs. Becker.<br><hr class=""sent-sep""><br>Good morning, Frau Schmitt!<br><hr class=""sent-sep""><br>More women than men work here.",,,[sound:gtts-wort-5a67d817-936ce051-3521c19c-38d5d3a7-c608e80d.mp3],NOUN
84887000361,"<span style=""color:#F5279F""><b>die</b></span> Gabel, -n",Kann ich bitte eine Gabel haben? [sound:gtts-s1-fa788e5e-1ec83c91-9fd05b86-2fe86cd8-13681eb9.mp3],fork,Can I have a fork please?,,,[sound:gtts-wort-9948dbc2-20fd2c67-e1882439-faf7e106-3e4f0e85.mp3],NOUN
84887000362,ganz,"Oh nein! Was ist passiert? Ist deine Brille jetzt kaputt? - Nein, zum Glück ist sie noch ganz!<br><hr class=""sent-sep""><br>Ich bin ganz sicher, dass dein Termin am Montag ist.<br><hr class=""sent-sep""><br>Morgen haben wir den ganzen Tag Schule und meine Lehrerin Lara finde ich ganz nett.<br><hr class=""sent-sep""><br>Oh, ich habe meinen Zahnarzttermin ganz vergessen. [sound:gtts-s1-ff541044-230910f2-934a2e78-013de09d-f0b50837.mp3]",all / quite,"Oh no! What happened? Is your glasses now broken? - No, luckily it is still whole!<br><hr class=""sent-sep""><br>I'm sure your appointment is on Monday.<br><hr class=""sent-sep""><br>Tomorrow we have school all day and my teacher Lara I find quite nice.<br><hr class=""sent-sep""><br>Oh, I forgot my dentist's appointment.",,,[sound:gtts-wort-83dd7fe2-04134cfb-05caccee-970a8f08-877b1b3d.mp3],ADV
84887000363,frei,"Entschuldigung, ist dieser Platz noch frei?<br><hr class=""sent-sep""><br>Morgen haben wir frei.<br><hr class=""sent-sep""><br>Eintritt frei. [sound:gtts-s1-9fbad2c9-11d4ee3a-1de92bd6-d65c01b8-aedd2cdd.mp3]",free,"Excuse me, is this place still free?<br><hr class=""sent-sep""><br>Tomorrow we are free.<br><hr class=""sent-sep""><br>Admission free.",,,[sound:gtts-wort-35769639-f8f51bd7-77114760-08034b43-3945e7d5.mp3],ADJ
84887000364,freiwillig,Manchmal bleibe ich freiwillig länger im Büro. [sound:gtts-s1-4c4a5cd6-ffb103ae-167f0450-159cc052-62fdbd0d.mp3],voluntary,Sometimes I stay voluntarily longer in the office.,,,[sound:gtts-wort-80e53a39-6d8e9673-b5afc0dc-53f124f0-56fc2fd1.mp3],ADJ
84887000365,"<span style=""color:#F5279F""><b>die</b></span> Freizeit, (Sg.)",In meiner Freizeit spiele ich oft Fußball. [sound:gtts-s1-43048b4b-565509cc-cea695b5-26d673f9-f5e45af7.mp3],leisure,In my spare time I often play football.,,,[sound:gtts-wort-3ea3aeb6-eca465aa-21c669f5-0a40762e-5d08c562.mp3],NOUN
84887000366,fremd,"Das weiß ich nicht, ich bin fremd hier.<br><hr class=""sent-sep""><br>Ich reise gern in fremde Länder. [sound:gtts-s1-7ae30309-6ca4ddf8-08dd49c3-e3c8cc66-d011cc32.mp3]",strange,"I do not know, I'm a stranger here.<br><hr class=""sent-sep""><br>I like to travel to foreign countries.",,,[sound:gtts-wort-df8d8e3a-8498f35b-462a6ff7-78154981-2610567d.mp3],ADJ
84887000367,"<span style=""color:#F5279F""><b>die</b></span> Garage, -n",Hier ist eine Garage für dein Auto. [sound:gtts-s1-48d6140a-09bd0c15-4bbbdf0b-100038b7-8203d838.mp3],garage,Here is a garage for your car.,,,[sound:gtts-wort-e54672d7-373923c5-f07e39c3-6bcbceb8-8033cd74.mp3],NOUN
84887000368,"<span style=""color:#279FF5""><b>der</b></span> Garten, """,Wir haben leider keinen Garten. [sound:gtts-s1-c2bedbf2-fc6bf136-547e03cf-37cee76f-b4000dea.mp3],garden,We have unfortunately no garden.,,,[sound:gtts-wort-95bb4e93-3a4202f7-38de76f0-5d0e463a-6052c3f2.mp3],NOUN
84887000369,"<span style=""color:#279FF5""><b>der</b></span> Gast, ""-e",Heute Abend haben wir Gäste. [sound:gtts-s1-a0c5e422-6f63c50a-e17e90e1-42c4b229-9daa89f4.mp3],guest,Tonight we have guests.,,,[sound:gtts-wort-1a870db0-3c49b3dc-c4077ae7-29b32f32-d1c760d1.mp3],NOUN
84887000370,"<b>geben</b>, <span style=""color:#0DA6FF"">gab</span>, hat <span style=""color:#FFFB3D"">gegeben</span>","Kannst du mir mal deinen Stift geben?<br><hr class=""sent-sep""><br>Es gibt keine Karten mehr für das Konzert. [sound:gtts-s1-bbfae010-c57790c9-d2b37494-735f8539-4576f6c3.mp3]",to give,"Can you give me your pen once?<br><hr class=""sent-sep""><br>There are no more tickets for the concert.",,,[sound:gtts-wort-492d25ce-f35059cc-746ec81e-807a2470-cbbb9cf2.mp3],VERB
84887000371,"<b>sich freuen</b>, <span style=""color:#0DA6FF"">freute</span>, hat <span style=""color:#FFFB3D"">gefreut</span>","Zum Geburtstag habe ich ein interessantes Buch bekommen. Ich freue mich sehr über das Geschenk.<br><hr class=""sent-sep""><br>Die Kinder freuen sich schon auf die Ferien.<br><hr class=""sent-sep""><br>Ich freue mich, weil ich heute mit meinen Freunden Fußball spiele.<br><hr class=""sent-sep""><br>Das freut mich! [sound:gtts-s1-2dd6f26b-6e68eac9-c784a4e8-51697419-85aaf0dd.mp3]",to be glad / to rejoice,"For the birthday I got an interesting book. I am very happy about the gift.<br><hr class=""sent-sep""><br>The children are already looking forward to the holidays.<br><hr class=""sent-sep""><br>I'm looking forward to playing football with my friends today.<br><hr class=""sent-sep""><br>That pleases me!",,,[sound:gtts-wort-9cfc129e-69b7878a-d1b0222b-3d8f73f1-33cffea3.mp3],VERB
84887000372,geboren,"Ich bin in Zagreb geboren.<br><hr class=""sent-sep""><br>Wann und wo sind Sie geboren? [sound:gtts-s1-cabd93cc-dffafbf6-b7fe38e6-6c6bf726-b6d68cc5.mp3]",born,"I was born in Zagreb.<br><hr class=""sent-sep""><br>When and where were you born?",,,[sound:gtts-wort-82c61bb3-752f3ac2-586a21f6-8e84cc0e-d1e0d656.mp3],ADJ
84887000373,"<span style=""color:#279FF5""><b>der</b></span> Geburtstag, -e",Herzlichen Glückwunsch zum Geburtstag! [sound:gtts-s1-94e061d1-dcda8722-0b502ad2-8158c10e-d2b07776.mp3],birthday,Happy Birthday!,,,[sound:gtts-wort-72491bc7-67f58f22-4e73261d-61a1b760-4c835d3a.mp3],NOUN
84887000374,"<span style=""color:#279FF5""><b>der</b></span> Geburtsort, -e",Bitte tragen Sie Ihren Geburtsort noch ein. [sound:gtts-s1-b238f35f-566b0f84-b9897581-1d9cc9ea-5d25222b.mp3],place of birth,Please enter your place of birth.,,,[sound:gtts-wort-e5150d1b-943fae51-2d9d383e-8fff75d1-ea1e05bc.mp3],NOUN
84887000375,"<span style=""color:#9FF527""><b>das</b></span> Geburtsjahr, -e","Das Geburtsjahr Ihres Sohnes, bitte? [sound:gtts-s1-3c959899-5ff83e45-4f0210ae-ae9dcc6e-eac1b8a2.mp3]",year of birth,"Your son's birth year, please?",,,[sound:gtts-wort-6358b745-05a99933-59589fbc-70644704-54c98d03.mp3],NOUN
84887000376,"<span style=""color:#279FF5""><b>der</b></span> Freund, -e",Das ist ein Freund von mir. [sound:gtts-s1-625d1fcc-f31e9291-a7e8db5f-6da95d53-43a89a42.mp3],"friend, boyfriend",Thats a friend of mine.,,,[sound:gtts-wort-e606b450-99d18598-5183d41d-18af29ca-2c4eeb9d.mp3],NOUN
84887000377,"<span style=""color:#F5279F""><b>die</b></span> Freundin, -nen",Das ist meine Freundin Susanne. [sound:gtts-s1-43ae3f41-40859ce1-4a7fa6cf-f04d6575-f09f9f20.mp3],"female friend, girlfriend",This is my friend Susanne.,,,[sound:gtts-wort-13b879fd-c68a8d42-dcc77ecd-7775d92f-9c0bb725.mp3],NOUN
84887000378,geehrte,"Sehr geehrte Damen und Herren!<br><hr class=""sent-sep""><br>Sehr geehrter Herr Mustermann! [sound:gtts-s1-5a2e66df-7f845653-1858ac86-d9b51c6c-00c4b2b5.mp3]",Dear / honored,"Dear Ladies and Gentlemen!<br><hr class=""sent-sep""><br>Dear Mr. Mustermann!",,,[sound:gtts-wort-6df617ed-1032a76c-afd26957-ed764866-6ecd4675.mp3],ADJ
84887000379,freundlich,"Er ist immer sehr freundlich zu mir.<br><hr class=""sent-sep""><br>Mit freundlichen Grüßen [sound:gtts-s1-7ca1e58b-6016bcd3-c27a1d4d-9a0e4059-bffba006.mp3]",friendly,"He is always very friendly to me.<br><hr class=""sent-sep""><br>Best regards",,,[sound:gtts-wort-6c732771-ddc9af5f-ef4c9a87-b98709da-3151cb90.mp3],ADJ
84887000380,gefährlich,Du darfst nicht bei Rot über die Straße gehen. Das ist gefährlich. [sound:gtts-s1-133cf6bb-d2c14489-47647093-96f9e5cf-07f875bd.mp3],dangerous,You must not cross the street in red. This is dangerous.,,,[sound:gtts-wort-bd980353-9f09578f-67a2dc97-7526a2f9-7ff2504d.mp3],ADJ
84887000381,frisch,Das Brot ist noch ganz frisch. Ich habe es gerade gekauft. [sound:gtts-s1-8248e169-41e600ff-3cdc2431-7c28fcc9-d29d2ebf.mp3],fresh,The bread is still fresh. I just bought it.,,,[sound:gtts-wort-e5a61f24-a81b1504-d124ef51-2ddb010c-708e1214.mp3],ADJ
84887000382,"<b>gefallen</b>, <span style=""color:#0DA6FF"">gefiel</span>, hat <span style=""color:#FFFB3D"">gefallen</span>","Das Bild gefällt mir.<br><hr class=""sent-sep""><br>Wie gefällt es Ihnen in Berlin? [sound:gtts-s1-b633fd53-fd86abd8-896ea139-aa5d748a-fa58bc6a.mp3]",to like,"I like this picture.<br><hr class=""sent-sep""><br>How do you like it in Berlin?",,,[sound:gtts-wort-03ab4a91-0d3527a8-b8f3aaaf-f3596485-df85bb8f.mp3],VERB
84887000383,froh,"Ich bin froh, dass du kommen kannst.<br><hr class=""sent-sep""><br>Frohes Fest! [sound:gtts-s1-694574b1-4358b9d0-b48fe9c0-87408ecf-3d81ada0.mp3]",glad,"I'm glad you can come.<br><hr class=""sent-sep""><br>Happy Holiday!",,,[sound:gtts-wort-fa238597-0c20e1e1-90fb3c65-e578a225-769d65b1.mp3],ADJ
84887000384,früh,"Geht es auch später? Sechs Uhr ist mir zu früh.<br><hr class=""sent-sep""><br>Ich muss morgen sehr früh aufstehen. [sound:gtts-s1-a98e3d88-b951659f-4422813b-505866c8-0e867b92.mp3]",early,"Is it also later? Six o'clock is too early for me.<br><hr class=""sent-sep""><br>I have to get up very early tomorrow.",,,[sound:gtts-wort-1f1675fe-7aa984f5-37e744ec-216173d8-d585d53a.mp3],ADJ
84887000385,gegen,"Ich bin gegen diesen Vorschlag.<br><hr class=""sent-sep""><br>Fahr nicht gegen den Baum!<br><hr class=""sent-sep""><br>Wer spielt gegen wen? - Bayern gegen Dortmund.<br><hr class=""sent-sep""><br>Haben Sie etwas gegen Grippe? [sound:gtts-s1-62700047-46c576a4-0c0e5013-bdfe920e-19cf609b.mp3]",against,"I am against this proposal.<br><hr class=""sent-sep""><br>Do not drive against the tree!<br><hr class=""sent-sep""><br>Who plays against whom? - Bayern against Dortmund.<br><hr class=""sent-sep""><br>Do you have anything against flu?",,,[sound:gtts-wort-06449df2-d28b2d26-fe829bca-102c2e3f-de571293.mp3],ADV
84887000386,"<span style=""color:#9FF527""><b>das</b></span> Gegenteil, -e",Das Gegenteil von „klein“ ist „groß“. [sound:gtts-s1-8410a6c4-ef6bf1ab-fc5af89a-7df48495-2580cfda.mp3],opposite,"The opposite of ""small"" is ""big"".",,,[sound:gtts-wort-d06a699c-2f3a7daa-7097e38e-ecc25a81-ca0677e7.mp3],NOUN
84887000387,gegenüber,"Die Post ist gegenüber vom Bahnhof.<br><hr class=""sent-sep""><br>Die Hausnummer 84 ist gleich gegenüber. [sound:gtts-s1-ed818be2-d5918d29-823311dd-2e70ef6d-828bdc73.mp3]",across / across from,"The post office is opposite the station.<br><hr class=""sent-sep""><br>The number 84 is the same.",,,[sound:gtts-wort-d6cf7a02-e3c742e6-11aa7c01-c6018cc6-5179f2e9.mp3],ADV
84887000388,"<b>gewinnen</b>, <span style=""color:#0DA6FF"">gewann</span>, hat <span style=""color:#FFFB3D"">gewonnen</span>","Unsere Mannschaft hat gewonnen.<br><hr class=""sent-sep""><br>Mein Sohn will bei diesem Spiel immer gewinnen. [sound:gtts-s1-4696159b-e1b3183f-7baba4fd-9a4b71e2-41711e08.mp3]",to win,"Our team has won.<br><hr class=""sent-sep""><br>My son always wants to win this game.",,,[sound:gtts-wort-21f067e0-ba350dcd-b7cf928a-e0fe334c-8410e0db.mp3],VERB
84887000389,"<span style=""color:#9FF527""><b>das</b></span> Gehalt, ""-er",Sie ist mit ihrem Gehalt zufrieden. [sound:gtts-s1-15996ac7-f19f1f6c-26472003-3bc11993-7d506e61.mp3],salary,She is satisfied with her salary.,,,[sound:gtts-wort-028ca43d-4cdbef3a-b30eb756-b7b7ce4f-dc9de1d2.mp3],NOUN
84887000390,"<span style=""color:#9FF527""><b>das</b></span> Gewitter, -","Ich glaube, es gibt heute ein Gewitter. [sound:gtts-s1-4514a7e5-6d675c3f-6b5199c2-1165c0a5-b3dd7a17.mp3]",thunderstorm,I think there is a thunderstorm today.,,,[sound:gtts-wort-d9aa4c24-770f4f9a-03c38008-10767e44-b1b61543.mp3],NOUN
84887000391,"<b>gehen</b>, <span style=""color:#0DA6FF"">ging</span>, <span style=""color:#FF1D23"">ist</span> <span style=""color:#FFFB3D"">gegangen</span>","Ich weiß nicht, wie das geht. Ich muss jetzt leider gehen.<br><hr class=""sent-sep""><br>Wie geht‘s? - Es geht. Ich muss zum Arzt gehen.<br><hr class=""sent-sep""><br>Nimmst du die Straßenbahn? - Nein, ich gehe lieber zu Fuß.<br><hr class=""sent-sep""><br>Das geht doch nicht! Das geht nicht! [sound:gtts-s1-6e77d1d3-9f2435a4-e6701f7d-052f0390-da9627c9.mp3]",to go,"I do not know how to do it. I have to leave now.<br><hr class=""sent-sep""><br>How are you? - It works. I have to go to the doctor.<br><hr class=""sent-sep""><br>Do you take the tram? - No, I prefer walking.<br><hr class=""sent-sep""><br>This is not possible! That will not do!",,,[sound:gtts-wort-210e7d8f-9330073a-3ba9046a-d81a95ce-13e8635a.mp3],VERB
84887000392,"<span style=""color:#F5279F""><b>die</b></span> Gitarre, -n",Er kann gut Gitarre spielen. [sound:gtts-s1-0d2a6d15-d6ed8660-4e27b09d-50a938c8-1d1f14c2.mp3],guitar,He can play guitar.,,,[sound:gtts-wort-f62272ad-dc9c8745-69ffa88f-0e707a95-3dd09529.mp3],NOUN
84887000393,"<span style=""color:#9FF527""><b>das</b></span> Glas, ""-er","Bitte noch ein Glas Apfelsaft!<br><hr class=""sent-sep""><br>Wir brauchen noch drei Gläser. [sound:gtts-s1-2b724141-39b21f19-a5ab9c6f-61ace746-cec76662.mp3]",Glass,"Please have another glass of apple juice!<br><hr class=""sent-sep""><br>We need three glasses.",,,[sound:gtts-wort-88ddee29-ae17bea6-69714b89-7fd9cdb1-c2ea62cc.mp3],NOUN
84887000394,"<b>glauben</b>, <span style=""color:#0DA6FF"">glaubte</span>, hat <span style=""color:#FFFB3D"">geglaubt</span>","Ich glaube, er kommt gleich.<br><hr class=""sent-sep""><br>Sie können mir glauben, es ist so. [sound:gtts-s1-4514a7e5-6d675c3f-6b5199c2-1165c0a5-b3dd7a17.mp3]",to believe,"I think he's coming right away.<br><hr class=""sent-sep""><br>You can believe me, it is so.",,,[sound:gtts-wort-5eff94f4-3212525d-74ce75e6-d1602c21-9cfda401.mp3],VERB
84887000395,gleich,"Ich komme gleich.<br><hr class=""sent-sep""><br>Wir sind gleich alt. [sound:gtts-s1-bc6a4134-54876e8b-eb1228a1-1c54ce3e-3d014272.mp3]",equal,"I'll be right back.<br><hr class=""sent-sep""><br>We are the same age.",,,[sound:gtts-wort-9669970e-0c6cc676-8bbbb144-82cfb31b-ea59fb36.mp3],ADJ
84887000396,"<b>gehören</b>, <span style=""color:#0DA6FF"">gehörte</span>, hat <span style=""color:#FFFB3D"">gehört</span>",Gehört der Stift dir? [sound:gtts-s1-ae57e491-3c5551d9-154a8103-cbad38bd-f667b9de.mp3],to belong to,Is the pen belonging to you?,,,[sound:gtts-wort-d0c4d549-8e5d13c3-c177f6b5-18a169b6-0766bc67.mp3],VERB
84887000397,"<span style=""color:#9FF527""><b>das</b></span> Geld, (Sg.)","Hast du noch Geld?<br><hr class=""sent-sep""><br>Kannst du mir ein bisschen Geld leihen? [sound:gtts-s1-11fa6f71-b76ae5d2-87d088a5-a4b86aec-c28b6f08.mp3]",money,"Do you still have money?<br><hr class=""sent-sep""><br>Can you lend me some money?",,,[sound:gtts-wort-fa9be7b6-268890bf-ccadc2c8-96db55fd-cc384fc7.mp3],NOUN
84887000398,"<span style=""color:#9FF527""><b>das</b></span> Gleis, -e",Der ICE nach Berlin hält heute an Gleis zwölf. [sound:gtts-s1-2b4f9e63-d8159c5c-9f9970ac-dfcf87a0-af091e09.mp3],track,The ICE to Berlin today stops on track twelve.,,,[sound:gtts-wort-8b71b7b0-546a49be-60d485fd-c360e2ca-78ffac48.mp3],NOUN
84887000399,"<span style=""color:#9FF527""><b>das</b></span> Glück, (Sg.)","Oh, es regnet. Zum Glück habe ich meinen Schirm dabei.<br><hr class=""sent-sep""><br>Viel Glück! [sound:gtts-s1-342cf9ab-05c64932-7403890b-a67cff8b-fcf7a315.mp3]",happiness,"Oh, it's raining. Luckily I have my umbrella.<br><hr class=""sent-sep""><br>Good luck!",,,[sound:gtts-wort-0e2f9aec-1f6a8c96-dca29adf-c71f6758-fb524561.mp3],NOUN
84887000400,"<span style=""color:#F5279F""><b>die</b></span> Geldbörse, -n",Sie hat ihre Geldbörse verloren. [sound:gtts-s1-d48a1c6f-39f9cf9f-bf386f1a-49bdec13-64d539b9.mp3],Purse,She has lost her wallet.,,,[sound:gtts-wort-3f83a270-a3323fe9-888a2bed-ab8ba2b8-31021f40.mp3],NOUN
84887000401,glücklich,"Meine Tochter ist glücklich verheiratet.<br><hr class=""sent-sep""><br>Ein glückliches neues Jahr! [sound:gtts-s1-8f3b2e3f-9a25b6c7-584e0e45-ab3b4fe0-018d81cd.mp3]",happy,"My daughter is happily married.<br><hr class=""sent-sep""><br>A happy New Year!",,,[sound:gtts-wort-0e4c6446-2b37fe2b-82c9a6e1-0b459f01-93803133.mp3],ADJ
84887000402,"<span style=""color:#9FF527""><b>das</b></span> Gemüse, (Sg.)","Wir kaufen das Gemüse immer auf dem Markt.<br><hr class=""sent-sep""><br>Tomaten sind mein Lieblingsgemüse. [sound:gtts-s1-c75613ce-a8ceaa3b-e16450ef-cde180d5-75f5d0a4.mp3]",vegetables,"We always buy the vegetables on the market.<br><hr class=""sent-sep""><br>Tomatoes are my favorite vegetables.",,,[sound:gtts-wort-66199fa1-9f0b6cad-be4f3501-b6e9b019-56b01e55.mp3],NOUN
84887000403,"<span style=""color:#279FF5""><b>der</b></span> Glückwunsch, ""-e",Herzlichen Glückwunsch zum Geburtstag! [sound:gtts-s1-94e061d1-dcda8722-0b502ad2-8158c10e-d2b07776.mp3],congratulation,Happy Birthday!,,,[sound:gtts-wort-ef3a9cc4-f591ad0a-421c549c-2c2c1b3a-40ed37a4.mp3],NOUN
84887000404,genau,"Sind Sie sicher, dass die Prüfung am 15. Juni ist? - Ja, das weiß ich genau.<br><hr class=""sent-sep""><br>Die Uhr geht genau.<br><hr class=""sent-sep""><br>Es ist genau acht Uhr. [sound:gtts-s1-ba24695d-360ce0c3-0d0c5c00-8283e7f1-717f5c69.mp3]",accurate / exact,"Are you sure the exam is on June 15? - Yes, I know exactly.<br><hr class=""sent-sep""><br>The clock is accurate.<br><hr class=""sent-sep""><br>It is exactly eight o'clock.",,,[sound:gtts-wort-c58be02e-a80b0011-f02c80c2-d0b7d185-0bd6c568.mp3],ADJ
84887000405,"<b>gratulieren</b>, <span style=""color:#0DA6FF"">gratulierte</span>, hat <span style=""color:#FFFB3D"">gratuliert</span>",Ich gratuliere dir! [sound:gtts-s1-b750e41b-6f157c3c-082561ba-b5833684-4d4bcdaf.mp3],to congratulate,I congratulate you!,,,[sound:gtts-wort-5e685e69-00d44c60-fa2eb9cf-627c2a15-71aa396a.mp3],VERB
84887000406,genug,"Es ist noch genug Pizza da. Möchtest du noch ein Stück?<br><hr class=""sent-sep""><br>Ich verdiene nicht genug. [sound:gtts-s1-e85ea6c7-03bf819b-1fb58706-d726d909-e2c62f61.mp3]",enough,"There is still enough pizza. Would you like another piece?<br><hr class=""sent-sep""><br>I do not deserve enough.",,,[sound:gtts-wort-623df6aa-6c47c158-dd951fd7-528fb1a1-0f55724b.mp3],ADV
84887000407,"<b>grillen</b>, <span style=""color:#0DA6FF"">grillte</span>, hat <span style=""color:#FFFB3D"">gegrillt</span>",Heute grillen wir im Garten. [sound:gtts-s1-c3503e0e-48c9e174-3d4a6bd8-bb66a6e6-f513f1d1.mp3],to have a barbecue,Today we grill in the garden.,,,[sound:gtts-wort-f8a9c104-0735ae4d-b5bb4df7-6ac0207f-d2c62c83.mp3],VERB
84887000408,"<span style=""color:#9FF527""><b>das</b></span> Gepäck, (Sg.)","Wollen Sie Ihr Gepäck mitnehmen?<br><hr class=""sent-sep""><br>Sie können Ihr Gepäck auch im Hotel lassen. [sound:gtts-s1-32d8b6db-c28d73cc-fff636af-349c9acc-256d1000.mp3]",Luggage,"Do you want to take your luggage with you?<br><hr class=""sent-sep""><br>You can leave your luggage in the hotel.",,,[sound:gtts-wort-95b1e2cc-b8498ee8-f53407de-26595498-15df19e7.mp3],NOUN
84887000409,gerade,"Kannst du später anrufen? Wir essen gerade.<br><hr class=""sent-sep""><br>Was machst du gerade?<br><hr class=""sent-sep""><br>Da kommt er ja gerade. [sound:gtts-s1-d491030f-8d5be18b-62897464-b39f8559-24ca6d91.mp3]",just,"Can you call later? We are eating.<br><hr class=""sent-sep""><br>What are you doing now?<br><hr class=""sent-sep""><br>There he comes straight.",,,[sound:gtts-wort-6410929c-b7815b61-0d35f74e-c9cd8da5-00536514.mp3],ADV
84887000410,"<span style=""color:#F5279F""><b>die</b></span> Grippe, (Sg.)",Ich habe eine Grippe und kann leider nicht kommen. [sound:gtts-s1-6c8c70c9-f177b0fd-79d9294e-22096808-2f881bd9.mp3],flu,I have a flu and can not come unfortunately.,,,[sound:gtts-wort-0e32035d-26062874-74e9f6ec-103d5add-533d0650.mp3],NOUN
84887000411,groß,"Mein Bruder und ich sind gleich groß.<br><hr class=""sent-sep""><br>Frankfurt ist eine große Stadt.<br><hr class=""sent-sep""><br>Unsere Wohnung ist 80 m² groß. [sound:gtts-s1-24ec130e-ec9c1eb0-783c96ab-f418b23f-b07e913f.mp3]",big,"My brother and I are the same size.<br><hr class=""sent-sep""><br>Frankfurt is a big city.<br><hr class=""sent-sep""><br>Our apartment is 80 m².",,,[sound:gtts-wort-22505add-bdc4edcb-63cc0567-d8d38fed-63cc7900.mp3],ADJ
84887000412,geradeaus,Gehen Sie immer geradeaus! [sound:gtts-s1-d224cbfe-5579d4fe-5ed8c4fa-8be1a14a-490e019d.mp3],straight,Go straight on!,,,[sound:gtts-wort-7d4e6b8d-13e42c8b-650293d2-f7c88e91-0c1ca25f.mp3],ADV
84887000413,"<span style=""color:#F5279F""><b>die</b></span> Größe, -n",Haben Sie das T-Shirt auch in Größe M? [sound:gtts-s1-94a8d5e3-ca955c89-0f80e794-c1e46b82-46c37c8a.mp3],size,Do you have the shirt in size M?,,,[sound:gtts-wort-04586991-b4498ccd-531f345d-ec3895e2-dea28d06.mp3],NOUN
84887000414,"<span style=""color:#9FF527""><b>das</b></span> Gerät, -e",Elektrogeräte finden Sie im dritten Stock. [sound:gtts-s1-6cf8c1c7-02609f40-5ddacea0-7dab4bb8-c24a1c63.mp3],device,Electrical appliances can be found on the third floor.,,,[sound:gtts-wort-b32c5602-cd84a6bf-9e2ce408-bdc3c9cb-f61e1e72.mp3],NOUN
84887000415,"<span style=""color:#F5279F""><b>die</b></span> Gruppe, -n","Die erste Gruppe beginnt um 16 Uhr.<br><hr class=""sent-sep""><br>Für Gruppen gibt es eine Ermäßigung. [sound:gtts-s1-3034ba50-bac6b7f7-4a5eee7c-3c7ddf46-6aa993c1.mp3]",group,"The first group starts at 4 pm.<br><hr class=""sent-sep""><br>For groups there is a reduction.",,,[sound:gtts-wort-029be290-0f454af1-1a8c0405-ffb2ce7d-9ba224e2.mp3],NOUN
84887000416,"<span style=""color:#9FF527""><b>das</b></span> Gericht, -e",Mein Lieblingsgericht ist Pizza. [sound:gtts-s1-41767699-4966faef-4f86fbd1-0100e757-3088689f.mp3],dish,My favorite dish is pizza.,,,[sound:gtts-wort-df03e530-239051ca-eb2138b5-d21f4545-5f0aba31.mp3],NOUN
84887000417,"gern, lieber, am liebsten","Ich helfe Ihnen gern.<br><hr class=""sent-sep""><br>Kaffee oder Tee? - Ich trinke lieber einen Tee.<br><hr class=""sent-sep""><br>Am liebsten trinke ich Kaffee. [sound:gtts-s1-ef3cc8a7-68d2a36f-aac57377-8581da58-758d4334.mp3]",gladly,"I would like to help you.<br><hr class=""sent-sep""><br>Coffee or tea? - I prefer a tea.<br><hr class=""sent-sep""><br>I prefer coffee.",,,[sound:gtts-wort-e630ece7-4d0620fd-6f8b9496-076f97c5-f6eacfd5.mp3],ADV
84887000418,"<span style=""color:#279FF5""><b>der</b></span> Gruß, ""-e","Viele Grüße an Ihre Frau.<br><hr class=""sent-sep""><br>Liebe Grüße<br><hr class=""sent-sep""><br>Mit freundlichen Grüßen [sound:gtts-s1-4d6213e8-7f7bcc7a-7df55956-d432e35b-7e077275.mp3]",greeting,"Many greetings to your wife.<br><hr class=""sent-sep""><br>best regards<br><hr class=""sent-sep""><br>Best regards",,,[sound:gtts-wort-ec517430-7503b087-05d9d64f-db0324fb-fe9f252a.mp3],NOUN
84887000419,"<span style=""color:#9FF527""><b>das</b></span> Geschäft, -e",Die Geschäfte schließen um 18.30 Uhr. [sound:gtts-s1-21655ba7-dd56a190-5cd05645-bfc8228a-471c1962.mp3],shop / business,The shops close at 18.30.,,,[sound:gtts-wort-04ea0f4e-755d74c8-69ed1893-85e61983-6267dc07.mp3],NOUN
84887000420,"<b>gültig sein</b>, <span style=""color:#0DA6FF"">war gültig</span>, <span style=""color:#FF1D23"">ist</span> <span style=""color:#FFFB3D"">gültig gewesen</span>",Der Pass ist nicht mehr gültig. [sound:gtts-s1-13505c4c-732ad5a3-e461b84b-a9540fd8-4403f4f1.mp3],to be valid,The pass is no longer valid.,,,[sound:gtts-wort-8371f16b-7ea36f58-9c91f059-3f5bb726-44cc218f.mp3],VERB
84887000421,"<span style=""color:#9FF527""><b>das</b></span> Geschenk, -e",Danke für das schöne Geschenk. [sound:gtts-s1-26d14cdd-bcfc6fcb-2eb71c16-992f860c-7522ca4d.mp3],present,Thank you for the lovely present.,,,[sound:gtts-wort-0475c775-3777bdec-2e75a353-adfe21ad-ef369802.mp3],NOUN
84887000422,"<span style=""color:#F5279F""><b>die</b></span> Geschichte, -n","Erzählst du mir eine Geschichte?<br><hr class=""sent-sep""><br>Ich interessiere mich nicht für Geschichte.<br><hr class=""sent-sep""><br>Paul hat gute Noten in Geschichte. [sound:gtts-s1-fda60e71-fc48b089-1800bdd5-3330a3c2-210897b9.mp3]",story,"Do you tell me a story?<br><hr class=""sent-sep""><br>I'm not interested in history.<br><hr class=""sent-sep""><br>Paul has good marks in history.",,,[sound:gtts-wort-939432e9-5c316641-1311ca28-cc502bfc-855c8f4b.mp3],NOUN
84887000423,"<span style=""color:#9FF527""><b>das</b></span> Geschirr, (Sg.)",Stellst du bitte das Geschirr in den Schrank? [sound:gtts-s1-47d36729-95c1aa22-f4a147e6-997cd1fb-1b645848.mp3],dishes,Do you put the dishes in the cupboard?,,,[sound:gtts-wort-20d2b7d5-6d4a6380-713adb7f-dcbbbb1c-151ac5e6.mp3],NOUN
84887000424,günstig,"In diesem Laden gibt es immer günstige Angebote.<br><hr class=""sent-sep""><br>Ich suche ein günstiges Sofa. [sound:gtts-s1-36b891be-0f57b48d-84e5e8e0-2e4dea72-79334167.mp3]",Cheap,"In this shop there are always cheap offers.<br><hr class=""sent-sep""><br>I'm looking for a cheap sofa.",,,[sound:gtts-wort-84863cd5-870002dd-5b411aa9-d48db9f1-01c73dcf.mp3],ADJ
84887000425,"gut, besser, am besten","Das finde ich gut. Ich komme um 17 Uhr. - Gut!<br><hr class=""sent-sep""><br>Guten Morgen! Ein gutes neues Jahr!<br><hr class=""sent-sep""><br>Guten Appetit! Welches Bild gefällt dir besser?<br><hr class=""sent-sep""><br>Dieses Kleid finde ich am besten. [sound:gtts-s1-e3f67ceb-cc6be8e3-26b846d3-5264deb1-499be8f3.mp3]",good,"I like that. I'll be at 5pm. - Good!<br><hr class=""sent-sep""><br>Good Morning! Happy New Year!<br><hr class=""sent-sep""><br>Good Appetite! Which image do you like better?<br><hr class=""sent-sep""><br>I like this dress best.",,,[sound:gtts-wort-b5341ead-e798f7fe-ca14e3c7-ce0cdd39-935b2f2b.mp3],ADJ
84887000426,"<span style=""color:#9FF527""><b>das</b></span> Gesicht, -er","Wasch dir bitte das Gesicht.<br><hr class=""sent-sep""><br>Sie hat ein freundliches Gesicht. [sound:gtts-s1-41d9f988-fc205a1a-66e79981-b6ca8468-47b578eb.mp3]",face,"Please wash your face.<br><hr class=""sent-sep""><br>She has a friendly face.",,,[sound:gtts-wort-832d8a8c-65447267-9ec39b70-2cbdf2d0-1ee8653c.mp3],NOUN
84887000427,"<span style=""color:#9FF527""><b>das</b></span> Gespräch, -e","Sie hören ein Gespräch. Zu diesem Gespräch gibt es fünf Aufgaben.<br><hr class=""sent-sep""><br>Das Gespräch mit Frau Kunz ist um 14 Uhr. [sound:gtts-s1-cc72548e-99b9b9b0-5296f417-0d616673-fbb715cb.mp3]",talk,"You hear a conversation. There are five tasks for this conversation.<br><hr class=""sent-sep""><br>The conversation with Mrs. Kunz is at 2 pm.",,,[sound:gtts-wort-86f17dd4-e11cebe0-98e6e8be-27aa8f74-b259d9bd.mp3],NOUN
84887000428,gestern,Gestern wollte ich dich anrufen. [sound:gtts-s1-1330fc98-18484276-fc0826b0-d5eac007-0e21e17f.mp3],yesterday,Yesterday I wanted to call you.,,,[sound:gtts-wort-fd1e3c00-c8d13313-105a2883-6694825c-4d7833e6.mp3],ADV
84887000429,gesund,Ich hatte Grippe. Jetzt bin ich wieder gesund. [sound:gtts-s1-a9bcadf5-a0226e0b-ef2e0300-be140701-397c056e.mp3],healthy,I had a flu. Now I am well again.,,,[sound:gtts-wort-7b305f84-0480fd98-890e051a-887890b5-e1283294.mp3],ADJ
84887000430,"<span style=""color:#F5279F""><b>die</b></span> Gesundheit, (Sg.)",Gesundheit! Sind Sie erkältet? [sound:gtts-s1-70c5b638-9c6ac836-859dfb91-803f4b09-4597547e.mp3],health,Health! Are you caught a cold?,,,[sound:gtts-wort-e290d2da-ce2c599a-aaea02d6-c49bc54f-7bfcb587.mp3],NOUN
84887000431,"<span style=""color:#9FF527""><b>das</b></span> Getränk, -e","Mein Lieblingsgetränk ist Tomatensaft.<br><hr class=""sent-sep""><br>Die Getränkekarte, bitte! [sound:gtts-s1-5be6d842-f23a1ad5-6828ee2f-18e82410-f93616fd.mp3]",drink,"My favorite drink is tomato juice.<br><hr class=""sent-sep""><br>The drink card, please!",,,[sound:gtts-wort-a0f86275-844cfd49-50102a2c-1475d5f7-f00b2695.mp3],NOUN
84887000432,"<span style=""color:#9FF527""><b>das</b></span> Haar, -e",Sie hat lange Haare. [sound:gtts-s1-2d6c23f1-c5e5a1d3-5711e8d1-69639772-0bbea16b.mp3],hair,She has long hair.,,,[sound:gtts-wort-e278e19c-1b279866-51e76f51-c6ee6a40-da255996.mp3],NOUN
84887000433,"<b>haben</b>, <span style=""color:#0DA6FF"">hatte</span>, hat <span style=""color:#FFFB3D"">gehabt</span>","Ich habe ein neues Auto.<br><hr class=""sent-sep""><br>Hast du kurz Zeit? [sound:gtts-s1-7c6b2101-f643d4e8-01444859-a4823e48-6126a2b6.mp3]",to have,"I have a new car.<br><hr class=""sent-sep""><br>Do you have time?",,,[sound:gtts-wort-1abd68e6-40cb5570-8518b1c7-0b5dd7d2-2c1267da.mp3],VERB
84887000434,"<span style=""color:#9FF527""><b>das</b></span> Hähnchen, -","Ein Hähnchen mit Pommes frites, bitte! [sound:gtts-s1-77586394-b5bddcc1-6901763d-61d07bf6-2d107011.mp3]",chicken,"A chicken with french fries, please!",,,[sound:gtts-wort-1e95835a-81643837-fb2412df-5de1d225-b3bf6ce8.mp3],NOUN
84887000435,"<span style=""color:#F5279F""><b>die</b></span> Halle, -n","Wir treffen uns in Halle B.<br><hr class=""sent-sep""><br>Wo ist die neue Sporthalle? [sound:gtts-s1-81b7533c-09e5f52b-a536a810-da7e641b-7f11eeff.mp3]",hall,"We meet in Hall B.<br><hr class=""sent-sep""><br>Where is the new sports hall?",,,[sound:gtts-wort-f5e545f5-88337143-6a280019-a88d8859-ada50cb7.mp3],NOUN
84887000436,hallo,Hallo Inge! Wie geht’s? [sound:gtts-s1-cbb3a259-ffe7d61b-e1276617-d110db3f-0a927bd7.mp3],hello,Hello Inge! How are you?,,,[sound:gtts-wort-1daef05b-9de36ef9-07c08fbc-549d7789-d67f9884.mp3],PHRASE
84887000437,herein,"Herein! Die Tür ist offen.<br><hr class=""sent-sep""><br>Möchtest du nicht reinkommen? Ich kann uns einen Tee machen. [sound:gtts-s1-82a6ac68-98ad9661-ad06dff3-7cd6fcda-45861a4b.mp3]",in / this way in,"In! The door is open.<br><hr class=""sent-sep""><br>Do not want to come? I can make a tea.",,,[sound:gtts-wort-a17e7c1d-14b39b35-448da7d0-9568f514-1da44284.mp3],ADV
84887000438,"<span style=""color:#279FF5""><b>der</b></span> Hals, ""-e","Mir tut der Hals weh.<br><hr class=""sent-sep""><br>Ich habe seit gestern Halsschmerzen. [sound:gtts-s1-045b1432-bd186e9e-48042b08-59d70ee0-9e887e11.mp3]",neck,"My neck hurts.<br><hr class=""sent-sep""><br>I have had a headache since yesterday.",,,[sound:gtts-wort-f532dd14-aabc9c0e-161d1d99-96f7ce56-2b8a9a93.mp3],NOUN
84887000439,"<span style=""color:#279FF5""><b>der</b></span> Herd, -e",In der neuen Küche fehlt noch der Herd. [sound:gtts-s1-21b4e219-d8502dca-e8872689-71bfb29d-5b19bc68.mp3],stove / cooker,In the new kitchen is missing the stove.,,,[sound:gtts-wort-d866e7c6-303dc44e-1af8a7f8-8659aa66-bd9de04b.mp3],NOUN
84887000440,"<span style=""color:#279FF5""><b>der</b></span> Herr, -en","Guten Tag, Herr Sommer! [sound:gtts-s1-433d606c-c46bc618-7eccbe6d-28a988cd-a0a14055.mp3]",Sir,"Good morning, Mr. Summer!",,,[sound:gtts-wort-880f4f10-94e4d61c-2f16ac45-42f92c67-9ddd85c3.mp3],NOUN
84887000441,"<b>halten</b>, <span style=""color:#0DA6FF"">hielt</span>, hat <span style=""color:#FFFB3D"">gehalten</span>","Dieser Zug hält nicht in Rüdesheim.<br><hr class=""sent-sep""><br>Kannst du mal kurz meine Jacke halten? [sound:gtts-s1-abc7df4f-df116c03-6130db70-113c8266-d3339cce.mp3]",to hold (sth.) / to stop,"This train does not stop in Rüdesheim.<br><hr class=""sent-sep""><br>Can you hold my jacket briefly?",,,[sound:gtts-wort-55f64500-48045292-3a572742-648a91aa-74d840fe.mp3],VERB
84887000442,"<b>herstellen</b>, <span style=""color:#0DA6FF"">stellte her</span>, hat <span style=""color:#FFFB3D"">hergestellt</span>",In unserer Firma stellen wir Möbel her. [sound:gtts-s1-4c9a6419-bb6a2b6f-d9dd8c1c-4be94c08-81b20317.mp3],to produce,In our company we produce furniture.,,,[sound:gtts-wort-48553a0e-f6bb6ef2-c68e5647-edd67275-e49148b6.mp3],VERB
84887000443,"<span style=""color:#279FF5""><b>der</b></span> Hamburger, -","Einen Hamburger ohne Salat, bitte. [sound:gtts-s1-052232a8-702168d1-b4cf5f93-48d019a9-12e81d99.mp3]",hamburger,"A hamburger without salad, please.",,,[sound:gtts-wort-ce05345d-751821d6-ea89a2d6-40f54c79-eae395f1.mp3],NOUN
84887000444,"<span style=""color:#F5279F""><b>die</b></span> Haltestelle, -n",An der nächsten Haltestelle müssen Sie aussteigen. [sound:gtts-s1-ca27f94f-bcc6a40d-35a5744e-991fe9de-b775d27a.mp3],stop,At the next stop you have to get off.,,,[sound:gtts-wort-bb682ff8-68e82e6e-3b36dc88-2f3e67d5-1b50d69a.mp3],NOUN
84887000445,"<b>herunterladen</b>, <span style=""color:#0DA6FF"">lud herunter</span>, hat <span style=""color:#FFFB3D"">heruntergeladen</span>",Er lädt die Musik aus dem Internet herunter. [sound:gtts-s1-bf9ee35f-09e73241-4fda23f2-443022f0-4477e145.mp3],to download,He downloads the music from the Internet.,,,[sound:gtts-wort-266f89ae-2e8ca81c-185b4161-c7af44b9-481bf071.mp3],VERB
84887000446,"<span style=""color:#F5279F""><b>die</b></span> Hand, ""-e",Wasch dir bitte die Hände vor dem Essen. [sound:gtts-s1-a61a57ee-2fe98233-06fb1a97-3eaf0079-3c18b8c4.mp3],hand,Please wash your hands before eating.,,,[sound:gtts-wort-f2e0a337-6f99bd36-5a29eb75-8bca25d3-6ffd9a4b.mp3],NOUN
84887000447,"<span style=""color:#9FF527""><b>das</b></span> Handtuch, ""-er",Gibst du mir bitte ein frisches Handtuch? [sound:gtts-s1-7279ef2a-dbc2c88c-a7675a77-426c37d8-c8913455.mp3],towel,"Will you give me a fresh towel, please?",,,[sound:gtts-wort-0aeb9e23-f5badae8-e48418cd-233f15f7-0581835d.mp3],NOUN
84887000448,herzlich,Herzlichen Glückwunsch! [sound:gtts-s1-b4d394a6-b0459e42-f06e8cd1-c377723a-2b60be4a.mp3],warmly,Congratulations!,,,[sound:gtts-wort-ad14ee87-6bdc12fc-f48b28ab-0cb0cfe4-618a1471.mp3],ADJ
84887000449,"<span style=""color:#9FF527""><b>das</b></span> Handy, -s","In der Schule bitte die Handys ausmachen!<br><hr class=""sent-sep""><br>Kannst du mir bitte deine Handynummer geben? [sound:gtts-s1-64dca430-d110f4b9-164449a5-e46bdb25-02db1ef6.mp3]",mobile,"At school, please check the phones!<br><hr class=""sent-sep""><br>Can you please give me your handynummer?",,,[sound:gtts-wort-75ee4b10-ca071cac-7bfe138a-4400da59-7f42270c.mp3],NOUN
84887000450,heute,"Heute ist ein schöner Tag.<br><hr class=""sent-sep""><br>Heute muss ich nur bis 16 Uhr arbeiten. [sound:gtts-s1-8f962cf0-69097b37-678d99e1-1d60dd16-1e2e3dc1.mp3]",today,"Today is a nice day.<br><hr class=""sent-sep""><br>Today I have to work only until 4 pm.",,,[sound:gtts-wort-0ed9be8b-cdde3bf8-f0319460-cf465b6d-ef34eb21.mp3],ADV
84887000451,"<b>hängen</b>, <span style=""color:#0DA6FF"">hing</span>, hat <span style=""color:#FFFB3D"">gehangen</span>","Warum hast du das Bild noch nicht an die Wand gehängt?<br><hr class=""sent-sep""><br>Im Museum hängen moderne Bilder.<br><hr class=""sent-sep""><br>Das Bild von meiner Tochter hat im Wohnzimmer gehangen. [sound:gtts-s1-c51ea5b7-313bcf4e-c7e5adb4-c6391038-467ce377.mp3]",to hang,"Why did not you hang the picture on the wall yet?<br><hr class=""sent-sep""><br>The museum houses modern paintings.<br><hr class=""sent-sep""><br>The picture of my daughter has hung in the living room.",,,[sound:gtts-wort-cb2e990a-d19dfc0b-36bf685b-898bb5e6-40b59eb0.mp3],VERB
84887000452,hier,"Elektro Bauer, guten Tag. Hier ist Pamela Linke. Was kann ich für Sie tun?<br><hr class=""sent-sep""><br>Hier wohne ich.<br><hr class=""sent-sep""><br>Unterschreiben Sie bitte hier! [sound:gtts-s1-0275c514-f200556b-3d4e3310-99379b23-be298115.mp3]",here,"Elektrobauer, good day. Here is Pamela Linke. What can I do for you?<br><hr class=""sent-sep""><br>I live here.<br><hr class=""sent-sep""><br>Please sign here!",,,[sound:gtts-wort-b60d57c0-c7ecbed8-48cf605a-8b7aeaff-520e70f8.mp3],ADV
84887000453,hart,"Ich finde das Bett zu hart.<br><hr class=""sent-sep""><br>Die Brötchen sind ja ganz hart. [sound:gtts-s1-164e81d1-002fabb3-6ed4e6a0-87da7104-50b38e36.mp3]",hard,"I find the bed too hard.<br><hr class=""sent-sep""><br>The rolls are quite hard.",,,[sound:gtts-wort-f0ca2b73-6c08489c-b015143a-c2cded27-da6b8d5d.mp3],ADJ
84887000454,"<span style=""color:#F5279F""><b>die</b></span> Hilfe, (Sg.)","Hilfe! Bitte helfen Sie mir!<br><hr class=""sent-sep""><br>Er bekommt Hilfe von Freunden. [sound:gtts-s1-d1caf193-157a8ca7-9c9d46a6-d1268977-baccee86.mp3]",Help,"Help! Please help me!<br><hr class=""sent-sep""><br>He gets help from friends.",,,[sound:gtts-wort-d0d69c0c-29da7950-14735cef-10e6565f-2eb9c1d2.mp3],NOUN
84887000455,hässlich,Ich finde das Kleid hässlich. Es gefällt mir nicht. [sound:gtts-s1-b37fd1f6-50a8d766-a47f3a7f-16c32e0b-4ffcb920.mp3],ugly,I find the dress ugly. I do not like it.,,,[sound:gtts-wort-6de0b653-f2f2c004-b2edf6e8-583cae58-3c1a4d72.mp3],ADJ
84887000456,"<span style=""color:#F5279F""><b>die</b></span> Hauptstadt, ""-e",Berlin ist die Hauptstadt von Deutschland. [sound:gtts-s1-4c7fd679-501874e8-63c5e851-d418f00b-392b3fcc.mp3],capital,Berlin is the capital city of Germany.,,,[sound:gtts-wort-24d5c08d-fb6b4aee-8ac25713-987861d9-88249fb7.mp3],NOUN
84887000457,"<span style=""color:#279FF5""><b>der</b></span> Himmel, (Sg.)",Heute ist so tolles Wetter: Der Himmel ist blau und es gibt keine Wolken. [sound:gtts-s1-b2f63386-90780cf1-41bc9e71-091b2f5f-d6674380.mp3],sky,Today is so great weather: The sky is blue and there are no clouds.,,,[sound:gtts-wort-bd8a238c-11cfd1e0-78de8f4a-f46d9375-41b5543a.mp3],NOUN
84887000458,"<span style=""color:#9FF527""><b>das</b></span> Haus, ""-er","In welchem Haus wohnst du?<br><hr class=""sent-sep""><br>Ich gehe jetzt nach Hause.<br><hr class=""sent-sep""><br>Paul ist nicht zu Hause. [sound:gtts-s1-0715f7c4-a9cba936-7e87f6d0-c823cfed-6acb5109.mp3]",house,"In which house do you live?<br><hr class=""sent-sep""><br>I'm going home now.<br><hr class=""sent-sep""><br>Paul is not at home.",,,[sound:gtts-wort-cc763a65-daef1d8a-31d749e1-a35664ca-d218cf46.mp3],NOUN
84887000459,hin,Wo gehst du hin? [sound:gtts-s1-b05a0719-5c098245-ce083b65-b27fa5f7-6aa469cd.mp3],(to go) there,Where are you going?,,,[sound:gtts-wort-c05bda5c-06b39f97-802333df-bb68ea25-17454e39.mp3],ADV
84887000460,hinein,Wir gehen ins Haus hinein. [sound:gtts-s1-7f185c86-bf64511e-481258f9-5cc19d36-fc209b09.mp3],in / into,We go into the house.,,,[sound:gtts-wort-5c2d7003-93ad6e57-b56984f3-eeb77ca5-f8d3571d.mp3],ADV
84887000461,hinaus,Er geht in den Garten hinaus. [sound:gtts-s1-3ec15b6f-9ffec1f2-39397fc1-78b341be-d32add3e.mp3],out / afield,He goes out into the garden.,,,[sound:gtts-wort-15e191dd-3d105209-4ce4f584-05af97e6-d8afd0a7.mp3],ADV
84887000462,"<span style=""color:#279FF5""><b>der</b></span> Haushalt, -e",Wer macht bei euch den Haushalt? - Meine Frau und ich machen den Haushalt zusammen: Ich wasche die Wäsche und sie putzt und räumt auf. [sound:gtts-s1-5886fef5-6569f46a-05e891f9-82b1c48b-adc641d0.mp3],household,Who is doing the budget with you? - My wife and I make the household together: I wash the laundry and it cleans and cleans up.,,,[sound:gtts-wort-14d71f9b-9d5b6497-de991161-a787cfcf-c55e24af.mp3],NOUN
84887000463,hinten,"Die Tür zum Aussteigen ist hinten.<br><hr class=""sent-sep""><br>Bitte hinten aussteigen! [sound:gtts-s1-6977b0fc-72cf69d9-5034aa97-1155f11b-00593b9d.mp3]",in the back,"The exit door is at the back.<br><hr class=""sent-sep""><br>Please get out behind!",,,[sound:gtts-wort-0165054f-c6c6873c-db13e75c-3ff9aee4-e08c91a3.mp3],ADV
84887000464,hinter,Hinter dem Haus haben wir einen Garten. [sound:gtts-s1-95fd833c-285cb2ae-8e91870e-2f977412-4f393e6f.mp3],behind,Behind the house we have a garden.,,,[sound:gtts-wort-6e1f9c63-80678619-9fc00f66-84f76125-0bc19505.mp3],PREP
84887000465,"<span style=""color:#9FF527""><b>das</b></span> Heft, -e",Hast du dein Heft dabei? [sound:gtts-s1-9acc94d4-a09d31f1-85ffcae7-c79b21e9-4845e02e.mp3],notebook,Do you have your notebook?,,,[sound:gtts-wort-24312ddd-05d53ffb-dbd6a990-59e39acd-ba9546ce.mp3],NOUN
84887000466,"<span style=""color:#F5279F""><b>die</b></span> Heimat, (Sg.)","Ich komme aus der Schweiz. Das ist meine Heimat.<br><hr class=""sent-sep""><br>Mein Heimatland ist Italien. Dort bin ich geboren.<br><hr class=""sent-sep""><br>Jetzt lebe ich in Deutschland, das ist meine neue Heimat. [sound:gtts-s1-a2353eac-3c65449e-7c134b96-5bbd3f18-e46f15e4.mp3]",homeland,"I come from Switzerland. That's my home.<br><hr class=""sent-sep""><br>My home country is Italy. I was born there.<br><hr class=""sent-sep""><br>Now I live in Germany, this is my new home.",,,[sound:gtts-wort-12f1f1f0-5768e724-8a7f51bf-f158416c-ed4a0b8d.mp3],NOUN
84887000467,"<span style=""color:#9FF527""><b>das</b></span> Hobby, -s",Meine Hobbys sind Joggen und Schwimmen. [sound:gtts-s1-4dd9afe7-6bbd56e7-5de67964-4daaeb99-11d434e5.mp3],hobby,My hobbies are jogging and swimming.,,,[sound:gtts-wort-2d735405-d06840b3-ac6c4eae-faaf0e97-8553d4d8.mp3],NOUN
84887000468,hoch,"Der Mount Everest ist circa 8.880 Meter hoch.<br><hr class=""sent-sep""><br>Die Preise in diesem Laden sind sehr hoch. [sound:gtts-s1-954d757b-45ebbc47-7c1e73de-9b834fba-e199ffc8.mp3]",high,"Mount Everest is about 8,880 meters high.<br><hr class=""sent-sep""><br>The prices in this store are very high.",,,[sound:gtts-wort-ba6c818b-b6fa7196-d8dc7bef-7d138571-4679fa8b.mp3],ADJ
84887000469,"<span style=""color:#F5279F""><b>die</b></span> Hochzeit, -en",Zu seiner Hochzeit kommen mehr als einhundert Gäste. [sound:gtts-s1-3cf9cace-f481c644-d275565f-ac7c39d8-e8f110cb.mp3],wedding,More than one hundred guests come to his wedding.,,,[sound:gtts-wort-80a7a33d-8d12dcdb-60d408a8-43efc58c-a46ff2ff.mp3],NOUN
84887000470,"<b>heiraten</b>, <span style=""color:#0DA6FF"">heiratete</span>, hat <span style=""color:#FFFB3D"">geheiratet</span>",Meine Schwester heiratet nächsten Monat. [sound:gtts-s1-bf46ac0a-8dc76385-c77e2e0f-b8f63e8b-e1db0b07.mp3],to marry,My sister marries next month.,,,[sound:gtts-wort-41568cbf-ec3edf23-32c02823-a1cc07a7-bbac16fe.mp3],VERB
84887000471,"<b>hoffen</b>, <span style=""color:#0DA6FF"">hoffte</span>, hat <span style=""color:#FFFB3D"">gehofft</span>","Ich hoffe, dass es dir gut geht. [sound:gtts-s1-12d6147e-a28e39d1-cacee84c-cd7ba3ec-06a58b56.mp3]",to hope,I hope that you are alright.,,,[sound:gtts-wort-b02ec940-43b9fa55-585f9b8e-bdc9a38b-99be1fc1.mp3],VERB
84887000472,heiß,"Vorsicht, der Tee ist heiß!<br><hr class=""sent-sep""><br>Mir ist heiß. Kannst du das Fenster öffnen? [sound:gtts-s1-452e6d95-9870fa5b-ba011add-e7c6a0c4-accf3a3b.mp3]",hot,"Caution, the tea is hot!<br><hr class=""sent-sep""><br>I'm hot. Can you open the window?",,,[sound:gtts-wort-0667d234-6e3ab59b-af565283-b556d33f-fad7078f.mp3],ADJ
84887000473,"<b>heißen</b>, <span style=""color:#0DA6FF"">hieß</span>, hat <span style=""color:#FFFB3D"">geheißen</span>","Ich heiße Charlotte Meier.<br><hr class=""sent-sep""><br>Wie heißt das auf Deutsch? [sound:gtts-s1-4aec966b-8157ca35-cb87dbbf-003322bc-01703e2a.mp3]",to be called,"My name is Charlotte Meier.<br><hr class=""sent-sep""><br>How do you say that in German?",,,[sound:gtts-wort-fa19d4b4-3444835f-e73d1fa5-b6b028bb-87c62cb3.mp3],VERB
84887000474,hoffentlich,Hoffentlich hat unser Zug keine Verspätung. [sound:gtts-s1-f12c09e6-9dcd116b-74cc9450-78761e98-1c61ad94.mp3],hopefully,Hopefully our train will not be delayed.,,,[sound:gtts-wort-57f11017-72f153b5-e07482a4-9861499c-bc1e961c.mp3],ADJ
84887000475,"<b>holen</b>, <span style=""color:#0DA6FF"">holte</span>, hat <span style=""color:#FFFB3D"">geholt</span>",Soll ich uns etwas zu trinken holen? [sound:gtts-s1-60bc1f7b-3a0fb5a5-4a0292a3-c40228af-c9a5689f.mp3],pick up,Should I get something to drink?,,,[sound:gtts-wort-72882a37-4d657ea6-5837d36f-487e2588-ffd5fa32.mp3],VERB
84887000476,"<span style=""color:#F5279F""><b>die</b></span> Heizung, -en",Es ist kalt. Ist die Heizung kaputt? [sound:gtts-s1-da862f24-fc9b19ab-44b1c1d5-1dd6eca3-b850bc0e.mp3],heater,It is cold. Is the heater broken?,,,[sound:gtts-wort-16ebce4b-b31079fa-ade2c9f8-886f73a4-54b1f468.mp3],NOUN
84887000477,"<b>helfen</b>, <span style=""color:#0DA6FF"">half</span>, hat <span style=""color:#FFFB3D"">geholfen</span>",Würden Sie mir bitte helfen? [sound:gtts-s1-d907d753-f2b822f4-06549e08-bdae321a-e181748e.mp3],to help,Can you please help me?,,,[sound:gtts-wort-db2834fe-02edc5b9-7fd9fbb5-36486165-510d2aa9.mp3],VERB
84887000478,"<span style=""color:#F5279F""><b>die</b></span> Homepage, -s","Auf der Homepage von Freiburg gibt es alle wichtigen Informationen über die Stadt.<br><hr class=""sent-sep""><br>Kennst du eine Homepage mit Deutschübungen? [sound:gtts-s1-8e6bd8a8-df22069b-80bccb69-37a7e251-685d0fb7.mp3]",homepage,"On the homepage of Freiburg there is all important information about the city.<br><hr class=""sent-sep""><br>Do you know a homepage with German exercises?",,,[sound:gtts-wort-dc0144d4-bdc39aee-4d86f1cf-4cc3e0e4-f0f98960.mp3],NOUN
84887000479,"<b>hören</b>, <span style=""color:#0DA6FF"">hörte</span>, hat <span style=""color:#FFFB3D"">gehört</span>","Hör mal! Was ist das?<br><hr class=""sent-sep""><br>Ich habe das Lied schon mal gehört. [sound:gtts-s1-be2823b1-48feabdc-915eb6f1-176f5549-95ca56aa.mp3]",to hear,"Now listen! What's this?<br><hr class=""sent-sep""><br>I've heard the song before.",,,[sound:gtts-wort-1dc37670-4866aa87-7b799c20-ae2afe7b-9c6044f4.mp3],VERB
84887000480,hell,"Im Sommer ist es bis 21 Uhr hell.<br><hr class=""sent-sep""><br>Mein Zimmer ist sehr hell.<br><hr class=""sent-sep""><br>Haben Sie das T-Shirt auch in hellblau? [sound:gtts-s1-65b042c3-48c624db-0d1db548-f11d78c3-7d6a33ab.mp3]",bright,"In the summer it is bright until 9 pm.<br><hr class=""sent-sep""><br>My room is very bright.<br><hr class=""sent-sep""><br>Do you have the shirt in light blue too?",,,[sound:gtts-wort-91af34a0-a60001db-613a7a6c-c53d5f1c-f20f1df3.mp3],ADJ
84887000481,"<span style=""color:#F5279F""><b>die</b></span> Hose, -n",Kann ich die Hose waschen? [sound:gtts-s1-3781b144-e0f8fd65-a8a1eeb3-8ec25723-6c6aa9a4.mp3],trousers,Can I wash the pants?,,,[sound:gtts-wort-b38ed658-0a5f9d1f-4f03b8fd-af0e9810-d7542254.mp3],NOUN
84887000482,"<span style=""color:#9FF527""><b>das</b></span> Hemd, -en",Nick trägt heute ein neues Hemd. [sound:gtts-s1-90e53153-8882f581-3cf775e2-23aa98b6-1ecc14ff.mp3],shirt,Nick is wearing a new shirt today.,,,[sound:gtts-wort-eea33740-02c924d9-4dc971c5-545376f2-e70cf7a4.mp3],NOUN
84887000483,"<b>herkommen</b>, <span style=""color:#0DA6FF"">kam her</span>, <span style=""color:#FF1D23"">ist</span> <span style=""color:#FFFB3D"">hergekommen</span>","Komm bitte mal her!<br><hr class=""sent-sep""><br>Wo kommst du denn her? [sound:gtts-s1-840558b6-18a71206-8b34b557-b584ec0d-3639ccc8.mp3]",to come here,"Please come here!<br><hr class=""sent-sep""><br>So, where do you come from?",,,[sound:gtts-wort-dfba0244-ce19e12c-e982f4d5-049d0d30-3df9b6cf.mp3],VERB
84887000484,heraus,"Möchtet ihr nicht rauskommen? Das Wetter ist so schön.<br><hr class=""sent-sep""><br>Kannst du bitte den Müll rausbringen? [sound:gtts-s1-b2cffdc3-6dbe7801-8f1a95c8-cae8e241-2b89d1a7.mp3]",out,"Do not you want to get out? The weather is so nice.<br><hr class=""sent-sep""><br>Can you please bring the garbage?",,,[sound:gtts-wort-6564c06a-bf73e04f-492b86a3-59236a08-02940498.mp3],ADV
84887000485,"<span style=""color:#9FF527""><b>das</b></span> Hotel, -s",Im Urlaub sind wir in einem Hotel am Meer. [sound:gtts-s1-92cd2b5b-cf850918-c3715b9d-0cb1fbab-9f4a0038.mp3],hotel,On vacation we are in a hotel by the sea.,,,[sound:gtts-wort-29102ace-cdfe153f-8e01d3ba-b09ad401-45d63b65.mp3],NOUN
84887000486,"<span style=""color:#279FF5""><b>der</b></span> Hund, -e","Magst du Hunde?<br><hr class=""sent-sep""><br>Meine Tochter hat Angst vor Hunden. [sound:gtts-s1-adf1db5a-e383fcb1-653b148a-04e34108-9f860ab5.mp3]",dog,"Do you like dogs?<br><hr class=""sent-sep""><br>My daughter is afraid of dogs.",,,[sound:gtts-wort-1c9dd441-51cc451f-981b755c-f8968b3e-81bcb864.mp3],NOUN
84887000487,"<span style=""color:#279FF5""><b>der</b></span> Hunger, (Sg.)",Ich habe Hunger! Wann können wir endlich essen? [sound:gtts-s1-cbe97132-3f9e50be-607fc207-063b242f-748e0d5f.mp3],hunger,I'm hungry! When can we finally eat?,,,[sound:gtts-wort-39fef3f0-cd19e9b5-0bbdad58-9c0893f2-20f23746.mp3],NOUN
84887000488,"<b>husten</b>, <span style=""color:#0DA6FF"">hustete</span>, hat <span style=""color:#FFFB3D"">gehustet</span>",Sie hustet seit zwei Tagen. Sie ist krank. [sound:gtts-s1-2e632c30-2d2fb4ae-b10a0dc2-b680ab3f-ee307972.mp3],to cough,She coughs for two days. She's sick.,,,[sound:gtts-wort-8c61b6db-599d3d46-4b783ae2-f95c7cca-6cfffa37.mp3],VERB
84887000489,"<span style=""color:#F5279F""><b>die</b></span> Idee, -n",Was machen wir heute Abend? Hast du eine gute Idee? [sound:gtts-s1-0cb9376e-6866f6e1-411d5009-84f69310-b966b11e.mp3],idea,What are we going to do this evening? Do you have a good idea?,,,[sound:gtts-wort-6bb77e19-4077a0f2-f445a333-5b318494-f0cdfb77.mp3],NOUN
84887000490,jung,"Claudia ist 21. - Was? Noch so jung?<br><hr class=""sent-sep""><br>Bei uns im Haus wohnen viele junge Leute.<br><hr class=""sent-sep""><br>Mein Bruder ist fünf Jahre jünger als ich. [sound:gtts-s1-cce5a31b-3c6def87-a82190d2-b9c56d78-c500da3c.mp3]",young,"Claudia is 21. - What? Still young?<br><hr class=""sent-sep""><br>There are many young people in our house.<br><hr class=""sent-sep""><br>My brother is five years younger than me.",,,[sound:gtts-wort-5e3a9368-4190665a-ffaee456-9cd84457-284210bc.mp3],ADJ
84887000491,immer,Frau Bast kommt immer zu spät. [sound:gtts-s1-e3456e89-a6131bee-ebe50c3c-6a42cc62-91936cfb.mp3],always,Mrs. Bast always comes too late.,,,[sound:gtts-wort-e8c1d03c-f21fa5c4-7b0cbc94-57c15773-026a04d7.mp3],ADV
84887000492,"<span style=""color:#279FF5""><b>der</b></span> Junge, -n",In der Klasse von meiner Tochter sind 13 Jungen und 15 Mädchen. [sound:gtts-s1-fdb5dd06-2c0042c4-0efd164d-d9f9c32e-1e016ef4.mp3],Boy,In the class of my daughter are 13 boys and 15 girls.,,,[sound:gtts-wort-99c4a741-8de71be1-5f57aca2-54396cba-29bec256.mp3],NOUN
84887000493,in,"Ich wohne in Wiesbaden.<br><hr class=""sent-sep""><br>Der Zug kommt in fünf Minuten.<br><hr class=""sent-sep""><br>Frau Rausch arbeitet im Reisebüro.<br><hr class=""sent-sep""><br>Komm, wir gehen ins Kino. [sound:gtts-s1-354e1a84-03092b41-d881bb93-767de357-7f2fe314.mp3]",in,"I live in Wiesbaden.<br><hr class=""sent-sep""><br>The train comes in five minutes.<br><hr class=""sent-sep""><br>Mrs. Rausch works in the travel agency.<br><hr class=""sent-sep""><br>Come on, we'll go to the movies.",,,[sound:gtts-wort-d5f4aa57-43f398ff-aa34fdba-75453b57-65072913.mp3],ADV
84887000494,"<span style=""color:#F5279F""><b>die</b></span> Information, -en","Wir haben hier einige wichtige Informationen für Sie.<br><hr class=""sent-sep""><br>Wenn Sie Fragen haben, gehen Sie zur Information. [sound:gtts-s1-5ce94fef-7d68dc96-f3ec6b68-b2bfc03d-f9424e6e.mp3]",information,"We have some important information for you here.<br><hr class=""sent-sep""><br>If you have any questions, go to the information.",,,[sound:gtts-wort-e38ec434-f43e1f2b-e79c372f-ffd3ea17-a0c78583.mp3],NOUN
84887000495,"<b>sich informieren</b>, <span style=""color:#0DA6FF"">informierte</span>, hat <span style=""color:#FFFB3D"">informiert</span>","Ich möchte mich vor der Reise über das Land informieren.<br><hr class=""sent-sep""><br>Hast du dich über die Prüfung informiert? [sound:gtts-s1-febc3f79-0600b962-6922971e-54de95a1-9afe91f7.mp3]",to inform oneself about (so./sth.) / to catch up on sth.,"I would like to know about the country before the trip.<br><hr class=""sent-sep""><br>Did you know about the exam?",,,[sound:gtts-wort-e77111c8-ba781698-0ad2bb0d-8b8db8a5-f9125af8.mp3],VERB
84887000496,"<span style=""color:#279FF5""><b>der</b></span> Kaffee, -s","Zum Frühstück trinke ich immer Kaffee.<br><hr class=""sent-sep""><br>Einen Kaffee, bitte. [sound:gtts-s1-884cbe7b-915793d3-cb46d51c-5e513067-70f43886.mp3]",coffee,"For breakfast, I always drink coffee.<br><hr class=""sent-sep""><br>A coffee please.",,,[sound:gtts-wort-f29e17f4-46a01a9e-6eb2faa8-c3de503c-e9a5b8dc.mp3],NOUN
84887000497,"<span style=""color:#279FF5""><b>der</b></span> Kalender, -","Haben Sie am Montag Zeit? - Einen Moment, ich schaue in meinem Kalender.<br><hr class=""sent-sep""><br>Ich schreibe alle Termine in meinen Kalender. [sound:gtts-s1-b82d6c76-f749c1f8-78210ef7-1458f245-a023831b.mp3]",calendar,"Do you have time on Monday? - One moment, I look in my calendar.<br><hr class=""sent-sep""><br>I write all dates in my calendar.",,,[sound:gtts-wort-73a5ca3f-1a74b373-40fc2739-a66593ac-df0b4105.mp3],NOUN
84887000498,kalt,"Heute ist es sehr kalt.<br><hr class=""sent-sep""><br>Der Kaffee ist kalt. Ich möchte ihn nicht mehr trinken.<br><hr class=""sent-sep""><br>Mir ist kalt. [sound:gtts-s1-0d3a8d63-bf7505f7-e6189e52-0beb1a34-14692beb.mp3]",cold,"Today it is very cold.<br><hr class=""sent-sep""><br>The coffee is cold. I do not want to drink it anymore.<br><hr class=""sent-sep""><br>I'm cold.",,,[sound:gtts-wort-bd9a9008-5f425104-f4981eff-36e4b0c4-6d0d5b62.mp3],ADJ
84887000499,"<span style=""color:#F5279F""><b>die</b></span> Insel, -n","Ich möchte im Sommer auf einer Insel Urlaub machen.<br><hr class=""sent-sep""><br>Rügen ist die größte deutsche Insel. [sound:gtts-s1-dfbfcc5e-9bc9bc84-90b27a8f-7c73027e-8ca17832.mp3]",island,"I would like to spend the summer on an island holiday.<br><hr class=""sent-sep""><br>Rügen is the largest German island.",,,[sound:gtts-wort-a2ecdf9e-3ec1e837-f94d338a-f0902074-cccbae98.mp3],NOUN
84887000500,"<span style=""color:#9FF527""><b>das</b></span> Instrument, -e",Ich spiele Klavier. Spielen Sie auch ein Instrument? [sound:gtts-s1-be75ed0c-07c2bc22-183e1a49-b37e2946-31467d31.mp3],instrument,I play piano. Do you also play an instrument?,,,[sound:gtts-wort-756dfeac-5da4b55d-8c291d97-5c034269-3f9bff49.mp3],NOUN
84887000501,intelligent,Einstein war sehr intelligent. [sound:gtts-s1-0501a378-92d6fb42-2622a275-910105e3-3ba183df.mp3],intelligent,Einstein was very intelligent.,,,[sound:gtts-wort-7205b82f-d1a1b121-2860e453-2d9e4291-80dfc046.mp3],ADJ
84887000502,"<span style=""color:#F5279F""><b>die</b></span> Kamera, -s",Hannes hat eine neue Kamera. Er kann mit der Kamera Fotos und Filme machen. [sound:gtts-s1-bbe0441c-b8c11bd0-1910194c-5df4e215-1243cc49.mp3],camera,Hannes has a new camera. He can take pictures and movies with the camera.,,,[sound:gtts-wort-0c3b27e1-242428cc-2571b591-1ecbaeb5-7b3348d5.mp3],NOUN
84887000503,"<span style=""color:#9FF527""><b>das</b></span> Interesse, -n","Ich habe viele Interessen: Sport, Lesen, Kultur, Reisen. [sound:gtts-s1-78cbbea0-a1ec428d-8417beb0-bc120650-1cdfc8c3.mp3]",interest,"I have many interests: sports, reading, culture, travel.",,,[sound:gtts-wort-826e991a-a96b8213-8a7fc962-e0f7ed87-64327c1a.mp3],NOUN
84887000504,kaputt,Unsere Waschmaschine ist kaputt. [sound:gtts-s1-e2eb994b-bcf5c1a8-ca1ea9f4-85704eea-02e03a30.mp3],broken,Our washing machine is broken.,,,[sound:gtts-wort-df29b339-ed2b4e2e-84dd73e7-fad034f6-9021bf3a.mp3],ADJ
84887000505,"<span style=""color:#F5279F""><b>die</b></span> Karte, -n","Ich schreibe meinen Bekannten eine Karte aus dem Urlaub.<br><hr class=""sent-sep""><br>Wollen wir Karten spielen?<br><hr class=""sent-sep""><br>Du musst noch die Karten für das Konzert abholen, vergiss das bitte nicht!<br><hr class=""sent-sep""><br>Die Karte, bitte! Ich möchte etwas bestellen. Kann ich auch mit Karte zahlen? [sound:gtts-s1-78e27180-6b25d6e4-02a53575-b18fb42e-ea520813.mp3]",map,"I am writing a card from my holiday to my friend.<br><hr class=""sent-sep""><br>Do we want to play cards?<br><hr class=""sent-sep""><br>You still have to pick the tickets for the concert, please do not forget!<br><hr class=""sent-sep""><br>The menu please! I would like to order something. Can I pay by card?",,,[sound:gtts-wort-d6ac680b-5ad8baaa-5aa1bb04-5268b09d-01ee4112.mp3],NOUN
84887000506,"<b>sich interessieren</b>, <span style=""color:#0DA6FF"">interessierte</span>, hat <span style=""color:#FFFB3D"">interessiert</span>",Ich interessiere mich für Fußball. [sound:gtts-s1-b6935a7e-b94d1877-5beabf20-2257e5ad-f6d2bd5a.mp3],to be interested in (so./sth.) / to care about (so./sth.),I am interested in football.,,,[sound:gtts-wort-fc7b0f9b-704fae6e-10782868-ff918861-8675f9d7.mp3],VERB
84887000507,interessant,"Den Artikel über Brasilien finde ich sehr interessant.<br><hr class=""sent-sep""><br>Ich lese gerade ein interessantes Buch. [sound:gtts-s1-d5b23aa8-c667ca8b-5105c068-e41fb1d0-56dd695f.mp3]",interesting,"I find the article about Brazil very interesting.<br><hr class=""sent-sep""><br>I'm reading an interesting book.",,,[sound:gtts-wort-47fe3e63-f0300759-05b3dc04-f620d0b9-5c17bb99.mp3],ADJ
84887000508,international,"Unser Deutschkurs ist international: Silvana kommt aus Italien, Conchi aus Spanien, Yin aus China … [sound:gtts-s1-0e3e0d10-f791258d-3ba48891-d24e8f13-ebc07bc4.mp3]",international,"Our German course is international: Silvana is from Italy, Conchi from Spain, Yin from China ...",,,[sound:gtts-wort-b6ab00aa-9a344ca7-cc3d7bb4-77bdf576-6faefe41.mp3],ADJ
84887000509,"<span style=""color:#9FF527""><b>das</b></span> Internet, (Sg.)","Das findest du im Internet.<br><hr class=""sent-sep""><br>Du kannst im Internet Musik hören oder Spiele spielen. [sound:gtts-s1-a9636b47-0b26cae5-36786f07-b745958d-eeccf308.mp3]",internet,"You can find this on the Internet.<br><hr class=""sent-sep""><br>You can listen to music or play games on the Internet.",,,[sound:gtts-wort-61fae89f-41a531ad-c9d7d9eb-4dd32049-4682f197.mp3],NOUN
84887000510,"<span style=""color:#F5279F""><b>die</b></span> Kartoffel, -n",Für Pommes frites braucht man Kartoffeln. [sound:gtts-s1-04c298d4-8b66fd3b-c93b8773-d3a97e5c-e8238720.mp3],potato,For potato fries you need potatoes.,,,[sound:gtts-wort-4e7b18ea-2f5ad4fa-1e0f2777-39332bdc-5884a1c1.mp3],NOUN
84887000511,"<span style=""color:#279FF5""><b>der</b></span> Käse, (Sg.)",Isst du lieber Käse oder Wurst? [sound:gtts-s1-3f4c5808-ad8a2419-6a669faa-cc09b0e8-25568fde.mp3],cheese,Do you prefer cheese or sausage?,,,[sound:gtts-wort-adfc54e6-b416e629-839a5707-3029ba49-c019a1e6.mp3],NOUN
84887000512,"<span style=""color:#F5279F""><b>die</b></span> Kasse, -n",Zahlen Sie bitte an der Kasse. [sound:gtts-s1-3a302b6d-aaec6728-dca69303-bf6b0d5b-1b097412.mp3],cash register,Please pay at the cash register.,,,[sound:gtts-wort-649cad31-a4631711-c3a365e6-f572ce47-31ebbe84.mp3],NOUN
84887000513,"<span style=""color:#F5279F""><b>die</b></span> Katze, -n",Meine Tochter wünscht sich eine Katze. [sound:gtts-s1-3563433b-75adf6ca-dcc82a38-c92a4c25-4fbfa50e.mp3],cat,My daughter wants a cat.,,,[sound:gtts-wort-f7c01b5d-c4fbea57-647d7d8e-39a3af47-c8a1b695.mp3],NOUN
84887000514,"<b>kaufen</b>, <span style=""color:#0DA6FF"">kaufte</span>, hat <span style=""color:#FFFB3D"">gekauft</span>",Tim kauft sich ein neues Auto. [sound:gtts-s1-99e4d48f-893ed4ef-077b3af2-4097fa26-1f4d64b9.mp3],to buy,Tim buys a new car.,,,[sound:gtts-wort-07d6ed42-8d0b4698-81c52857-d2497466-e987c18d.mp3],VERB
84887000515,"<span style=""color:#9FF527""><b>das</b></span> Interview, -s",Komm schnell! Im Radio kommt ein Interview mit deinem Lieblingssänger. [sound:gtts-s1-5ba31608-72d4fc13-79eaa4d4-fb1c235d-f02e1d86.mp3],interview,Come quickly! On the radio comes an interview with your favorite singer.,,,[sound:gtts-wort-2ec69076-4c764b24-3efd3a4a-5944dc08-a1cf515e.mp3],NOUN
84887000516,"<span style=""color:#9FF527""><b>das</b></span> Kaufhaus, ""-er",Meine Pullover kaufe ich immer im Kaufhaus Hertie. [sound:gtts-s1-6c56a2a4-77cfdfae-be347050-f80edb17-4da59a00.mp3],department store,I always buy my sweaters at the Hertie store.,,,[sound:gtts-wort-2530b946-be515d69-0a8a3e48-ced3b9a7-e13bc544.mp3],NOUN
84887000517,kein,"Hast du keinen Hunger?<br><hr class=""sent-sep""><br>Ich habe heute leider keine Zeit.<br><hr class=""sent-sep""><br>Ich spreche leider kein Chinesisch.<br><hr class=""sent-sep""><br>Ich habe keine Kinder. [sound:gtts-s1-d602e5ae-186cc783-98b78f50-984bf6fa-db7df52e.mp3]",no / none,"Are you not hungry?<br><hr class=""sent-sep""><br>Sadly I do not have any time today.<br><hr class=""sent-sep""><br>Unfortunately I do not speak Chinese.<br><hr class=""sent-sep""><br>I have no kids.",,,[sound:gtts-wort-bc4e79a3-08e7d393-ffb70c40-4a198055-6331debb.mp3],PRON
84887000518,ja,"Sind Sie Herr Watanabe? - Ja.<br><hr class=""sent-sep""><br>Du bist hier in Berlin? Das ist ja toll! [sound:gtts-s1-4c5b957a-6310fc8f-cd9dadb3-3a658e69-3cb8d434.mp3]",yes,"Are you Mr. Watanabe? - Yes.<br><hr class=""sent-sep""><br>You are here in Berlin? That's great!",,,[sound:gtts-wort-4a84e704-7d804407-e4839625-c4f2f11e-74e54494.mp3],PHRASE
84887000519,"<span style=""color:#F5279F""><b>die</b></span> Jacke, -n",Zieh dir eine Jacke an. Es ist kalt. [sound:gtts-s1-3ce28f0e-4e334629-7ba19cb9-60d6e39a-0109d968.mp3],jacket,Put on a jacket. It is cold.,,,[sound:gtts-wort-d0e0653d-f46169d7-1a62426c-1a3689b7-653275dc.mp3],NOUN
84887000520,"<span style=""color:#F5279F""><b>die</b></span> Jeans, (Pl.)",Ich mag Jeans lieber als Röcke. [sound:gtts-s1-256a6344-4c08dfc6-4f836bc1-a771d4a8-cf45cedd.mp3],Jeans,I like jeans rather than skirts.,,,[sound:gtts-wort-1dfc22c5-cc531c94-2aea24be-a1a56b6a-9b4d4ad7.mp3],NOUN
84887000521,"<span style=""color:#279FF5""><b>der</b></span> Keller, -","Bitte bring die Kartoffeln in den Keller!<br><hr class=""sent-sep""><br>Die Waschmaschinen sind im Keller. [sound:gtts-s1-d9106e8f-a1ad8509-8913fab3-8dd21913-cbf1d14a.mp3]","basement, cellar","Please bring the potatoes to the cellar!<br><hr class=""sent-sep""><br>Washing machines are in the cellar.",,,[sound:gtts-wort-3ee89875-b23f8932-679cb480-4a743bd8-7443a237.mp3],NOUN
84887000522,jeden,Das Restaurant hat jeden Tag geöffnet. [sound:gtts-s1-c14ed370-6e39be90-33bc64a4-ab4a2355-8776a441.mp3],each,The restaurant is open every day.,,,[sound:gtts-wort-fd24661f-d1374e94-41aee10b-0ab504de-77e85da5.mp3],PRON
84887000523,jedes,Jedes Kind bekommt einen Ball. [sound:gtts-s1-abdd1f89-03108bab-ab2eb45a-cbdfe75c-5333a7c0.mp3],each,Each child gets a ball.,,,[sound:gtts-wort-c3cc4c45-ddee59e1-794b5c9d-c5166a01-98d8b417.mp3],PRON
84887000524,jemand,"Hat jemand meinen Stift?<br><hr class=""sent-sep""><br>Hallo, ist jemand da? [sound:gtts-s1-59547b67-09c27aec-6e0a4622-2a639ac9-131ce28f.mp3]",someone,"Does anyone have my pen?<br><hr class=""sent-sep""><br>Hello is anyone here?",,,[sound:gtts-wort-26d267ee-e8f1dc63-690dd328-adbdffbf-97eae8b9.mp3],PRON
84887000525,"<b>kennen</b>, <span style=""color:#0DA6FF"">kannte</span>, hat <span style=""color:#FFFB3D"">gekannt</span>","Kennen Sie diese Frau? - Nein, leider nicht.<br><hr class=""sent-sep""><br>Kennen Sie Berlin? - Ja, eine tolle Stadt. [sound:gtts-s1-26e0537d-925e0d0e-9f1ede3e-d78cad3f-eab6e8d8.mp3]",to know (so./sth.),"Do you know this woman? - No, unfortunately not.<br><hr class=""sent-sep""><br>Do you know Berlin? - Yes, a great city.",,,[sound:gtts-wort-371f4c4b-320cef5b-8ba46cf6-de087aed-0f58db1b.mp3],VERB
84887000526,"<b>kennenlernen</b>, <span style=""color:#0DA6FF"">lernte kennen</span>, hat <span style=""color:#FFFB3D"">kennengelernt</span>",Wo habt ihr euch kennengelernt? - Wir haben uns in München kennengelernt. [sound:gtts-s1-8bf6bc72-35f1f043-d2ae68a5-7ee4e857-c6f74fec.mp3],to get to know,Where did you get to know each other? - We met in Munich.,,,[sound:gtts-wort-87c94135-a9e872d9-5c03f500-ee16f478-5d621db7.mp3],VERB
84887000527,jetzt,Jetzt machen wir eine Pause. [sound:gtts-s1-2cef9383-f587e35e-6b90c46b-96594685-8dd84655.mp3],now,Now we're taking a break.,,,[sound:gtts-wort-939ca8de-9de1f02b-02ab8274-ab048197-12a51641.mp3],ADV
84887000528,"<span style=""color:#279FF5""><b>der</b></span> Job, -s","Jenny hat einen neuen Job bei der Post.<br><hr class=""sent-sep""><br>Ich suche noch einen Ferienjob. [sound:gtts-s1-3457a291-b2f4d7ae-4033ac2b-c2bc41b0-24abf8f6.mp3]",job,"Jenny has a new job at the post office.<br><hr class=""sent-sep""><br>I'm looking for a holiday job.",,,[sound:gtts-wort-eefbd2c4-4d5b6bb2-a039fe6e-0bafd7f3-14382bab.mp3],NOUN
84887000529,"<span style=""color:#F5279F""><b>die</b></span> Kenntnisse, (Pl.)","Deine Deutschkenntnisse sind sehr gut!<br><hr class=""sent-sep""><br>Ich möchte meine Computerkenntnisse verbessern. [sound:gtts-s1-af041f66-cf0826c5-ec6c4b7a-e26bd362-9d6dabc0.mp3]",expertise,"Your German skills are very good!<br><hr class=""sent-sep""><br>I would like to improve my computer skills.",,,[sound:gtts-wort-24875190-608e5305-34d77631-da7e6d0b-c6fef260.mp3],NOUN
84887000530,"<b>joggen</b>, <span style=""color:#0DA6FF"">joggte</span>, hat <span style=""color:#FFFB3D"">gejoggt</span>",Ich jogge gern im Park. [sound:gtts-s1-e08eaad9-c199ab87-35f43056-159de5dc-4132c22c.mp3],to jog,I like to jog in the park.,,,[sound:gtts-wort-94f737e3-6e85bb59-54e378bb-db376833-e2b2bf53.mp3],VERB
84887000531,"<span style=""color:#F5279F""><b>die</b></span> Kette, -n",Meine Mutter bekommt eine schöne Kette zum Geburtstag. [sound:gtts-s1-2f5354df-5bff033b-98a080ce-1e7e5aef-df63fba1.mp3],chain,My mother gets a nice necklace for her birthday.,,,[sound:gtts-wort-c6aac9cc-c1b684e6-e6efa5a4-4c6349a6-4334c436.mp3],NOUN
84887000532,"<span style=""color:#F5279F""><b>die</b></span> Jugendherberge, -n",Wir übernachten in einer Jugendherberge. [sound:gtts-s1-7c2c278b-637ab080-5d85ed4f-a2b186b1-0953c386.mp3],youth hostel,We stay in a youth hostel.,,,[sound:gtts-wort-7fc145f5-dc46937a-43a4fcdf-f80fe3c1-affe3011.mp3],NOUN
84887000533,"<span style=""color:#9FF527""><b>das</b></span> Kind, -er",Wie viele Kinder haben Sie? [sound:gtts-s1-08a8630e-b4fd8a48-aa566ce4-2e148d4c-c256e461.mp3],child,How many children do you have?,,,[sound:gtts-wort-3b02dafb-6e0d2a83-9789e0f6-f0e04a0b-ec53074f.mp3],NOUN
84887000534,"<span style=""color:#279FF5""><b>der</b></span> Jugendliche (männlich), -n",Viele Jugendliche hören den ganzen Tag Musik. [sound:gtts-s1-24282795-7d806838-7173bc95-2330456a-9cebcd89.mp3],Youth (male),Many teenagers listen to music all day.,,,[sound:gtts-wort-aa330fef-d55a844a-b5ba9c6f-bd747d6b-19442a69.mp3],NOUN
84887000535,"<span style=""color:#F5279F""><b>die</b></span> Jugendliche (weiblich), -n",Der Eintritt für Kinder und Jugendliche bis 16 Jahre ist frei. [sound:gtts-s1-f3063d8d-4bf9da89-42638c26-4d7cd39e-012c9798.mp3],Youth (female),Admission for children up to 16 years is free.,,,[sound:gtts-wort-ce80abb9-f9263e87-cb66f3cd-c8a58180-f022f025.mp3],NOUN
84887000536,"<span style=""color:#279FF5""><b>der</b></span> Kindergarten, """,Die kleine Laura geht schon in den Kindergarten. [sound:gtts-s1-842252a9-fb596bea-d7ad2304-7b595bed-fc49fe23.mp3],kindergarten,Little Laura is already going to kindergarten.,,,[sound:gtts-wort-cf41e328-841d572b-565ed8d8-5f5580fd-9ff2fb74.mp3],NOUN
84887000537,"<span style=""color:#9FF527""><b>das</b></span> Kino, -s",Gehen wir heute Abend zusammen ins Kino? [sound:gtts-s1-e99e2835-84f6676d-92c35295-fe2eeacc-83a35dd8.mp3],movie theater,Are we going to the cinema tonight?,,,[sound:gtts-wort-7229c381-979ba8ba-6f1b44bc-b2c1393f-5f1cef61.mp3],NOUN
84887000538,"<span style=""color:#279FF5""><b>der</b></span> Kiosk, -e",Zeitungen kannst du am Kiosk kaufen. [sound:gtts-s1-2104011c-f595d0fa-dc8478ff-a682007e-759b21a5.mp3],kiosk,You can buy newspapers at the kiosk.,,,[sound:gtts-wort-f47e41af-2d749475-579aebe2-55536e4b-34547127.mp3],NOUN
84887000539,"<span style=""color:#F5279F""><b>die</b></span> Kirche, -n",Diese Kirche ist fast 800 Jahre alt. [sound:gtts-s1-f47acb9c-b1383088-bebbde50-e9f6c232-fd3404c5.mp3],church,This church is almost 800 years old.,,,[sound:gtts-wort-5c006b50-a0615d86-83a354c4-0156793e-59507b7e.mp3],NOUN
84887000540,kostenlos,Diese Zeitschrift kostet nichts. Sie ist kostenlos. [sound:gtts-s1-413f3b80-8d180714-8ddd62b4-85e428aa-208edd21.mp3],free,This magazine costs nothing. It is free.,,,[sound:gtts-wort-d7176cd0-1fe855a6-c0d95683-1005b43c-ba9a71ef.mp3],ADJ
84887000541,"<b>klappen</b>, <span style=""color:#0DA6FF"">klappte</span>, hat <span style=""color:#FFFB3D"">geklappt</span>","Können wir uns heute Mittag treffen? - Ja, das klappt.<br><hr class=""sent-sep""><br>Wie war die Reise? - Gut, es hat alles super geklappt. [sound:gtts-s1-ad3fa026-56cc9b1e-5ecfbb99-595cacec-55c3290c.mp3]",to fold,"Can we have lunch today? - Yeah, that works.<br><hr class=""sent-sep""><br>How was the trip? - Well, it worked out very well.",,,[sound:gtts-wort-ad2b99de-9fcb95b3-d4e9c5e7-93bb51ce-d11bca03.mp3],VERB
84887000542,krank,"Ich kann heute nicht zur Arbeit kommen, ich bin krank und liege im Bett. [sound:gtts-s1-a0ebc24a-5d2cf169-bc4d4dcb-08d7a8fe-a1d8c006.mp3]",sick,"I can not come to work today, I am sick and lie in bed.",,,[sound:gtts-wort-da5d5d88-5a8a3bcd-6655f194-d80d67b6-1f258f85.mp3],ADJ
84887000543,"<span style=""color:#9FF527""><b>das</b></span> Krankenhaus, ""-er","Meine Tante ist im Krankenhaus.<br><hr class=""sent-sep""><br>Er hat sich verletzt und muss ins Krankenhaus. [sound:gtts-s1-fe6a27f2-5dc5bdb8-beb8d99a-957d8ca1-4f941732.mp3]",hospital,"My aunt is in the hospital.<br><hr class=""sent-sep""><br>He hurt himself and has to go to the hospital.",,,[sound:gtts-wort-b472bbf9-f18568ff-a115a9f6-cd452763-931f266a.mp3],NOUN
84887000544,klar,"Kommst du mit? - Klar!<br><hr class=""sent-sep""><br>Ich komme morgen zu deiner Party, das ist doch klar. [sound:gtts-s1-acf17daa-2eaf1c06-97ccd599-867d161a-c81742a9.mp3]",clearly / obvious,"Are you coming with me? - Clear!<br><hr class=""sent-sep""><br>I'll come to your party tomorrow, that's clear.",,,[sound:gtts-wort-2e81f295-7352eae3-c1a53b11-dce8e13b-8f6b80e7.mp3],ADJ
84887000545,"<span style=""color:#F5279F""><b>die</b></span> Krankenkasse, -n",Bei welcher Krankenkasse sind Sie? [sound:gtts-s1-a8febe49-237c60d8-8230bcf0-41d43319-58d0e3ab.mp3],health insurance,What is your health insurance?,,,[sound:gtts-wort-61e92b99-193cda4a-82a7b9eb-e93a25df-bdc62f4f.mp3],NOUN
84887000546,"<span style=""color:#F5279F""><b>die</b></span> Krankheit, -en",Welche Krankheit hat Herr Brandner? [sound:gtts-s1-2bd031d0-b518cdd8-97360e1a-c0aa733f-99f047df.mp3],illness,What disease does Mr. Brandner have?,,,[sound:gtts-wort-138c398d-b0263508-5d4e1a5e-82ba9d13-e0dd51b6.mp3],NOUN
84887000547,"<span style=""color:#279FF5""><b>der</b></span> Kredit, -e","Ich brauche einen Kredit von der Bank.<br><hr class=""sent-sep""><br>Bezahlen Sie mit Kreditkarte? [sound:gtts-s1-4f581695-f5a7e63f-878b3dba-640be5e2-8f84e50e.mp3]",credit,"I need a credit from the bank.<br><hr class=""sent-sep""><br>Do you pay by credit card?",,,[sound:gtts-wort-4d19ea06-e2f83858-f0043e75-1257e575-aff4b271.mp3],NOUN
84887000548,"<span style=""color:#9FF527""><b>das</b></span> Klavier, -e",Jakob kann sehr gut Klavier spielen. [sound:gtts-s1-8da454be-399464b6-0e37e13b-d53369fd-5a4ef86e.mp3],piano,Jakob can play the piano very well.,,,[sound:gtts-wort-ac50dcf7-af278783-e2649d4a-8e16b360-3eca84ca.mp3],NOUN
84887000549,"<span style=""color:#9FF527""><b>das</b></span> Kleid, -er",Julia möchte ein rotes Kleid kaufen. [sound:gtts-s1-a12d9698-209bdd9e-e4a0fae1-28111af0-a3cf399e.mp3],dress,Julia wants to buy a red dress.,,,[sound:gtts-wort-b07bf830-26ab1887-39ae97eb-f3bba7a7-873ae3b5.mp3],NOUN
84887000550,"<span style=""color:#F5279F""><b>die</b></span> Kreuzung, -en",Fahren Sie an der nächsten Kreuzung rechts. [sound:gtts-s1-ab258861-cf75d2d8-b33fab2c-52be39ce-0b5a2511.mp3],crossing,At the next intersection turn right.,,,[sound:gtts-wort-bf0dae98-52e8518b-703d2b65-923976d5-9f02f3a4.mp3],NOUN
84887000551,"<span style=""color:#F5279F""><b>die</b></span> Kleidung, (Sg.)","Wo finde ich Kleidung? - Hosen im ersten, Kleider und Röcke im zweiten Stock. [sound:gtts-s1-a346a7a0-a74150bb-d6a5aa2d-8118fe14-0e0bc86c.mp3]",cloths / outfit,"Where can I find clothes? - pants in the first, clothes and skirts on the second floor.",,,[sound:gtts-wort-b1b26cd9-335708ca-79c40d89-b94a721d-6860c032.mp3],NOUN
84887000552,"<b>kriegen</b>, <span style=""color:#0DA6FF"">kriegte</span>, hat <span style=""color:#FFFB3D"">gekriegt</span>","Ich kriege 15 Euro pro Stunde für meinen Job.<br><hr class=""sent-sep""><br>Auch wenn du schnell läufst: Ich kriege dich.<br><hr class=""sent-sep""><br>Was kriegen Sie? - Ein Käsebrötchen, bitte. [sound:gtts-s1-4b4aa4ac-99678425-9253ad22-40cf1760-6a88fb9a.mp3]",to get,"I get 15 euros per hour for my job.<br><hr class=""sent-sep""><br>Even if you run quickly: I'll get you.<br><hr class=""sent-sep""><br>What do you get? - A cheese roll, please.",,,[sound:gtts-wort-6b93cd79-20c71271-4cdbdc0e-37e407d8-bc6bbaf1.mp3],VERB
84887000553,klein,"Unsere Wohnung ist sehr klein.<br><hr class=""sent-sep""><br>Unsere Tochter ist noch klein. Sie ist erst zwei Jahre alt.<br><hr class=""sent-sep""><br>Wir machen am Wochenende einen kleinen Ausflug. [sound:gtts-s1-5b09b15d-769c2170-5af2544a-c0cb9ebd-3df544cc.mp3]",small,"Our apartment is very small.<br><hr class=""sent-sep""><br>Our daughter is still small. She is only two years old.<br><hr class=""sent-sep""><br>We make a small trip on weekends.",,,[sound:gtts-wort-54b2520a-3f139f6e-7c7e7e2c-be3f4f82-8453a351.mp3],ADJ
84887000554,"<span style=""color:#279FF5""><b>der</b></span> Krimi, -s","Miriam liest gern spannende Krimis.<br><hr class=""sent-sep""><br>Schauen wir am Sonntag zusammen den Tatort? - Nein, ich mag keine Krimis. [sound:gtts-s1-56ca8e5e-9e8e5d21-6e5ada59-4e6aeda8-25b657db.mp3]",thriller,"Miriam likes to read exciting thrillers.<br><hr class=""sent-sep""><br>Do we see the crime scene together on Sunday? - No, I do not like thrillers.",,,[sound:gtts-wort-2a90868d-618d99fb-79146e58-0e00bc93-00a1f29b.mp3],NOUN
84887000555,klug,"Molly ist ein kluges Mädchen.<br><hr class=""sent-sep""><br>Lisa ist sehr klug. Sie bekommt immer gute Noten.<br><hr class=""sent-sep""><br>Das ist klug von dir. [sound:gtts-s1-75bd1192-fdd7b11e-41ec273d-cbbedd9b-ef47721c.mp3]",smart,"Molly is a wise girl.<br><hr class=""sent-sep""><br>Lisa is very smart. She always gets good grades.<br><hr class=""sent-sep""><br>This is wise of you.",,,[sound:gtts-wort-47e338d2-3fed35be-76c60355-6083bf1e-29c15c0c.mp3],ADJ
84887000556,"<b>kochen</b>, <span style=""color:#0DA6FF"">kochte</span>, hat <span style=""color:#FFFB3D"">gekocht</span>","Herr Georgi kann gut kochen.<br><hr class=""sent-sep""><br>Das Wasser kocht. [sound:gtts-s1-91e42597-439f530b-e39369ea-cd0c4dc4-29d4f83b.mp3]",to cook,"Mr. Georgi can cook well.<br><hr class=""sent-sep""><br>The water is boiling.",,,[sound:gtts-wort-a60cc798-cdc638e5-fffa1057-af38f6b4-f253d9f2.mp3],VERB
84887000557,"<span style=""color:#F5279F""><b>die</b></span> Küche, -n","Ich suche eine neue Wohnung mit drei Zimmern, Küche und Bad. [sound:gtts-s1-f6a5f537-f1a9c151-18a2a688-87554090-fb16628e.mp3]",kitchen,"I am looking for a new apartment with three rooms, kitchen and bathroom.",,,[sound:gtts-wort-ed35e948-b1ddbbb2-c0692c9f-882b1324-d18c0a37.mp3],NOUN
84887000558,"<span style=""color:#279FF5""><b>der</b></span> Kuchen, -","Er ißt sonntags ein Stück Kuchen.<br><hr class=""sent-sep""><br>Schokoladenkuchen schmeckt mir am besten. [sound:gtts-s1-728964f0-48c753c5-e8b039f9-d4a48a3d-ef6dea00.mp3]",cake,"He eats a piece of cake on Sundays.<br><hr class=""sent-sep""><br>Chocolate cake tastes best to me.",,,[sound:gtts-wort-fb9633ff-0be26294-2d1bbc98-b93a85c7-72a2c199.mp3],NOUN
84887000559,kühl,Es ist kühl draußen. Zieh dir eine Jacke an. [sound:gtts-s1-7f62c8d2-176117be-787edb13-b574ed53-0cf7aa77.mp3],cool,It's cool outside. Put on a jacket.,,,[sound:gtts-wort-6d91286f-aa5bd906-f402b0ff-1275e41e-0b27e880.mp3],ADJ
84887000560,"<span style=""color:#279FF5""><b>der</b></span> Koffer, -",Hast du den Koffer schon gepackt? [sound:gtts-s1-62335b64-7cb72838-f7883f97-da28e671-8ae0e0d2.mp3],suitcase,Have you already packed the suitcase?,,,[sound:gtts-wort-5190f040-305130e4-904cc5ae-26f64468-ac76397e.mp3],NOUN
84887000561,"<span style=""color:#279FF5""><b>der</b></span> Kühlschrank, ""-e","Haben wir noch Milch? - Ja, im Kühlschrank. [sound:gtts-s1-a36ca5c7-18b810e3-9ec8814d-6cbbb2b0-6be8b890.mp3]",fridge,"Do we still have milk? - Yes, in the fridge.",,,[sound:gtts-wort-6c70b334-375a21d1-01394b25-fe99d24f-31e175f0.mp3],NOUN
84887000562,"<span style=""color:#279FF5""><b>der</b></span> Kollege, -n",Wie heißt der neue Kollege? [sound:gtts-s1-bc33a683-2548d7fc-7f609bf2-c64eb36d-0ae263ee.mp3],male colleague / co-worker,What is the name of the new colleague?,,,[sound:gtts-wort-86336606-9d853e1b-f2c4c4d4-41121f78-0a0933c7.mp3],NOUN
84887000563,"<span style=""color:#F5279F""><b>die</b></span> Kollegin, -nen",Wie heißt die neue Kollegin? [sound:gtts-s1-0780e86e-47f61082-c80f7eb4-8aac771f-8bb7e1d1.mp3],female colleague / co-worker,What is the name of the new colleague?,,,[sound:gtts-wort-0ba13a46-72ea99bc-1f349d72-16ea0ca2-d143ab56.mp3],NOUN
84887000564,"<span style=""color:#F5279F""><b>die</b></span> Kultur, -en","Ich finde fremde Länder und Kulturen sehr interessant.<br><hr class=""sent-sep""><br>Jana interessiert sich sehr für Kultur. Sie geht jede Woche ins Theater oder ins Museum. [sound:gtts-s1-3da9d29f-8377fb07-4a3a1e89-c19f762d-c7fabb2e.mp3]",culture,"I find foreign countries and cultures very interesting.<br><hr class=""sent-sep""><br>Jana is very interested in culture. She goes to the theater or the museum every week.",,,[sound:gtts-wort-c12c2fb8-4b20de33-a49fb61a-b87c4d41-e36d5d3c.mp3],NOUN
84887000565,komisch,"Der Film war sehr komisch. Wir haben viel gelacht.<br><hr class=""sent-sep""><br>Eine grüne Hose und gelbe Schuhe? Das sieht komisch aus.<br><hr class=""sent-sep""><br>Das Essen schmeckt komisch. Probier mal! [sound:gtts-s1-3c1bf740-0973e0c3-d53ed5e9-ad5242f3-139c907f.mp3]",funny,"The movie was very funny. We laughed a lot.<br><hr class=""sent-sep""><br>A green trousers and yellow shoes? That looks funny.<br><hr class=""sent-sep""><br>The food tasted funny. Try it!",,,[sound:gtts-wort-49162f16-42bc782f-4a64b1de-318de971-358bb619.mp3],ADJ
84887000566,"<b>sich kümmern</b>, <span style=""color:#0DA6FF"">kümmerte</span>, hat <span style=""color:#FFFB3D"">gekümmert</span>","Sonja kann nicht arbeiten. Sie muss sich um ihre Tochter kümmern.<br><hr class=""sent-sep""><br>Ich habe jetzt keine Zeit. Ich muss mich um das Essen kümmern. [sound:gtts-s1-fceaacfd-e5683276-d9f894e9-fe7ea0b3-01315d42.mp3]",to take care of,"Sonja can not work. She has to look after her daughter.<br><hr class=""sent-sep""><br>I do not have time now. I have to take care of the food.",,,[sound:gtts-wort-d4111e0b-7c6513f5-10975a7a-e044c7bf-8a8faf12.mp3],VERB
84887000567,"<b>kommen</b>, <span style=""color:#0DA6FF"">kam</span>, <span style=""color:#FF1D23"">ist</span> <span style=""color:#FFFB3D"">gekommen</span>","Woher kommen Sie? - Aus Frankreich.<br><hr class=""sent-sep""><br>Er wird bald kommen. [sound:gtts-s1-c67a7c09-5903b057-278e6bbb-254b7df6-231568d1.mp3]",to come,"Where are you from? - From France.<br><hr class=""sent-sep""><br>He will soon come.",,,[sound:gtts-wort-56ee052c-d99d352c-733dde9c-3d090a78-7d21fbd3.mp3],VERB
84887000568,"<b>können</b>, <span style=""color:#0DA6FF"">konnte</span>, hat <span style=""color:#FFFB3D"">gekonnt</span>","Ich kann Deutsch und Russisch. Aber Englisch kann ich nicht.<br><hr class=""sent-sep""><br>Können Sie mir helfen? Du kannst durch den Park laufen, das ist am schnellsten.<br><hr class=""sent-sep""><br>Sie können mit dem Bus an den Bahnhof fahren.<br><hr class=""sent-sep""><br>Kann ich jetzt nach Hause gehen? [sound:gtts-s1-2fb52eb3-479e912a-654da0bc-200049cb-ae0fe96e.mp3]",can,"I can speak German and Russian. But I can not speak English.<br><hr class=""sent-sep""><br>Can you help me? You can walk through the park, which is the fastest.<br><hr class=""sent-sep""><br>You can take the bus to the train station.<br><hr class=""sent-sep""><br>Can I go home now?",,,[sound:gtts-wort-92a016df-57b4beff-c75f7fa9-a8439615-f589e352.mp3],VERB
84887000569,"<b>kündigen</b>, <span style=""color:#0DA6FF"">kündigte</span>, hat <span style=""color:#FFFB3D"">gekündigt</span>",Meine Arbeit gefällt mir nicht mehr. Ich habe heute gekündigt. [sound:gtts-s1-8d43bb4d-b8855d7f-a1e8b21b-2080009f-1fb440ad.mp3],to cancel,I do not like my work anymore. I quit today.,,,[sound:gtts-wort-bfac073d-562a2ab2-6e7e3f04-38515faf-3c5dbe90.mp3],VERB
84887000570,"<span style=""color:#279FF5""><b>der</b></span> Kunde, -n","Einen Moment, bitte. Ich habe einen Kunden. [sound:gtts-s1-02f3e341-8dd8825d-87046985-db46b0bc-78f6ec49.mp3]",male customer,One moment please. I have a customer.,,,[sound:gtts-wort-82f20d54-3fe336c8-609fa02b-540139e0-cb46bf01.mp3],NOUN
84887000571,"<span style=""color:#F5279F""><b>die</b></span> Kundin, -nen","Einen Moment, bitte. Ich habe eine Kundin. [sound:gtts-s1-02f3e341-8dd8825d-87046985-db46b0bc-78f6ec49.mp3]",female customer,One moment please. I have a customer.,,,[sound:gtts-wort-d0c4d020-f8357999-a9ad267c-6a3f8c32-f8d4a9ea.mp3],NOUN
84887000572,"<span style=""color:#F5279F""><b>die</b></span> Kunst, ""-e","Ich verstehe nichts von moderner Kunst.<br><hr class=""sent-sep""><br>Kunst war mein Lieblingsfach in der Schule. [sound:gtts-s1-e886d77d-31cbb54f-7c715b5f-13d98ed4-c15930cb.mp3]",art,"I do not understand modern art.<br><hr class=""sent-sep""><br>Art was my favorite subject at school.",,,[sound:gtts-wort-696625b5-4a7b0a42-6636b324-f03de65b-901629d0.mp3],NOUN
84887000573,"<span style=""color:#279FF5""><b>der</b></span> Kontakt, -e","Ich habe wenig Kontakt zu meinen Kollegen.<br><hr class=""sent-sep""><br>Bitte schicken Sie mir Ihre Kontaktdaten! [sound:gtts-s1-9dc18435-86c38ff6-6c41cd0e-ffbb2da7-98913e21.mp3]",contact,"I have little contact with my colleagues.<br><hr class=""sent-sep""><br>Please send me your contact information!",,,[sound:gtts-wort-f37ff39e-9c513598-f1b6c5c1-d0db9fd7-81ba67fe.mp3],NOUN
84887000574,"<span style=""color:#9FF527""><b>das</b></span> Konto, -en",Das Geld überweisen wir am ersten März auf Ihr Konto. [sound:gtts-s1-d138cbcd-6beafc83-a732ed3a-bb6f21f5-88ad8dac.mp3],account,The money will be transferred to your account on the first of March.,,,[sound:gtts-wort-bf4e8d5a-156f1c14-f6054b5b-fd613753-1d0b00dd.mp3],NOUN
84887000575,"<span style=""color:#279FF5""><b>der</b></span> Kurs, -e",Der Deutschkurs dauert zwei Monate. [sound:gtts-s1-a277475c-265078e1-d8a913cc-969287ab-4df1e1f5.mp3],course,The German course lasts two months.,,,[sound:gtts-wort-52df6503-0c6c3da2-f92c7809-60c26b37-22fb6264.mp3],NOUN
84887000576,kurz,"Ricardo hat kurze Haare.<br><hr class=""sent-sep""><br>Kann ich Sie kurz sprechen? [sound:gtts-s1-8239dabd-2be2b57d-b09d3293-62abf430-a3497706.mp3]",short,"Ricardo has short hair.<br><hr class=""sent-sep""><br>Can I speak to you briefly?",,,[sound:gtts-wort-3b757f7f-e41aefc0-444286d3-c9bbbdbf-232f8304.mp3],ADJ
84887000577,"<b>kontrollieren</b>, <span style=""color:#0DA6FF"">kontrollierte</span>, hat <span style=""color:#FFFB3D"">kontrolliert</span>","Können Sie bei meinem Auto bitte das Öl kontrollieren?<br><hr class=""sent-sep""><br>Bitte öffnen Sie Ihren Koffer, wir müssen Ihr Gepäck kontrollieren. [sound:gtts-s1-0e9ee258-79355b35-6b15ba9a-b34530d3-d270bbe2.mp3]",to check / to controll,"Can you check the oil in my car?<br><hr class=""sent-sep""><br>Please open your suitcase, we have to check your baggage.",,,[sound:gtts-wort-d660de53-65860ab0-906257fa-21461b64-2527d9f4.mp3],VERB
84887000578,"<span style=""color:#9FF527""><b>das</b></span> Konzert, -e",Für das Konzert am Sonntag gibt es noch Karten. [sound:gtts-s1-3099aa69-d7633484-0a2ceafa-6d4f9215-f62e5072.mp3],concert,There are still tickets for the concert on Sunday.,,,[sound:gtts-wort-b7150633-cbaddbe9-44a79c26-b3b9cc6b-1c4e4603.mp3],NOUN
84887000579,"<b>lachen</b>, <span style=""color:#0DA6FF"">lachte</span>, hat <span style=""color:#FFFB3D"">gelacht</span>","Die Kinder lachen über den Witz.<br><hr class=""sent-sep""><br>Lachen ist gesund. [sound:gtts-s1-b9d5eddc-0a8502de-b53de090-a59d35f2-2bd1ad18.mp3]",laugh,"The children laugh at the joke.<br><hr class=""sent-sep""><br>Laughing is healthy.",,,[sound:gtts-wort-7c63bf09-547a53ef-bb84c40e-4c5aa431-fca1f0ec.mp3],VERB
84887000580,"<span style=""color:#279FF5""><b>der</b></span> Kopf, ""-e",Mein Kopf tut weh! [sound:gtts-s1-4c383cc0-a7a0aa7f-c2eeb5ac-95a7a8a7-5acc097c.mp3],head,My head hurts!,,,[sound:gtts-wort-29952b01-5a82bdda-a55a9de3-00b80968-d2b3b33d.mp3],NOUN
84887000581,"<span style=""color:#279FF5""><b>der</b></span> Laden, """,Ich kaufe meine Kleider immer in einem kleinen Laden im Zentrum. [sound:gtts-s1-c0676155-7bb92862-1e25ed37-0cbb7cd6-c67c6385.mp3],small shop,I always buy my clothes in a small shop in the center.,,,[sound:gtts-wort-9ca437f9-973b8a5d-4a60b0b8-7c7a6333-2a038581.mp3],NOUN
84887000582,"<span style=""color:#279FF5""><b>der</b></span> Körper, -","Der Arzt sagt, ich muss etwas für meinen Körper tun, zum Beispiel schwimmen oder Fahrrad fahren. [sound:gtts-s1-55584c14-d67e0c9c-889e245c-1a7237a0-4650367b.mp3]",body,"The doctor says I have to do something for my body, like swimming or cycling.",,,[sound:gtts-wort-9ebafff6-9dbda09b-d9ddbd37-02d4a91e-1d5a2974.mp3],NOUN
84887000583,"<span style=""color:#F5279F""><b>die</b></span> Lampe, -n",Mach bitte die Lampe an. Es ist so dunkel. [sound:gtts-s1-c38d379e-3414f598-19269469-f00b1a06-fcd9fbf4.mp3],lamp,Please turn on the lamp. It is so dark.,,,[sound:gtts-wort-8e6746b2-c78b7e59-f85ef8bc-bf2007d1-e0c9f7ee.mp3],NOUN
84887000584,"<span style=""color:#9FF527""><b>das</b></span> Land, ""-er","Deutschland ist ein schönes Land.<br><hr class=""sent-sep""><br>Möchten Sie lieber auf dem Land oder in der Stadt wohnen? [sound:gtts-s1-71cea03a-40294b7d-1f06a277-85a1bd80-7d9f3f35.mp3]",country,"Germany is a beautiful country.<br><hr class=""sent-sep""><br>Would you prefer to live in the countryside or in the city?",,,[sound:gtts-wort-66f5d41c-93e78443-5da3aff1-f9cbb421-59937db5.mp3],NOUN
84887000585,"<span style=""color:#F5279F""><b>die</b></span> Kosmetik, (Sg.)",Kosmetik können Sie im Erdgeschoss kaufen. [sound:gtts-s1-85d02633-9438efb6-0e1876dc-cd2bab29-74dfe96b.mp3],cosmetics,You can buy cosmetics on the ground floor.,,,[sound:gtts-wort-489d1557-dc9b26c5-f9c5e7c6-d3c6e326-9c714264.mp3],NOUN
84887000586,"<b>kosten</b>, <span style=""color:#0DA6FF"">kostete</span>, hat <span style=""color:#FFFB3D"">gekostet</span>",Wie viel kostet das Buch? - 20 Euro. [sound:gtts-s1-08c90fb6-cb7e7958-03551aeb-a97e5c81-ba899161.mp3],to cost,How much does the book cost? - 20 Euros.,,,[sound:gtts-wort-c27423ca-ff7d7f47-5dc3f53d-1b8f942f-71b45400.mp3],VERB
84887000587,"<span style=""color:#F5279F""><b>die</b></span> Landschaft, -en",Die Landschaft ist sehr schön. [sound:gtts-s1-98d93afc-71b570e7-8042a86d-a42601a4-9886c753.mp3],landscape,The landscape is very beautiful.,,,[sound:gtts-wort-463de4e2-b0ed4254-77c7d42c-1355e81b-8843ceb9.mp3],NOUN
84887000588,lang,Die Hose ist zu lang. Können Sie sie ändern? [sound:gtts-s1-260fce22-df29b4a7-0f3ec653-9a86e4eb-c44eba1b.mp3],long,The pants are too long. Can you change it?,,,[sound:gtts-wort-70639acb-f44f6ba8-6824eace-ac3ef083-c1071f2c.mp3],ADJ
84887000589,lange,Wie lange fährt der Zug von Hamburg nach Berlin? [sound:gtts-s1-9a2f0d51-f6bd27f2-35bad3b9-6bed21c8-e3f5fb2a.mp3],Long,How long does the train leave from Hamburg to Berlin?,,,[sound:gtts-wort-a1634b66-f969a701-9b759ad7-e337c431-9027ee98.mp3],ADV
84887000590,langsam,Könnten Sie bitte etwas langsamer sprechen? [sound:gtts-s1-abbc28e1-8c55e4e3-6345af12-f2b23330-492850ab.mp3],slowly,Could you please speak a bit slower?,,,[sound:gtts-wort-67fdf262-da13c94c-b871043a-fdf3eb64-b4179816.mp3],ADJ
84887000591,"<span style=""color:#279FF5""><b>der</b></span> Link, -s",Ich schicke dir einen Link zu Deutschübungen. [sound:gtts-s1-5771ef79-425dfb59-a0b0c0d5-bee129f2-19b3850c.mp3],link,I will send you a link to German exercises.,,,[sound:gtts-wort-835a2004-b7e383b0-fd1a6739-a4dd268a-3c848891.mp3],NOUN
84887000592,links,Gehen Sie die nächste Straße links. [sound:gtts-s1-c5d39c9a-c12f4161-411ead69-d6042532-128ed25d.mp3],left,Take the next street on the left.,,,[sound:gtts-wort-ca7ea276-b99255c4-e86e500b-8be5615b-8d479fd4.mp3],ADV
84887000593,"<span style=""color:#279FF5""><b>der</b></span> Löffel, -",Bitte bringen Sie mir einen Löffel. [sound:gtts-s1-45939487-089d377b-0c6a3fd1-316ca8a5-c893e428.mp3],spoon,Please bring me a spoon.,,,[sound:gtts-wort-8d051cd7-b09ee142-125f2b2a-7af1e42c-a6c1a0bf.mp3],NOUN
84887000594,langweilig,"Mir ist langweilig.<br><hr class=""sent-sep""><br>Sie findet Fußball sehr langweilig. [sound:gtts-s1-cabe066e-a1241826-014b81ff-012d92e7-6bd7368b.mp3]",boring,"I'm bored.<br><hr class=""sent-sep""><br>She finds football very boring.",,,[sound:gtts-wort-3885d973-3f4f978a-839709cc-8d51022b-fc9b0193.mp3],ADJ
84887000595,"<span style=""color:#9FF527""><b>das</b></span> Lokal, -e",Gibt es hier in der Nähe ein gutes Lokal? [sound:gtts-s1-bc6fe13e-d8d065dd-7f829e44-a742115d-0fbb63c7.mp3],pub / tavern / restaurant,Is there a good place nearby?,,,[sound:gtts-wort-f54561ef-0664a8b8-b54f893d-402520f5-38f84c50.mp3],NOUN
84887000596,"<span style=""color:#F5279F""><b>die</b></span> Lüge, -n",Das stimmt nicht! Das ist eine Lüge! [sound:gtts-s1-e04c25fd-b8421cdc-e134a861-2654171e-374790a4.mp3],lie,That's not true! That's a lie!,,,[sound:gtts-wort-7a979e76-7b4eead9-c0d85c11-7f063d04-ed965f2b.mp3],NOUN
84887000597,"<b>lügen</b>, <span style=""color:#0DA6FF"">log</span>, hat <span style=""color:#FFFB3D"">gelogen</span>","Du sollst nicht lügen.<br><hr class=""sent-sep""><br>Glaub ihm nicht, er lügt. [sound:gtts-s1-24d8163f-d7d16141-519e19e3-f23828c8-037492e5.mp3]",to lie / to tell a lie,"Thou shalt not lie.<br><hr class=""sent-sep""><br>Do not believe him, he is lying.",,,[sound:gtts-wort-8bae9d6f-608beaeb-70377b37-4c99978f-828dc173.mp3],VERB
84887000598,"<span style=""color:#279FF5""><b>der</b></span> Laptop, -s",Ich brauche einen neuen Laptop. [sound:gtts-s1-89b522ee-a21621b6-e8ff31c8-c08c14e2-28e293b7.mp3],laptop,I need a new laptop.,,,[sound:gtts-wort-4e465a5d-a93aa168-a93a864d-cc612fe1-5777872b.mp3],NOUN
84887000599,"<b>lassen</b>, <span style=""color:#0DA6FF"">ließ</span>, hat <span style=""color:#FFFB3D"">gelassen</span>","Lass mich in Ruhe!<br><hr class=""sent-sep""><br>Kann ich mein Auto hier stehen lassen?<br><hr class=""sent-sep""><br>Ich kann meine kleine Tochter noch nicht allein lassen. [sound:gtts-s1-c596f472-2d4314bc-4e9f78d7-aa323f5c-da7013ad.mp3]",to let,"Leave me alone!<br><hr class=""sent-sep""><br>Can I leave my car here?<br><hr class=""sent-sep""><br>I can not leave my little daughter alone.",,,[sound:gtts-wort-7d5eb2f4-b3f09258-60dcfd49-b20ff354-923f7db5.mp3],VERB
84887000600,"<span style=""color:#F5279F""><b>die</b></span> Lust, (Sg.)","Gehen wir heute Abend ins Kino? - Nein, ich habe keine Lust.<br><hr class=""sent-sep""><br>Ich habe Lust auf Schokolade. [sound:gtts-s1-c379e6bc-c9473793-00c5fca3-ca10bc12-ab82859a.mp3]",desire / delight / lust,"Are we going to the cinema tonight? - No, I do not feel like it.<br><hr class=""sent-sep""><br>I like to have chocolate.",,,[sound:gtts-wort-143ccf07-0e97fa7b-68a730e0-c30a6adf-d3093057.mp3],NOUN
84887000601,"<b>laufen</b>, <span style=""color:#0DA6FF"">lief</span>, <span style=""color:#FF1D23"">ist</span> <span style=""color:#FFFB3D"">gelaufen</span>","Ich gehe jeden Morgen laufen.<br><hr class=""sent-sep""><br>Unsere Tochter ist erst ein Jahr alt, aber sie kann schon laufen.<br><hr class=""sent-sep""><br>Wann läuft der Film? [sound:gtts-s1-f4ff15f7-c66aeb84-be6a956b-12aad0ae-7b249cb4.mp3]",to run,"I go running every morning.<br><hr class=""sent-sep""><br>Our daughter is only a year old, but she can already run.<br><hr class=""sent-sep""><br>When is the film going?",,,[sound:gtts-wort-efef13ab-85934776-76298f1a-2e13c85b-4909dddd.mp3],VERB
84887000602,lustig,"Warum lacht ihr? Was ist so lustig?<br><hr class=""sent-sep""><br>Ich mag lustige Filme. [sound:gtts-s1-5c6416dd-f3e40429-d7dc095b-a996df80-688f4c71.mp3]",funny,"Why are you laughing? What's so funny?<br><hr class=""sent-sep""><br>I like funny movies.",,,[sound:gtts-wort-d62b4fdc-61b12d5e-0455c173-61ff9402-9b781063.mp3],ADJ
84887000603,laut,Nicht so laut! Das Baby schläft. [sound:gtts-s1-d28ceec3-fae66001-d93ed775-f52ff11b-3e775743.mp3],noisy,Not so loud! The baby sleeps.,,,[sound:gtts-wort-8bed669b-66b626a6-0d68cff3-07394b56-3df862bd.mp3],ADJ
84887000604,"<b>leben</b>, <span style=""color:#0DA6FF"">lebte</span>, hat <span style=""color:#FFFB3D"">gelebt</span>","Sie lebt bei ihrer Schwester.<br><hr class=""sent-sep""><br>Ihre Großeltern leben nicht mehr. [sound:gtts-s1-73ce3326-5cf6fc84-b8e48f1b-87e93210-9f9a2433.mp3]",to live,"She lives with her sister.<br><hr class=""sent-sep""><br>Their grandparents no longer live.",,,[sound:gtts-wort-23486101-a7e04ef3-712d7868-77e9448d-e2bd17a3.mp3],VERB
84887000605,"<b>machen</b>, <span style=""color:#0DA6FF"">machte</span>, hat <span style=""color:#FFFB3D"">gemacht</span>","Was machst du heute Abend?<br><hr class=""sent-sep""><br>Ich muss jetzt das Essen machen.<br><hr class=""sent-sep""><br>Das macht 5 Euro 95.<br><hr class=""sent-sep""><br>Entschuldigung! - Das macht doch nichts. [sound:gtts-s1-ed5390e6-91a6d776-7e7e3988-da875126-b63917b3.mp3]",to do,"What are you doing this evening?<br><hr class=""sent-sep""><br>I have to do the food now.<br><hr class=""sent-sep""><br>That makes 5 Euro 95.<br><hr class=""sent-sep""><br>Excuse me! - That does not matter.",,,[sound:gtts-wort-a1f9ab9f-30245894-12b602a6-b52dc622-004cbc82.mp3],VERB
84887000606,"<span style=""color:#9FF527""><b>das</b></span> Leben, -",Hier in London ist das Leben teuer. [sound:gtts-s1-03d746a1-faf452fd-73ae8342-eafc3f40-04f7f1de.mp3],Life,Here in London life is expensive.,,,[sound:gtts-wort-fba8ac3f-496c2bd2-a049f8bd-1c927eb3-fae6f0a1.mp3],NOUN
84887000607,"<span style=""color:#F5279F""><b>die</b></span> Lebensmittel, (Pl.)",Lebensmittel bekommen Sie im Supermarkt. [sound:gtts-s1-2a3c89b4-e7047834-a52bf48b-1425273a-2b2ebd05.mp3],foods / groceries,Food is available at the supermarket.,,,[sound:gtts-wort-dc1bf9c7-f6ca62a5-6f8a7db1-2d20834f-305a9b39.mp3],NOUN
84887000608,leer,Die Kanne ist fast leer. Ich mache neuen Tee. [sound:gtts-s1-7d695c0c-76e71c76-59172269-7c4382e0-7845e3e8.mp3],empty,The pot is almost empty. I make new tea.,,,[sound:gtts-wort-5e102232-38265942-2533f40e-fddd11ac-0118d0e5.mp3],ADJ
84887000609,"<span style=""color:#9FF527""><b>das</b></span> Mädchen, -",Familie Kurz bekommt ein Baby. - Junge oder Mädchen? [sound:gtts-s1-4342ac38-975a83b9-50ce537b-724310e2-b67a9011.mp3],girl,Family Short gets a baby. - Boy or girl?,,,[sound:gtts-wort-868bf430-0588f37a-02aa8c51-2964d9e5-0149f4cf.mp3],NOUN
84887000610,"<span style=""color:#279FF5""><b>der</b></span> Magen, """,Mein Magen tut weh. [sound:gtts-s1-1523da3f-d172bff0-2ebdd037-be9ad2ee-bfb3defc.mp3],stomach,My stomach hurts.,,,[sound:gtts-wort-18162f93-1dcb725d-222ed4d1-6865038b-3f351974.mp3],NOUN
84887000611,"<b>legen</b>, <span style=""color:#0DA6FF"">legte</span>, hat <span style=""color:#FFFB3D"">gelegt</span>",Legen Sie das Buch auf den Tisch. [sound:gtts-s1-04dd876f-b0945f70-81eaac7d-719dbf7a-20f3aa24.mp3],to lay / to put,Place the book on the table.,,,[sound:gtts-wort-3988430a-22043a1a-b2584453-1962cb9b-1de34c5e.mp3],VERB
84887000612,leicht,"Das Paket ist leicht, es wiegt nur ein Kilo.<br><hr class=""sent-sep""><br>Die Aufgabe ist nicht leicht. [sound:gtts-s1-22db42fc-e9aa5186-30d65508-5e58d45d-9cd8f340.mp3]",light,"The package is light, it weighs only one kilo.<br><hr class=""sent-sep""><br>The task is not easy.",,,[sound:gtts-wort-6d0433c4-4ec5ce0c-9fb0225d-e4bc081d-b26f3409.mp3],ADJ
84887000613,leider,Leider kann ich nicht kommen. Ich muss zum Arzt. [sound:gtts-s1-472e1103-7ca6d1db-bee13bd0-1d27dfe1-d752a4eb.mp3],unfortunately,"Unfortunately, I can not come. I have to go to the doctor.",,,[sound:gtts-wort-98993c66-61d8d9ef-f2b575ea-e6ae4d0e-6b3559b5.mp3],ADV
84887000614,"<b>leidtun</b>, <span style=""color:#0DA6FF"">tat leid</span>, hat <span style=""color:#FFFB3D"">leidgetan</span>","Es tut mir leid, dass ich nicht kommen kann. [sound:gtts-s1-eff2cbed-79bdfc26-e4b2b996-2d188abc-4bd28cef.mp3]",feels sorry for (so.) / feels sorry about (sth.),I'm sorry I can not come.,,,[sound:gtts-wort-615607c4-c04c227f-ea48efa0-4f65c107-4effce13.mp3],VERB
84887000615,"<span style=""color:#F5279F""><b>die</b></span> Mailbox, -en","Hier ist die Mailbox von Susanne König.<br><hr class=""sent-sep""><br>Ich habe dir auf die Mailbox gesprochen. [sound:gtts-s1-68b0255b-cce12c6d-1b059481-23050ce9-3b5c8dca.mp3]",mailbox,"This is the mailbox of Susanne König.<br><hr class=""sent-sep""><br>I have spoken to you on the mailbox.",,,[sound:gtts-wort-f974cd31-62b14e33-bbcb51a4-43874f66-63d6805b.mp3],NOUN
84887000616,mal,"Sag mal, wie gefällt dir mein neues Kleid? [sound:gtts-s1-56b4b920-255170ca-be313f73-08e11573-1f135330.mp3]",times,"Tell me, how do you like my new dress?",,,[sound:gtts-wort-9512de91-7c4398ec-231e5ece-9fa7e344-7a6013b8.mp3],ADV
84887000617,"<span style=""color:#9FF527""><b>das</b></span> Mal","Das erste Mal war ich vor fünf Jahren in England.<br><hr class=""sent-sep""><br>Tschüss, bis zum nächsten Mal! [sound:gtts-s1-ace3498a-a662f70d-0bda847e-e1cc4823-2490c578.mp3]",time / mark,"The first time I was in England five years ago.<br><hr class=""sent-sep""><br>Bye until next time!",,,[sound:gtts-wort-5935e46d-8e25239c-315a41bc-f096361b-7a2675f9.mp3],NOUN
84887000618,"<b>malen</b>, <span style=""color:#0DA6FF"">malte</span>, hat <span style=""color:#FFFB3D"">gemalt</span>",Mein Sohn kann gut malen. [sound:gtts-s1-cefb2ba6-08f69d1d-91a0c224-478f8d0b-707b8787.mp3],to paint,My son can paint well.,,,[sound:gtts-wort-2900389d-5b5c28bd-989d5596-29a6c86d-c49c4e84.mp3],VERB
84887000619,man,"Wie schreibt man das?<br><hr class=""sent-sep""><br>Hier darf man nicht rauchen. [sound:gtts-s1-2a4ccdda-e2c7f8cf-56352aa0-ae8fbe51-4c9e36f0.mp3]",you,"How to write this?<br><hr class=""sent-sep""><br>It is not allowed to smoke here.",,,[sound:gtts-wort-54c94274-49aafcfe-ef65d026-ca3cfbda-a27439a3.mp3],ADV
84887000620,"<b>leihen</b>, <span style=""color:#0DA6FF"">lieh</span>, hat <span style=""color:#FFFB3D"">geliehen</span>",Kannst du mir fünf Euro leihen? [sound:gtts-s1-97b98c42-a7187e11-95754e28-f8217305-3dbe5397.mp3],to lend,Can you lend me five euros?,,,[sound:gtts-wort-12ccbd51-2d0e2e21-e4fe0e63-99283d5c-5d7192ce.mp3],VERB
84887000621,leise,Seid leise. Die anderen schlafen schon. [sound:gtts-s1-7f586fda-6457a65a-569079b3-d3337cc7-c608db11.mp3],quiet,Be quiet. The others are already asleep.,,,[sound:gtts-wort-b5e13f0a-2b303ba4-749edf96-37030e78-78871d2b.mp3],ADJ
84887000622,"<b>lernen</b>, <span style=""color:#0DA6FF"">lernte</span>, hat <span style=""color:#FFFB3D"">gelernt</span>",Wie lange lernen Sie schon Deutsch? [sound:gtts-s1-8df8c07e-698e253c-70f23987-58ff86a8-7aa8aaf6.mp3],to learn,How long have you been learning German?,,,[sound:gtts-wort-d86f6f97-242cf2a1-6254521d-dc1580c6-5573f735.mp3],VERB
84887000623,manche,Manche Nachbarn sind unfreundlich. [sound:gtts-s1-f7697700-add803b9-6bdb545f-9250a93f-05743463.mp3],some,Some neighbors are unfriendly.,,,[sound:gtts-wort-f0a8d189-ad7a70e2-23d963c5-505ca579-839232c2.mp3],PRON
84887000624,manchmal,"Manchmal essen wir im Restaurant.<br><hr class=""sent-sep""><br>Rauchen Sie? - Manchmal. [sound:gtts-s1-ee3a8a5c-521ec5cc-afc98af0-b0011548-71d3ac8d.mp3]",sometimes,"Sometimes we eat in the restaurant.<br><hr class=""sent-sep""><br>Do you smoke? - Sometimes.",,,[sound:gtts-wort-6f2853c4-751ab9d4-102118fe-c19b4350-f591277b.mp3],ADV
84887000625,"<span style=""color:#279FF5""><b>der</b></span> Mann, ""-er",Mein Mann ist Polizist. [sound:gtts-s1-dc646c28-3cd644f3-aa35b1bb-9e491b3c-fea93a59.mp3],man,My husband is a cop.,,,[sound:gtts-wort-3c924ca6-80e422bb-e4eb7150-6fd3a52a-e3a10df2.mp3],NOUN
84887000626,männlich,Bitte wählen Sie: „weiblich“ oder „männlich“. [sound:gtts-s1-27ae4455-f2056be7-73731f64-a33ea50c-0683b819.mp3],male,"Please choose: ""female"" or ""male"".",,,[sound:gtts-wort-0f57241c-574f17c8-9a5ef227-b29fbc6d-96253956.mp3],ADJ
84887000627,"<b>lesen</b>, <span style=""color:#0DA6FF"">las</span>, hat <span style=""color:#FFFB3D"">gelesen</span>",In der Schule lesen wir ein Buch von Goethe. [sound:gtts-s1-af6ccba9-fce86493-5af39fe2-f88694b3-9495fd07.mp3],to read,"At school, we read a book by Goethe.",,,[sound:gtts-wort-54c3d451-ba62f8ed-500043a9-0c41f9c4-2f91f12c.mp3],VERB
84887000628,letzte,"Morgen ist der letzte Kurstag.<br><hr class=""sent-sep""><br>Was hast du letzte Woche gemacht? [sound:gtts-s1-7a43c1fb-8587bcae-19119471-e4943acb-e91ea29b.mp3]",last,"Tomorrow is the last day of the course.<br><hr class=""sent-sep""><br>What did you do last week?",,,[sound:gtts-wort-46800530-d4b3e037-f2e7f27a-5bcbf2fe-1bdc0c4e.mp3],ADJ
84887000629,"<span style=""color:#F5279F""><b>die</b></span> Mannschaft, -en",Meine Lieblingsmannschaft hat 1 zu 0 verloren. [sound:gtts-s1-42a4d268-511ce715-d979d387-eca5620e-16285a21.mp3],team,My favorite team lost 1 to 0.,,,[sound:gtts-wort-4309e4e2-d9df7f77-7cdabe71-4f86530f-78e95b37.mp3],NOUN
84887000630,"<span style=""color:#279FF5""><b>der</b></span> Mantel, """,Es ist kalt. Zieh deinen Mantel an! [sound:gtts-s1-098a8c3f-574420f0-7eca4639-9acffea0-a7ead4b4.mp3],coat,It is cold. Put on your coat!,,,[sound:gtts-wort-8305ae61-09040aec-8909f647-185e0a9b-98fbff47.mp3],NOUN
84887000631,"<span style=""color:#279FF5""><b>der</b></span> Markt, ""-e","Ich gehe heute auf den Markt.<br><hr class=""sent-sep""><br>Samstags ist hier Markt. [sound:gtts-s1-ccaa93a2-a5c681b2-9a25c17c-f509767c-9c1120c2.mp3]",market,"I'm going to market today.<br><hr class=""sent-sep""><br>On Saturdays there is market here.",,,[sound:gtts-wort-aff0616f-806807cd-4785da28-6a8fc2bf-e6ab9add.mp3],NOUN
84887000632,"<span style=""color:#F5279F""><b>die</b></span> Leute, (Pl.)",Auf der Party sind viele Leute. [sound:gtts-s1-d4342e3f-8e4279ab-c3ead207-1520ac36-192a5978.mp3],people,At the party are many people.,,,[sound:gtts-wort-6a4a5ae7-e2a2d668-52c641a7-f68acc98-297c4c84.mp3],NOUN
84887000633,"<span style=""color:#9FF527""><b>das</b></span> Licht, -er",Es ist so dunkel. Mach bitte das Licht an! [sound:gtts-s1-5bf309b6-f7a59fd7-0f64ff9f-77ffe828-01e40788.mp3],light,It is so dark. Please turn on the light!,,,[sound:gtts-wort-233386c3-8119194a-b2088e39-d56549d1-befad09f.mp3],NOUN
84887000634,lieber,"Liebe Susanne, lieber Hans!<br><hr class=""sent-sep""><br>Ich fahre lieber mit dem Zug als mit dem Bus.<br><hr class=""sent-sep""><br>Möchtest du Pommes oder lieber eine Pizza? [sound:gtts-s1-d8b4c254-54af3947-285041c9-cf12f9b2-d841feb9.mp3]","dear, beloved","Dear Susan, dear Hans!<br><hr class=""sent-sep""><br>I prefer to go by train rather than by bus.<br><hr class=""sent-sep""><br>Would you like fries or a pizza?",,,[sound:gtts-wort-d9ac2526-0f8a0040-736f3b2c-7e6ff7d0-3f755713.mp3],ADV
84887000635,"<span style=""color:#F5279F""><b>die</b></span> Maschine, -n",Die Waschmaschine funktioniert sehr gut. [sound:gtts-s1-81bace40-8029da65-3a830171-4548a050-9b35840b.mp3],machine,The washing machine worked very well.,,,[sound:gtts-wort-a6dfb19f-72a3e187-b3df4d48-e78e3da3-ff17adc9.mp3],NOUN
84887000636,"<span style=""color:#9FF527""><b>das</b></span> Medikament",Nehmen Sie dieses Medikament dreimal pro Tag! [sound:gtts-s1-6f3b75f1-3c7a2104-f2a2057c-d6e72e77-29b59588.mp3],drug,Take this medicine three times a day!,,,[sound:gtts-wort-135f3835-89c79a67-e741b490-8c608b1e-4aa2f2b3.mp3],NOUN
84887000637,"<span style=""color:#9FF527""><b>das</b></span> Meer, -e",Wir machen Urlaub am Meer. [sound:gtts-s1-6e1c7a1d-801bb669-418c49e0-0c461295-d49df396.mp3],sea,We make holidays by the sea.,,,[sound:gtts-wort-f13fd6a6-ffffdada-0cadb193-1947de2e-bdbb865d.mp3],NOUN
84887000638,"<b>lieben</b>, <span style=""color:#0DA6FF"">liebte</span>, hat <span style=""color:#FFFB3D"">geliebt</span>",Ich liebe dich! [sound:gtts-s1-1ea4d6b2-c7a24078-8eaa18db-a67843bf-f48566db.mp3],to love,I love you!,,,[sound:gtts-wort-1c3f05de-fe58e8e7-19258d51-8ac49e9f-9ac3e512.mp3],VERB
84887000639,"<span style=""color:#F5279F""><b>die</b></span> Lieblingsfarbe, -n",Meine Lieblingsfarbe ist Blau. [sound:gtts-s1-c54c15f2-ba4e1084-a92468fc-14a355ec-6dbdda84.mp3],favourite colour,My favorite color is blue.,,,[sound:gtts-wort-88480d2f-c9d6f248-6236a9ff-f3d44fa2-447d1632.mp3],NOUN
84887000640,mehr,"Dieses Auto kostet 1.000 Euro mehr als das andere.<br><hr class=""sent-sep""><br>Mehr kann ich nicht essen!<br><hr class=""sent-sep""><br>Ich möchte mehr Taschengeld. [sound:gtts-s1-6f4b797b-a7ac87aa-579bc4a0-d2d141bb-87e47200.mp3]",more,"This car costs 1,000 euros more than the other.<br><hr class=""sent-sep""><br>More I can not eat!<br><hr class=""sent-sep""><br>I would like more pocket money.",,,[sound:gtts-wort-f12a47bf-da8c90da-6a518ec9-28c39a8a-6ee1fd18.mp3],ADV
84887000641,"<b>meinen</b>, <span style=""color:#0DA6FF"">meinte</span>, hat <span style=""color:#FFFB3D"">gemeint</span>","Wie meinst du das? Erklär mir das bitte genauer!<br><hr class=""sent-sep""><br>Der Film ist gut. Was meinst du? [sound:gtts-s1-3ae3a975-104fba22-64ea56a5-a4510e12-b8b25153.mp3]",to mean,"How do you mean? Please explain this to me more precisely!<br><hr class=""sent-sep""><br>The movie is good. What do you think?",,,[sound:gtts-wort-8a3161f7-be7c13e1-cbc514d5-c5ae1ea4-eff4d7ff.mp3],VERB
84887000642,"<span style=""color:#9FF527""><b>das</b></span> Lied, -er",Zum Geburtstag singen wir dir ein Lied. [sound:gtts-s1-7f41ed73-4090a6ad-d371d269-de62e74a-c3e0a015.mp3],song,For the birthday we sing you a song.,,,[sound:gtts-wort-e4ad8431-627c4e2e-db44355c-cf7afe95-1c337f0d.mp3],NOUN
84887000643,"<span style=""color:#F5279F""><b>die</b></span> Meinung, -en","Meine Meinung zu dem Thema ist: …<br><hr class=""sent-sep""><br>Was ist deine Meinung dazu?<br><hr class=""sent-sep""><br>Ich habe meine Meinung geändert. [sound:gtts-s1-4a0c931a-a0e1d498-37fffd00-91034855-767d73ce.mp3]",opinion,"My opinion on the topic is: ...<br><hr class=""sent-sep""><br>What do you think about this?<br><hr class=""sent-sep""><br>I changed my opinion.",,,[sound:gtts-wort-8ff515fd-f7403138-f11cac03-f24e555e-dd93e46a.mp3],NOUN
84887000644,"<b>liefern</b>, <span style=""color:#0DA6FF"">lieferte</span>, hat <span style=""color:#FFFB3D"">geliefert</span>",Wir liefern Ihnen den Schrank nach Hause. [sound:gtts-s1-0a02a51b-e55be28a-5c02f144-906e7dd1-6345cc09.mp3],to deliver,We will deliver you the closet home.,,,[sound:gtts-wort-f94cb291-f8355fbf-e30138a4-bc6d4e89-e1501fda.mp3],VERB
84887000645,"<b>liegen</b>, <span style=""color:#0DA6FF"">lag</span>, hat <span style=""color:#FFFB3D"">gelegen</span>","Die Zeitung liegt auf dem Tisch.<br><hr class=""sent-sep""><br>Judith liegt noch im Bett.<br><hr class=""sent-sep""><br>Frankfurt liegt am Main. [sound:gtts-s1-126a8e92-e6403f58-aaeac840-dc5b1c98-84ff43ac.mp3]",to lie (down) / to recline,"The newspaper is lying on the table.<br><hr class=""sent-sep""><br>Judith is still in bed.<br><hr class=""sent-sep""><br>Frankfurt is on the Main river.",,,[sound:gtts-wort-efe645c1-af22aaa9-635bd0ec-380fde56-b2c227f1.mp3],VERB
84887000646,meisten,Ich bin neu hier im Haus. Die meisten Nachbarn kenne ich noch nicht. [sound:gtts-s1-78978a91-7a82030f-9ec2199c-3fe0dbca-bbcc6923.mp3],most,I'm new here in the house. Most of the neighbors I know yet.,,,[sound:gtts-wort-4135f586-971fcaf6-15a649be-3011445e-a0a3ba45.mp3],PRON
84887000647,meistens,Meistens trinke ich zum Frühstück nur einen Kaffee. [sound:gtts-s1-5b6eadcd-c23e60e3-c3ea1b52-89c3c8cb-fbf966b0.mp3],mostly,"Most of the time, I only drink coffee for breakfast.",,,[sound:gtts-wort-53f689bf-eb6314e3-71df8f2f-10092775-fcbc472b.mp3],ADV
84887000648,"<span style=""color:#F5279F""><b>die</b></span> Menge, -n","Wir haben noch eine Menge Zeit.<br><hr class=""sent-sep""><br>Ich kenne eine Menge Leute in dieser Stadt. [sound:gtts-s1-f5023166-a2221885-5b94d8b3-c8df841d-cd82afdf.mp3]",amount,"We still have a lot of time.<br><hr class=""sent-sep""><br>I know a lot of people in this city.",,,[sound:gtts-wort-91569b78-54ae4e19-73dba98f-45c7aeea-0255cf0f.mp3],NOUN
84887000649,"<span style=""color:#279FF5""><b>der</b></span> Mensch, -en",Die Menschen sind hier ein bisschen anders als im Süden. [sound:gtts-s1-c882d957-dbb20f3b-fdb8f88b-68f33855-0814c947.mp3],human,The people here are a bit different than in the South.,,,[sound:gtts-wort-d07fadc5-de511990-f3693fda-dad15fb5-3b3b6435.mp3],NOUN
84887000650,"<span style=""color:#279FF5""><b>der</b></span> Moment, -e","Einen Moment, bitte.<br><hr class=""sent-sep""><br>Warten Sie bitte einen Moment.<br><hr class=""sent-sep""><br>Ich habe im Moment sehr viel zu tun. [sound:gtts-s1-02f3e341-8dd8825d-87046985-db46b0bc-78f6ec49.mp3]",moment,"One moment please.<br><hr class=""sent-sep""><br>Please wait a moment.<br><hr class=""sent-sep""><br>I have very much to do at the moment.",,,[sound:gtts-wort-d1d48c95-10923901-6b4fe251-d59aeadd-40fb5846.mp3],NOUN
84887000651,morgen,Morgen beginnt die Schule erst um zehn Uhr. [sound:gtts-s1-a2869cb3-56e1541e-d12eee4c-edd13a1c-a7d91d76.mp3],tomorrow,Tomorrow the school will not begin until ten o'clock.,,,[sound:gtts-wort-f3f969e0-cb1e6d94-5e00edfb-7e816e48-95c5b590.mp3],ADV
84887000652,"<span style=""color:#279FF5""><b>der</b></span> Motor, -en",Der Motor ist kaputt. Das Auto fährt nicht mehr. [sound:gtts-s1-712a57ed-80c718d9-c8823c29-5ee2fce1-5a3796b6.mp3],engine,The engine is broken. The car no longer drives.,,,[sound:gtts-wort-9eeb1587-d8630b37-057b19bc-5fbc786b-6162ba36.mp3],NOUN
84887000653,"<span style=""color:#279FF5""><b>der</b></span> Motorroller, -",Oskar fährt mit dem Motorroller zur Arbeit. [sound:gtts-s1-c1481c38-1d13a29b-f6e95bf5-6dfc3dca-0e807bcc.mp3],scooter,Oskar goes to work with the scooter.,,,[sound:gtts-wort-897a8cf8-23a7c0dc-a122d132-c08f3e66-556104f0.mp3],NOUN
84887000654,"<b>merken</b>, <span style=""color:#0DA6FF"">merkte</span>, hat <span style=""color:#FFFB3D"">gemerkt</span>","Ich kann mir keine Zahlen merken. Ich vergesse sie sofort.<br><hr class=""sent-sep""><br>Merkst du, dass es wärmer wird? [sound:gtts-s1-93901e7e-3b9046d1-eac044ee-47ccdcd7-83a1a804.mp3]",to realize / to notice / to memorize,"I can not remember any numbers. I'll forget them right away.<br><hr class=""sent-sep""><br>Do you notice that it gets warmer?",,,[sound:gtts-wort-4bc66515-bc818eca-3f2bbff3-5a5b56d5-d6e96a43.mp3],VERB
84887000655,müde,Ich bin müde. Ich gehe schlafen. [sound:gtts-s1-1a93fefe-5c94f9d2-fb5e176f-09d62470-e3ba8074.mp3],tired,I am tired. I'm going to sleep.,,,[sound:gtts-wort-ac092d5a-1b4d5107-0b81c372-82c1fa0a-e2683f2b.mp3],ADJ
84887000656,"<span style=""color:#279FF5""><b>der</b></span> Müll, (Sg.)","Bringst du bitte den Müll raus?<br><hr class=""sent-sep""><br>Kann ich die Zeitungen wegwerfen? - Ja, sie sind alt. Wirf sie bitte in den Müll! [sound:gtts-s1-64b45aeb-353979b7-3c98dc89-8278390f-5f658871.mp3]",rubbish,"Will you bring the garbage out?<br><hr class=""sent-sep""><br>Can I throw away the papers? - Yes, they are old. Please throw them into the garbage!",,,[sound:gtts-wort-3a134043-0fb0a8ac-c51e4435-c175a956-adac8cf4.mp3],NOUN
84887000657,"<span style=""color:#F5279F""><b>die</b></span> Messe, -n",Kommst du mit zur Buchmesse nach Frankfurt? [sound:gtts-s1-cfc868b7-c091bb68-2fa35ce4-36ffa74a-cd5337c4.mp3],fair,Are you coming to the book fair in Frankfurt?,,,[sound:gtts-wort-7c26623b-0fcd8712-996994f6-574fb771-e3d406bb.mp3],NOUN
84887000658,"<span style=""color:#9FF527""><b>das</b></span> Messer, -","Das Messer schneidet nicht gut.<br><hr class=""sent-sep""><br>Ich habe nur ein Messer. Kannst du mir bitte noch eine Gabel bringen? [sound:gtts-s1-51ce2c6a-9ed54998-cf4bf2da-25e22fdd-60c015b8.mp3]",knife,"The knife does not cut well.<br><hr class=""sent-sep""><br>I have only one knife. Can you please bring me a fork?",,,[sound:gtts-wort-071b1f37-0b1b9e54-0de9572d-7517f937-9ed4aad5.mp3],NOUN
84887000659,"<span style=""color:#F5279F""><b>die</b></span> Miete, -n",Wie viel Miete bezahlst du für deine Wohnung? [sound:gtts-s1-1459be34-c01448f7-e1127ffe-88357d63-f5602eef.mp3],rental fee,How much rent do you pay for your apartment?,,,[sound:gtts-wort-3bb56e18-f7122af1-14342424-c1aba92e-23fd9624.mp3],NOUN
84887000660,"<span style=""color:#279FF5""><b>der</b></span> Mund, ""-er",Öffnen Sie bitte den Mund. Ich möchte in Ihren Hals sehen. [sound:gtts-s1-6725c865-d266978c-0d70f919-a5bbd4ac-93a2fa42.mp3],mouth,Please open your mouth. I want to see in your throat.,,,[sound:gtts-wort-a7d7f87b-0ba59c1b-b6ad238f-2400faf3-88d4c0c8.mp3],NOUN
84887000661,"<span style=""color:#9FF527""><b>das</b></span> Museum, -een",Im Kunstmuseum gibt es eine neue Ausstellung. [sound:gtts-s1-48a0673f-cb84f917-c92f3bd5-17a8673e-42a73d7d.mp3],museum,There is a new exhibition in the Kunstmuseum.,,,[sound:gtts-wort-e8ee56db-0ebdbfb7-05f41b56-bac2bfb7-5ec05389.mp3],NOUN
84887000662,"<span style=""color:#F5279F""><b>die</b></span> Musik, (Sg.)","Wie findest du die Musik?<br><hr class=""sent-sep""><br>Spanische Musik gefällt mir gut. [sound:gtts-s1-f70f64f5-9e746897-f9813a82-f23dbf3e-ceafdcdc.mp3]",music,"Do you like the music?<br><hr class=""sent-sep""><br>I like Spanish music.",,,[sound:gtts-wort-2b4076d0-44db235d-c3da7a44-ed8f3c86-051f323a.mp3],NOUN
84887000663,"<b>mieten</b>, <span style=""color:#0DA6FF"">mietete</span>, hat <span style=""color:#FFFB3D"">gemietet</span>",Ich möchte ein Auto mieten. [sound:gtts-s1-61845b5e-d12c1fa0-699e97a7-7efac3bd-21c149fc.mp3],to rent,I would like to rent a car.,,,[sound:gtts-wort-e13640d4-56203de2-9dad9fd0-e9e03eb0-c8b8b0ba.mp3],VERB
84887000664,"<span style=""color:#F5279F""><b>die</b></span> Milch, (Sg.)",Die Milch steht im Kühlschrank. [sound:gtts-s1-c306a8e1-6d277e31-96fccbc9-5d065a6a-b40b55a3.mp3],milk,The milk is in the fridge.,,,[sound:gtts-wort-dd97cf30-d301c4ec-6b298f6c-162d1c96-e75604be.mp3],NOUN
84887000665,mindestens,"Bitte kommen Sie mindestens zwei Stunden vor Ihrem Flug zum Flughafen.<br><hr class=""sent-sep""><br>Schreiben Sie mindestens sieben Sätze!<br><hr class=""sent-sep""><br>Ich warte schon mindestens 20 Minuten. Wann kommst du denn endlich? [sound:gtts-s1-bcfbbb0b-5084de38-7a1f33cf-1667894c-22c25ee4.mp3]",at least,"Please arrive at the airport at least two hours before your flight.<br><hr class=""sent-sep""><br>Write at least seven sentences!<br><hr class=""sent-sep""><br>I wait at least 20 minutes. When will you finally come?",,,[sound:gtts-wort-1695f38e-b369d501-13acc6ac-61ef37f6-c57943a4.mp3],ADV
84887000666,"<b>müssen</b>, <span style=""color:#0DA6FF"">musste</span>, hat <span style=""color:#FFFB3D"">gemusst</span>",Ich muss jeden Tag von 8 Uhr bis 18 Uhr arbeiten. [sound:gtts-s1-e1b97f01-1425d07c-c33c8b73-04e1ecf7-2a26ae1b.mp3],have to / must,I have to work every day from 8am to 6pm.,,,[sound:gtts-wort-06b6b1f7-95119768-88a007e0-2d07c473-81a5f46c.mp3],VERB
84887000667,"<span style=""color:#F5279F""><b>die</b></span> Mütze, -n",Haben Sie rote Mützen? [sound:gtts-s1-0a76d069-516f2428-6317de60-043b15cf-692e6df6.mp3],cap,Do you have red caps?,,,[sound:gtts-wort-64a4e12b-62c4b03d-730f6867-a1215bfd-44f51344.mp3],NOUN
84887000668,"<span style=""color:#9FF527""><b>das</b></span> Mineralwasser, (Sg.)","Ein Glas Mineralwasser, bitte. [sound:gtts-s1-9465ca36-b25db25c-9c57c3ee-55a99b44-dac1e24c.mp3]",mineral water,"A glass of mineral water, please.",,,[sound:gtts-wort-4f8a3e2e-6be8660c-7decace7-658281e8-d200cc41.mp3],NOUN
84887000669,nach,"Ich gehe jetzt nach Hause.<br><hr class=""sent-sep""><br>Ich fliege nach München.<br><hr class=""sent-sep""><br>Es ist schon fünf nach zwölf.<br><hr class=""sent-sep""><br>Wir treffen uns nach der Arbeit. [sound:gtts-s1-59922760-2c3527d9-cad9d3ec-86f13a19-d6767454.mp3]",after,"I'm going home now.<br><hr class=""sent-sep""><br>I'm flying to Munich.<br><hr class=""sent-sep""><br>It's already five past twelve.<br><hr class=""sent-sep""><br>We meet after work.",,,[sound:gtts-wort-901d48cc-2a11867b-e9cd347e-3bdedcd0-7b5e39ac.mp3],ADV
84887000670,mit,"Trinken Sie den Kaffee mit oder ohne Zucker?<br><hr class=""sent-sep""><br>Fahren wir mit dem Auto oder mit dem Zug nach Hamburg? [sound:gtts-s1-42936cc8-b44590aa-4120001a-d79253b2-cd16b387.mp3]",with,"Do you drink coffee with or without sugar?<br><hr class=""sent-sep""><br>Will we travel by car or train to Hamburg?",,,[sound:gtts-wort-03afd599-e149b668-c27aedc8-0cd51c95-60b246c0.mp3],ADV
84887000671,"<b>mitbringen</b>, <span style=""color:#0DA6FF"">brachte mit</span>, hat <span style=""color:#FFFB3D"">mitgebracht</span>",Ich gehe einkaufen. Soll ich dir was mitbringen? [sound:gtts-s1-4dd2cd71-fc24f78c-e07a1867-ee1e26de-1c9305cb.mp3],to bring along / to bring (so./sth.),I go shopping. Shall I bring you something?,,,[sound:gtts-wort-dd00d26c-1d23880f-b7c6d87d-728f28f6-3384426a.mp3],VERB
84887000672,"<b>mitspielen</b>, <span style=""color:#0DA6FF"">spielte mit</span>, hat <span style=""color:#FFFB3D"">mitgespielt</span>",Warum spielt Ihr nicht mit? [sound:gtts-s1-9f13441b-ff4e9005-8c8d1fee-8217fe76-100d3172.mp3],to play along,Why do not you play with?,,,[sound:gtts-wort-6d324cdb-9555d52f-c7cdfd27-b010fab8-3ac0160e.mp3],VERB
84887000673,"<b>mitmachen</b>, <span style=""color:#0DA6FF"">machte mit</span>, hat <span style=""color:#FFFB3D"">mitgemacht</span>",Wir organisieren ein Fest. Möchtest du auch mitmachen? [sound:gtts-s1-77573f53-58d8b1af-d373da6b-c4c95f09-59049367.mp3],to participate,We organize a party. Would you like to join?,,,[sound:gtts-wort-c934d692-3f5e39c5-87cfad82-bdd09ae2-8d563681.mp3],VERB
84887000674,"<b>mitkommen</b>, <span style=""color:#0DA6FF"">kam mit</span>, <span style=""color:#FF1D23"">ist</span> <span style=""color:#FFFB3D"">mitgekommen</span>","Ich komme mit meinem Freund.<br><hr class=""sent-sep""><br>Ich gehe ins Kino. Kommst du mit?<br><hr class=""sent-sep""><br>Kommst du mit ins Kino? - Ich weiß es noch nicht. [sound:gtts-s1-7e249530-d44d9363-dcd0ad1a-5507c5c7-6641bd09.mp3]",to come along,"I come with my friend.<br><hr class=""sent-sep""><br>I go to the movies. Are you coming with me?<br><hr class=""sent-sep""><br>Are you coming to the cinema? - I do not know yet.",,,[sound:gtts-wort-75bd1b0d-049d6e22-13f48516-9fd5dfa2-939226e2.mp3],VERB
84887000675,"<b>mitnehmen</b>, <span style=""color:#0DA6FF"">nahm mit</span>, hat <span style=""color:#FFFB3D"">mitgenommen</span>",Wir fahren am Wochenende in die Berge. Ich muss mein Zelt mitnehmen. [sound:gtts-s1-0043034c-11821151-75469b4d-ec8f18db-ce27bfab.mp3],to take (sth./so.) / to pick (sth./so.) / to give a lift,We go to the mountains at the weekend. I have to take my tent with me.,,,[sound:gtts-wort-4ab5c42d-02047f04-a195e9c3-a574c75b-366c55e9.mp3],VERB
84887000676,"<span style=""color:#279FF5""><b>der</b></span> Nachbar, -n","Mein Nachbar kommt aus Brasilien.<br><hr class=""sent-sep""><br>Die neuen Nachbarn sind sehr nett. [sound:gtts-s1-5e093c8f-2939a273-36cdbe79-7cb14d0e-fb044067.mp3]",male neighbor,"My neighbor comes from Brazil.<br><hr class=""sent-sep""><br>The new neighbors are very nice.",,,[sound:gtts-wort-424413dd-37033718-38d1a09b-c75f2437-4660f743.mp3],NOUN
84887000677,"<span style=""color:#F5279F""><b>die</b></span> Nachbarin, -nen",Meine Nachbarin ist Italienerin. [sound:gtts-s1-c8289e75-28264a54-d03b0545-14a21b4a-de9a41bd.mp3],female neighbor,My neighbor is an Italian.,,,[sound:gtts-wort-6c1e78e3-2fe12de1-24a790bd-ca06b9da-0ef5be41.mp3],NOUN
84887000678,"<span style=""color:#F5279F""><b>die</b></span> Nachricht, -en","Ich sehe abends immer die Nachrichten im Fernsehen.<br><hr class=""sent-sep""><br>Ich schreibe dir später eine Nachricht.<br><hr class=""sent-sep""><br>Sie haben keine neuen Nachrichten. [sound:gtts-s1-a1105649-dbcde662-220d3d31-95557513-f20c7b9b.mp3]",message,"I always watch the news on TV.<br><hr class=""sent-sep""><br>I'll write you a message later.<br><hr class=""sent-sep""><br>You have no new messages.",,,[sound:gtts-wort-4e33e98b-167172e1-32ffe6ae-8267a1f1-e2a98e78.mp3],NOUN
84887000679,nächste,"Sehen wir uns nächste Woche?<br><hr class=""sent-sep""><br>Ihr nächster Termin ist in einem Monat.<br><hr class=""sent-sep""><br>Bis nächstes Mal! [sound:gtts-s1-415457c1-8635156e-9192b266-0ded45e4-0201329d.mp3]",next,"See you next week?<br><hr class=""sent-sep""><br>Your next appointment is in a month.<br><hr class=""sent-sep""><br>See you next time!",,,[sound:gtts-wort-eebc41c4-bfd80155-9b48729a-1f7c36a9-3d6deadb.mp3],ADJ
84887000680,"<span style=""color:#279FF5""><b>der</b></span> Mitarbeiter, -",Unsere Firma hat sieben Mitarbeiter. [sound:gtts-s1-67d257e0-560b0828-7c701fc3-be0a2e1f-6959aa2d.mp3],employee,Our company has seven employees.,,,[sound:gtts-wort-761c6c54-a5f49933-d1c28d55-cd4d7224-aa17b134.mp3],NOUN
84887000681,"<span style=""color:#9FF527""><b>das</b></span> Mittagessen, -",Um zwölf Uhr gibt es Mittagessen. [sound:gtts-s1-f2380724-751686e9-42794c23-724eefa9-8a1def84.mp3],lunch,At noon there is lunch.,,,[sound:gtts-wort-cfaa23c7-aca8a4e9-fdaed67f-d6943c7d-54819d66.mp3],NOUN
84887000682,"<span style=""color:#F5279F""><b>die</b></span> Nähe, (Sg.)",Die Post ist in der Nähe vom Bahnhof. [sound:gtts-s1-c72c79b8-07e589ee-2f470d2f-f97214f7-c5f661f5.mp3],proximity / closeness,The post office is near the station.,,,[sound:gtts-wort-c36d7533-73f8aeab-dcf48230-c7750981-6074526e.mp3],NOUN
84887000683,"<span style=""color:#F5279F""><b>die</b></span> Mitte, -n","Den Schrank stellen wir an die Wand, den Tisch in die Mitte.<br><hr class=""sent-sep""><br>Ich habe bis Mitte August frei. [sound:gtts-s1-88cdeae6-3950328e-e93a384e-a3f43444-0754cfd4.mp3]",center,"We put the cupboard on the wall, the table in the middle.<br><hr class=""sent-sep""><br>I have free until mid-August.",,,[sound:gtts-wort-a1fa16fd-3fd7cbe0-6aa3a208-41dfde38-6efea404.mp3],NOUN
84887000684,"<span style=""color:#279FF5""><b>der</b></span> Name, -n","Wie ist Ihr Name?<br><hr class=""sent-sep""><br>Mein Name ist Thomas Schmidt.<br><hr class=""sent-sep""><br>Mein Vorname ist Thomas; Schmidt ist der Familienname. [sound:gtts-s1-9064faca-ce233065-7cd23ab6-2e4a7e59-31f554f0.mp3]",name,"What's your name?<br><hr class=""sent-sep""><br>My name is Thomas Schmidt.<br><hr class=""sent-sep""><br>My first name is Thomas; Schmidt is the surname.",,,[sound:gtts-wort-adb27050-5192a03e-a8b89d4b-3bf0e50d-bfbac681.mp3],NOUN
84887000685,"<span style=""color:#9FF527""><b>das</b></span> Mittel, -","Haben Sie ein Mittel gegen Magenschmerzen?<br><hr class=""sent-sep""><br>Das neue Waschmittel ist sehr gut. [sound:gtts-s1-2674ebcd-e7766c25-78951781-b88015c6-6b39a11a.mp3]",medium,"Do you have a remedy for stomach pain?<br><hr class=""sent-sep""><br>The new detergent is very good.",,,[sound:gtts-wort-b4dd3553-25b0d5ad-96511174-8985a55c-d20d67f1.mp3],NOUN
84887000686,nass,"Geh nicht mit den nassen Schuhen ins Wohnzimmer!<br><hr class=""sent-sep""><br>Du bist ja ganz nass. Hast du den Regenschirm vergessen? [sound:gtts-s1-4a28e555-1fc01b68-1d77b465-10cb1777-7de96d0a.mp3]",wet,"Do not go to the living room with the wet shoes!<br><hr class=""sent-sep""><br>You're all wet. Did you forget the umbrella?",,,[sound:gtts-wort-ac64a509-e67cefde-b9b5ce28-387a6f11-f076e45b.mp3],ADJ
84887000687,"<span style=""color:#F5279F""><b>die</b></span> Möbel, (Pl.)",Eure Möbel sind sehr schön. [sound:gtts-s1-b7f704ba-d13af22f-1110e29e-2135186c-d9c04e7f.mp3],furniture,Your furniture is very nice.,,,[sound:gtts-wort-a85e664e-f6606d4c-3bf313aa-76b67e44-8a5ecdb1.mp3],NOUN
84887000688,"<span style=""color:#9FF527""><b>das</b></span> Mobiltelefon, -e",Wie kann ich Sie erreichen? Haben Sie ein Mobiltelefon? [sound:gtts-s1-88667baf-1f5c9559-56ad6dbf-f69f5e1b-c2cf5192.mp3],mobile phone,How can I get in contact with you? Do you have a mobile phone?,,,[sound:gtts-wort-a3d6ee72-af845f61-a49e2997-ab1b90d4-4d7a7abd.mp3],NOUN
84887000689,"<b>möchten</b>, <span style=""color:#0DA6FF"">mochte</span>, hat <span style=""color:#FFFB3D"">gemocht</span>",Was möchten Sie trinken? [sound:gtts-s1-486fdce4-877d04a7-1a7c0c66-bdfc9e81-f72b35fd.mp3],to want,What would you like to drink?,,,[sound:gtts-wort-db4acb5b-9a62cad3-4fb3e5ad-78543b39-ed09e190.mp3],VERB
84887000690,"<span style=""color:#F5279F""><b>die</b></span> Natur, (Sg.)",Ich bin gern draußen in der Natur. [sound:gtts-s1-25ab9761-93652821-2866dee3-8688b05e-7372d28f.mp3],nature,I like to be outdoors in nature.,,,[sound:gtts-wort-510edbad-d8054bee-c89e93e9-638b2df2-37e9456f.mp3],NOUN
84887000691,natürlich,"Natürlich helfen wir dir.<br><hr class=""sent-sep""><br>Kommst du zu meiner Party? - Natürlich. [sound:gtts-s1-a41dcb8d-ea24530a-140d23f4-e9b6d781-3fa35a0e.mp3]",natural / of course / certainly,"Of course we will help you.<br><hr class=""sent-sep""><br>Are you coming to my party? - Naturally.",,,[sound:gtts-wort-3c597cfd-fa039d27-3e44ef3f-cd649e2a-9ecfb481.mp3],ADV
84887000692,"<span style=""color:#F5279F""><b>die</b></span> Mode, -n",Wie findest du die neue Mode? [sound:gtts-s1-7ac9351d-febc37fe-16648e5f-511a9110-7445eaf6.mp3],Fashion,How do you like the new fashion?,,,[sound:gtts-wort-12214295-dc2757d1-3a0b3929-e72f1790-5cd49d2e.mp3],NOUN
84887000693,neben,"Neben mir ist noch ein Platz frei.<br><hr class=""sent-sep""><br>Die Apotheke ist neben der Post. [sound:gtts-s1-51d11591-c1a7aa45-7e659567-dc57afd9-802b287c.mp3]",next,"Beside me is a place free.<br><hr class=""sent-sep""><br>The pharmacy is next to the post office.",,,[sound:gtts-wort-bdf74e80-7b28a6e3-90d790bd-21f68c2f-4adc4126.mp3],PREP
84887000694,nebenan,Das ist José. Er wohnt nebenan. [sound:gtts-s1-a681d495-dcf7980c-790f0139-19f25308-9ec4d5d6.mp3],next door,This is José. He lives next door.,,,[sound:gtts-wort-3c2b935f-4ecb5409-209af891-817e5e06-50a229df.mp3],ADV
84887000695,modern,Das Stadtzentrum von Frankfurt ist sehr modern. [sound:gtts-s1-94ec1338-8254a36d-deb3ed09-bef42ddd-e0eeaac5.mp3],modern,The city center of Frankfurt is very modern.,,,[sound:gtts-wort-60f8b574-d1146f9d-ceaf5734-fdd64fed-ab624720.mp3],ADJ
84887000696,"<b>mögen</b>, <span style=""color:#0DA6FF"">mochte</span>, hat <span style=""color:#FFFB3D"">gemocht</span>","Magst du Schokolade? - Nein, ich mag keine Süßigkeiten. [sound:gtts-s1-7c7149fd-a0d409db-27aa100f-dab8faa6-158aac56.mp3]",to like,"Do you like chocolate? - No, I do not like candy.",,,[sound:gtts-wort-b8ad88b8-af1caf6a-ca00a7bf-19efd35e-4adc56d1.mp3],VERB
84887000697,neblig,Fahr vorsichtig! Es ist neblig. [sound:gtts-s1-c421683c-957d55df-99d67655-f8ddeac2-7136ffcb.mp3],foggy,Drive carefully! It is foggy.,,,[sound:gtts-wort-02ed3361-9292359c-162e7c07-41074048-a2c83485.mp3],ADJ
84887000698,möglich,Kann ich bitte sofort einen Termin haben? - Das ist leider nicht möglich. [sound:gtts-s1-2c207f9c-22a23078-a049c2f8-8c21cdbb-681d48fb.mp3],possible,Can I have an appointment immediately? - Unfortunately that is not possible.,,,[sound:gtts-wort-e3ef15ae-9ebf0bbf-1fdad685-0a3a25be-a437b6c5.mp3],ADJ
84887000699,"<b>nehmen</b>, <span style=""color:#0DA6FF"">nahm</span>, hat <span style=""color:#FFFB3D"">genommen</span>","Nehmen Sie die Tabletten vor dem Essen!<br><hr class=""sent-sep""><br>Was möchten Sie? - Ich nehme einen Salat.<br><hr class=""sent-sep""><br>Ich nehme den Bus. [sound:gtts-s1-632f521a-7ddfdadd-076d05ed-d675cad3-b560a76e.mp3]",to take,"Take the tablets before eating!<br><hr class=""sent-sep""><br>What do you wish? - I'll take a salad.<br><hr class=""sent-sep""><br>I take the bus.",,,[sound:gtts-wort-32d582c3-cf9dbcc9-dc4d4c51-25f04eef-edf0996c.mp3],VERB
84887000700,nein,"Möchten Sie ein Stück Kuchen? - Nein, danke.<br><hr class=""sent-sep""><br>Fährst du auch nach München? - Nein, ich habe keine Zeit. [sound:gtts-s1-9826f10f-96ee2cc8-249d676c-eb0d74e7-16308e7d.mp3]",no,"Would you like a piece of cake? - No thanks.<br><hr class=""sent-sep""><br>Do you also go to Munich? - No, I have no time.",,,[sound:gtts-wort-fb4e415e-a82505b5-d3f25d39-ba27974f-df9d3fcc.mp3],ADV
84887000701,offen,"Ist das Fenster im Bad noch offen?<br><hr class=""sent-sep""><br>Ich glaube, der Supermarkt ist jetzt noch offen. [sound:gtts-s1-c0e76c59-d3f4cfbc-fc35871d-5ab66b62-cd692db0.mp3]",open,"Is the window still open in the bathroom?<br><hr class=""sent-sep""><br>I think the supermarket is still open.",,,[sound:gtts-wort-b4b34ed4-51615f18-4b3d1804-d3d435e2-4dfec06d.mp3],ADJ
84887000702,"<b>öffnen</b>, <span style=""color:#0DA6FF"">öffnete</span>, hat <span style=""color:#FFFB3D"">geöffnet</span>","Ich öffne die Tür.<br><hr class=""sent-sep""><br>Der Laden ist samstags bis 16.00 Uhr geöffnet. [sound:gtts-s1-63a9e7ef-2d26af79-025a751d-01742027-e329db6b.mp3]",to open,"I open the door.<br><hr class=""sent-sep""><br>The store is open until 4 pm on Saturdays.",,,[sound:gtts-wort-b987cceb-3913b5a6-1b876819-d7d59678-6bbfa576.mp3],VERB
84887000703,oft,Ich gehe nicht oft ins Kino. [sound:gtts-s1-16834574-a07a3de1-6019a7a9-244eeb0a-51fcdac2.mp3],often,I do not go to the movies often.,,,[sound:gtts-wort-03c07287-14b851cd-0bbf50ab-30ea7409-ea5ff1e4.mp3],ADV
84887000704,ohne,"Bitte einen Kaffee ohne Milch und Zucker.<br><hr class=""sent-sep""><br>Schaffst du das auch ohne mich oder soll ich dir helfen? [sound:gtts-s1-955ff60d-13379fa9-e4199858-06ef7320-57f8dd0c.mp3]",without,"Please make a coffee without milk and sugar.<br><hr class=""sent-sep""><br>Can you do this without me or should I help you?",,,[sound:gtts-wort-d37d0dd8-407d3639-3773bc01-0cea3765-45e4e476.mp3],ADV
84887000705,"<b>nennen</b>, <span style=""color:#0DA6FF"">nannte</span>, hat <span style=""color:#FFFB3D"">genannt</span>","Mein Freund heißt Alexander, aber alle nennen ihn Alex. [sound:gtts-s1-9b58792e-e1e4d04c-5d2f8952-d4bc9929-5bc1534b.mp3]",to call so. sth. / to mention,"My friend is called Alexander, but everyone calls him Alex.",,,[sound:gtts-wort-917fd9d0-4d9d4916-43a06739-1600334c-b80009e4.mp3],VERB
84887000706,nervös,Bei Prüfungen bin ich immer sehr nervös. [sound:gtts-s1-1d48b778-4337337f-8b6916a5-f965d795-617f1fb7.mp3],nervous,I am always very nervous when it comes to examinations.,,,[sound:gtts-wort-26c57460-cd73c5c6-2771decd-01cd3cba-a47904df.mp3],ADJ
84887000707,nett,"Ich habe viele nette Kollegen.<br><hr class=""sent-sep""><br>Vielen Dank! Das ist sehr nett von dir. [sound:gtts-s1-e098fbe9-535741fc-1e4328c8-00f40b9a-640a9478.mp3]",kind,"I have many nice colleagues.<br><hr class=""sent-sep""><br>Many Thanks! That's very nice of you.",,,[sound:gtts-wort-ae419283-674dcf41-5d2fc210-c4ba3838-5cac4afd.mp3],ADJ
84887000708,"<span style=""color:#9FF527""><b>das</b></span> Ohr, -en",Ich habe Ohrenschmerzen. [sound:gtts-s1-db282472-aa5c7b88-a813aecb-b10d5acf-10adc04b.mp3],ear,My ears hurt.,,,[sound:gtts-wort-b8cbb883-af4acfd2-69c8235f-2a552c0c-a213b772.mp3],NOUN
84887000709,"<span style=""color:#9FF527""><b>das</b></span> Öl, -e","Machen wir den Salat mit Öl?<br><hr class=""sent-sep""><br>Können Sie bei meinem Auto bitte das Öl kontrollieren? [sound:gtts-s1-9297f5d9-78884990-7fb91922-d1aca730-d7526cb0.mp3]",oil,"Do we make the salad with oil?<br><hr class=""sent-sep""><br>Can you check the oil in my car?",,,[sound:gtts-wort-090b6561-9edfce62-fac31223-625213d8-c2e98319.mp3],NOUN
84887000710,neu,"Ich bin der neue Mitarbeiter.<br><hr class=""sent-sep""><br>Wir haben eine neue Wohnung.<br><hr class=""sent-sep""><br>Zeig mal! Ist das dein neues Handy? [sound:gtts-s1-22aff667-9dfaea8b-786f6eab-9858775b-e080fff4.mp3]",new,"I am the new employee.<br><hr class=""sent-sep""><br>We have a new flat.<br><hr class=""sent-sep""><br>Show me! Is this your new phone?",,,[sound:gtts-wort-33e2b971-71ac66c0-6589a952-72268e36-3cfb4dee.mp3],ADJ
84887000711,online,"Wann bist du wieder online?<br><hr class=""sent-sep""><br>Ich habe hier kein Internet. Ich bin erst heute Abend wieder online.<br><hr class=""sent-sep""><br>Sie können das Geld auch online überweisen. [sound:gtts-s1-c93897e7-058453c2-b86cd41e-de481f3f-4c66d8ac.mp3]",on-line,"When are you online again?<br><hr class=""sent-sep""><br>I have no Internet. I'm back online tonight.<br><hr class=""sent-sep""><br>You can also transfer the money online.",,,[sound:gtts-wort-b2cae1f3-b2cf5a48-c2b30f3b-e8be54c8-b6cc713c.mp3],ADV
84887000712,nicht,"Das stimmt nicht.<br><hr class=""sent-sep""><br>Ich kann morgen leider nicht kommen.<br><hr class=""sent-sep""><br>Lisa wohnt nicht in Hamburg, sie wohnt in Bremen. [sound:gtts-s1-5e942d2a-caa50607-eb905333-d409fc9d-9b791a9c.mp3]",not,"That's not true.<br><hr class=""sent-sep""><br>I can not come tomorrow.<br><hr class=""sent-sep""><br>Lisa does not live in Hamburg, she lives in Bremen.",,,[sound:gtts-wort-785fad76-2424df81-b6394ab0-1ff0b3d2-0895b1a5.mp3],ADV
84887000713,nichts,"Das macht nichts.<br><hr class=""sent-sep""><br>Hier kaufe ich nichts. Der Laden gefällt mir nicht. [sound:gtts-s1-c4266c49-630d5b96-fee3a719-2ecd5a92-9981ce41.mp3]",nothing,"That does not matter.<br><hr class=""sent-sep""><br>Here I buy nothing. I do not like the shop.",,,[sound:gtts-wort-9cb3541a-2de2488e-4b91b008-7e08b9e5-b0e8d5c9.mp3],ADV
84887000714,nie,Er kommt nie pünktlich. [sound:gtts-s1-9f7efcbf-fd9efd8b-664ee718-73dd0c8f-05e13c32.mp3],never,He never comes on time.,,,[sound:gtts-wort-410bc7e3-143f549f-a720e3d1-7b7687a7-4a967b51.mp3],ADV
84887000715,"<span style=""color:#F5279F""><b>die</b></span> Orange, -n",Ich esse gern Orangen. [sound:gtts-s1-72d88745-c6359e0f-aab5c266-b6014924-3a49d921.mp3],orange,I like to eat oranges.,,,[sound:gtts-wort-6ffd835b-5287ba0e-a24855e1-b49ec579-3d2430a9.mp3],NOUN
84887000716,"<span style=""color:#F5279F""><b>die</b></span> Ordnung, -en","Er hat seine Hausaufgabe gut gemacht. Das ist alles in Ordnung.<br><hr class=""sent-sep""><br>Ich mache gleich Ordnung in meinem Zimmer. [sound:gtts-s1-b24a385d-391b3ccb-d897191d-44cb10ce-e941b6f7.mp3]",order,"He did his homework well. That's all right.<br><hr class=""sent-sep""><br>I'll be right in my room.",,,[sound:gtts-wort-cba4178d-f13bd0e4-7913e140-21cef5e0-5c908b7e.mp3],NOUN
84887000717,niemand,"Hier ist niemand.<br><hr class=""sent-sep""><br>Hier ist der Anrufbeantworter von Familie Klein. Leider ist im Moment niemand zu Hause. [sound:gtts-s1-9038e2d3-b6ed0f21-ae73723b-83b5ef92-8203e5a8.mp3]",nobody,"Nobody is here.<br><hr class=""sent-sep""><br>Here is the answering machine from the Klein family. Unfortunately, nobody is at home right now.",,,[sound:gtts-wort-ee71d021-367b19ff-4a236174-c177506f-780b5fcc.mp3],PRON
84887000718,nirgends,"Hier kann man nirgends parken.<br><hr class=""sent-sep""><br>Wo ist Stefan? Ich kann ihn nirgends sehen. [sound:gtts-s1-ac451099-c37fe760-96d318d7-8a5f7bb0-d2c5b766.mp3]",nowhere,"There is nowhere to park.<br><hr class=""sent-sep""><br>Where is Stefan? I can not see him anywhere.",,,[sound:gtts-wort-b4ef3895-e4163b58-830290f1-77eae1e1-c260af3b.mp3],ADV
84887000719,"<b>organisieren</b>, <span style=""color:#0DA6FF"">organisierte</span>, hat <span style=""color:#FFFB3D"">organisiert</span>","Frau Gomez organisiert unseren Ausflug.<br><hr class=""sent-sep""><br>Hast du schon alles für deinen Urlaub organisiert? [sound:gtts-s1-4257ef64-45b34396-6b47da94-95443690-90e30963.mp3]",to organize,"Mrs Gomez organized our trip.<br><hr class=""sent-sep""><br>Have you already organized everything for your holiday?",,,[sound:gtts-wort-789ddb02-9003e804-3928b2aa-3e3f6924-1ebee725.mp3],VERB
84887000720,"<span style=""color:#279FF5""><b>der</b></span> Ort, -e","Vergessen Sie Ort und Datum nicht, wenn Sie einen Brief schreiben.<br><hr class=""sent-sep""><br>Der Ort liegt in den Bergen.<br><hr class=""sent-sep""><br>Wohnort: Köln. [sound:gtts-s1-0bc6f42c-0145b72f-6d594bc1-0a7d5ad1-ffb105b7.mp3]",place,"Do not forget your location and date when you write a letter.<br><hr class=""sent-sep""><br>The place is located in the mountains.<br><hr class=""sent-sep""><br>Location: Cologne.",,,[sound:gtts-wort-8afe8aa9-1b5b927f-1e2032b3-e00df212-83d5939f.mp3],NOUN
84887000721,noch,"Vielleicht kommt er noch.<br><hr class=""sent-sep""><br>Es dauert noch ein paar Minuten.<br><hr class=""sent-sep""><br>Ich habe noch 20 Euro. [sound:gtts-s1-9fe8bef0-d25ae218-8857c895-d0b2688e-24d7eb30.mp3]",still,"Maybe he's coming.<br><hr class=""sent-sep""><br>It still takes a few minutes.<br><hr class=""sent-sep""><br>I still have 20 euros.",,,[sound:gtts-wort-be38e08a-7fb44f8c-d26e1b7d-af85d110-b05f438d.mp3],ADV
84887000722,normal,Das ist doch ganz normal. [sound:gtts-s1-c23c8bd4-8022e861-d464a2ae-dec8dd64-df67adf4.mp3],normal,This is quite normal.,,,[sound:gtts-wort-d8d29943-b96aff19-48ffa889-f74fb697-c875417a.mp3],ADJ
84887000723,"<span style=""color:#F5279F""><b>die</b></span> Note, -n",Eva hat immer sehr gute Noten in Deutsch. [sound:gtts-s1-52ca5939-92182f71-6eb2bf18-49fdb4c7-6b72187b.mp3],grade,Eva always has very good grades in German.,,,[sound:gtts-wort-cf7c24bf-2c46de8c-267e205e-9cadaa80-1cf8966d.mp3],NOUN
84887000724,"<b>notieren</b>, <span style=""color:#0DA6FF"">notierte</span>, hat <span style=""color:#FFFB3D"">notiert</span>",Notieren Sie bitte alle wichtigen Informationen. [sound:gtts-s1-c69cce57-e0cfc452-76b57059-f6d2f6d2-426e988f.mp3],to note,Please write down all important information.,,,[sound:gtts-wort-ad4baf7c-6f06cdae-325170bd-d9e67a3a-95aca8e5.mp3],VERB
84887000725,"<span style=""color:#F5279F""><b>die</b></span> Notiz, -en","Schreib mir bitte eine Notiz.<br><hr class=""sent-sep""><br>Haben Sie einen Notizzettel für mich? [sound:gtts-s1-9340f1e2-b3be5b77-5da07a3e-8559166e-e63b1683.mp3]",note,"Please write me a note.<br><hr class=""sent-sep""><br>Do you have a note for me?",,,[sound:gtts-wort-41fc32ae-906a088e-565cd5ac-c0b011b1-70c51cd7.mp3],NOUN
84887000726,"<span style=""color:#9FF527""><b>das</b></span> Paar, -e","Romeo und Julia sind ein Paar.<br><hr class=""sent-sep""><br>Ich brauche ein Paar Schuhe. [sound:gtts-s1-6a5c8744-ff3c812f-551e90ef-d1b00383-20989bed.mp3]",Pair,"Romeo and Juliet are a couple.<br><hr class=""sent-sep""><br>I need a pair of shoes.",,,[sound:gtts-wort-284053fd-a1ca7f95-2e605646-acf17b9c-db032a02.mp3],NOUN
84887000727,ein paar,"Wir fahren ein paar Tage ans Meer.<br><hr class=""sent-sep""><br>Hast du ein paar Minuten Zeit? [sound:gtts-s1-615f76d1-d73a9b11-c612e56b-25fa8292-2587c62f.mp3]",a few,"We drive a few days to the sea.<br><hr class=""sent-sep""><br>Do you have a few minutes?",,,[sound:gtts-wort-61595fd4-946ac726-40a98efc-de12c585-29481f78.mp3],PHRASE
84887000728,notwendig,"Muss ich noch einmal kommen? - Nein, das ist nicht notwendig. [sound:gtts-s1-d07a080e-e55b1f74-8cedda66-815c98d6-6106875e.mp3]",necessary,"Do I have to come again? - No, it is not necessary.",,,[sound:gtts-wort-6a5abc41-3ed67c8d-fb040642-5cd4d874-5353c9f0.mp3],ADJ
84887000729,"<b>packen</b>, <span style=""color:#0DA6FF"">packte</span>, hat <span style=""color:#FFFB3D"">gepackt</span>",Ich muss noch meinen Koffer packen. [sound:gtts-s1-5605fdd3-5dfadbcc-c2d0aff1-9c29d189-4a569ed7.mp3],to pack,I have to pack my suitcase.,,,[sound:gtts-wort-e8f84a9e-3dc0464a-171cc96d-a215ecfe-84fa7d9e.mp3],VERB
84887000730,"<span style=""color:#F5279F""><b>die</b></span> Nudel, -n","Möchten Sie lieber Reis oder Nudeln? - Lieber Nudeln, bitte. [sound:gtts-s1-6cde1044-540ef2f6-250d8d7a-15235c92-eb7e879c.mp3]",noodle,"Would you rather have rice or noodles? - Dear noodles, please.",,,[sound:gtts-wort-b8eecb2c-e00646e6-8968b9c4-dc9a3c64-d36c9855.mp3],NOUN
84887000731,"<span style=""color:#F5279F""><b>die</b></span> Nummer, -n","Sie haben Zimmer Nummer zwölf.<br><hr class=""sent-sep""><br>Welche Hausnummer haben Sie?<br><hr class=""sent-sep""><br>Können Sie mir bitte Ihre Nummer geben?<br><hr class=""sent-sep""><br>Haben Sie die Bluse auch eine Nummer kleiner? [sound:gtts-s1-99981e5e-372f3ba3-1ae2cee3-9e0b07bd-451b39d7.mp3]",number,"They have room number twelve.<br><hr class=""sent-sep""><br>What house number do you have?<br><hr class=""sent-sep""><br>Can you please give me your number?<br><hr class=""sent-sep""><br>Do you have the blouse a smaller size?",,,[sound:gtts-wort-a5775ad8-d05a52db-c0592d3c-43bd367a-4571be73.mp3],NOUN
84887000732,"<span style=""color:#9FF527""><b>das</b></span> Paket, -e",Bringst du bitte das Paket zur Post? [sound:gtts-s1-fcc49714-f6c5771b-84a62003-6a84a093-ac017db1.mp3],package,Will you bring the parcel to the post office?,,,[sound:gtts-wort-f0b25b97-6b8fc14f-c33b7c17-a919049a-d9ce4180.mp3],NOUN
84887000733,"<span style=""color:#9FF527""><b>das</b></span> Papier, -e",Hier sind Papier und Bleistift. [sound:gtts-s1-b66e56fe-38f4a5cd-f1561eb9-796c03f2-9d177490.mp3],paper,Here are paper and pencil.,,,[sound:gtts-wort-8e475edd-b93ff4c7-8d40371d-47797ba5-2ebeef3a.mp3],NOUN
84887000734,"<span style=""color:#F5279F""><b>die</b></span> Papiere, (Pl.)",Haben Sie Ihre Papiere dabei? [sound:gtts-s1-13faaef3-ed62d602-19c876c8-f75b9ce0-3cc02773.mp3],"papers, documents",Do you have your papers?,,,[sound:gtts-wort-0c6c0ca8-381dc99f-61fa5885-5761d479-27c66a1d.mp3],NOUN
84887000735,"<span style=""color:#9FF527""><b>das</b></span> Parfüm, -s",Ich suche ein Parfum als Geschenk für meine Frau. [sound:gtts-s1-277623fd-91c302c1-96e3fa1c-8f450eb6-6be842dc.mp3],perfume,I am looking for a perfume as a present for my wife.,,,[sound:gtts-wort-264b34fb-bb85a663-ec8ee657-1806f683-420456f6.mp3],NOUN
84887000736,"<span style=""color:#279FF5""><b>der</b></span> Park, -s",Ich gehe gern im Park spazieren. [sound:gtts-s1-7b88ee27-b816f072-e3b715f2-04d21e4a-0a5cb03e.mp3],park,I like walking in the park.,,,[sound:gtts-wort-a4038b54-6ae1f61b-bd42876d-693e2ea6-f13868e5.mp3],NOUN
84887000737,nur,"Ich möchte nur ein Glas Wasser.<br><hr class=""sent-sep""><br>Das T-Shirt kostet nur fünf Euro. [sound:gtts-s1-2c009480-da83e837-8d7a6e3e-39051c24-3f5f242e.mp3]",only / simply,"I just want a glass of water.<br><hr class=""sent-sep""><br>The shirt costs only five euros.",,,[sound:gtts-wort-8d02028c-4e71ffd4-e7ab08b3-78d5f677-180e84de.mp3],ADV
84887000738,"<b>parken</b>, <span style=""color:#0DA6FF"">parkte</span>, hat <span style=""color:#FFFB3D"">geparkt</span>","Darf ich hier parken?<br><hr class=""sent-sep""><br>Hier ist Parken verboten. [sound:gtts-s1-09d001b1-4afd830c-551552ce-38f6a85c-c2469ee8.mp3]",to park,"May I park here?<br><hr class=""sent-sep""><br>Parking is forbidden.",,,[sound:gtts-wort-90d6dffd-ede6af98-3266765b-d4457680-be2bfef0.mp3],VERB
84887000739,"<span style=""color:#279FF5""><b>der</b></span> Partner, -",Roland ist meine Partner. [sound:gtts-s1-afd04fbd-5fbbc6d7-0389b0eb-e9a819da-4bd802a4.mp3],male partner,Roland is my partner.,,,[sound:gtts-wort-4cfbcf07-9f12e36d-95ef55b5-1414f711-8d226230.mp3],NOUN
84887000740,"<span style=""color:#F5279F""><b>die</b></span> Partnerin, -nen",Veronika ist meine Partnerin. [sound:gtts-s1-ec265a59-386f73cc-4df36e4a-9d9d8ee4-c41c608c.mp3],female partner,Veronika is my partner.,,,[sound:gtts-wort-aade70d1-b1bae841-e694745f-22416914-0ce64de1.mp3],NOUN
84887000741,nützlich,Danke für den Tipp. Er war sehr nützlich. [sound:gtts-s1-e5eca40f-b823c52e-0c33672c-f52c43a8-01c692ab.mp3],useful,Thanks for the tip. He was very useful.,,,[sound:gtts-wort-0230f92e-93dce292-c34db145-efcd0688-41592505.mp3],ADJ
84887000742,"<span style=""color:#F5279F""><b>die</b></span> Party, -s",Heute Abend machen wir eine Party. [sound:gtts-s1-5419baaa-712df35c-2ee1d54a-7837d7ec-1bcd82cb.mp3],party,Tonight we will have a party.,,,[sound:gtts-wort-dd0284b8-0254f4f6-f56a68f6-5d5f3487-18a4091e.mp3],NOUN
84887000743,"<span style=""color:#279FF5""><b>der</b></span> Pass, ""-e",Am Flughafen brauchst du deinen Pass. [sound:gtts-s1-cc6e0085-5ae3ed8b-1adfabd4-49501ad3-dc6233e5.mp3],passport,At the airport you need your passport.,,,[sound:gtts-wort-ca84bfea-f903889d-4176e9f1-43454cb4-f547db4d.mp3],NOUN
84887000744,oben,Ich wohne oben im 4. Stock. [sound:gtts-s1-5a439714-d513809d-47a73c13-54c8a3e2-7592ad3f.mp3],above,I live upstairs on the 4th floor.,,,[sound:gtts-wort-65fede01-43baddd8-8878ef18-9f692dbd-7f3431c3.mp3],ADV
84887000745,"<span style=""color:#9FF527""><b>das</b></span> Obst, (Sg.)",Obst kaufe ich immer auf dem Markt. Heute kaufe ich Äpfel und Orangen. [sound:gtts-s1-61577b09-49742689-05c15355-8d90b6da-ec51a8ae.mp3],fruit,I always buy fruit in the market. Today I buy apples and oranges.,,,[sound:gtts-wort-c93af8d4-481dbbe9-8fa5ee06-45db1070-4eb07dc7.mp3],NOUN
84887000746,"<b>passen</b>, <span style=""color:#0DA6FF"">paßte</span>, hat <span style=""color:#FFFB3D"">gepasst</span>","Die Bluse passt mir nicht.<br><hr class=""sent-sep""><br>Welches Wort passt? Wählen Sie. [sound:gtts-s1-f75bf103-4a531799-567b1162-156802b9-b47122b5.mp3]",to fit / to suit,"The blouse does not suit me.<br><hr class=""sent-sep""><br>Which word fits? Choose.",,,[sound:gtts-wort-0a8249d0-be9610b9-06a34fc8-b8927e7a-8c960102.mp3],VERB
84887000747,"<b>passieren</b>, <span style=""color:#0DA6FF"">passierte</span>, <span style=""color:#FF1D23"">ist</span> <span style=""color:#FFFB3D"">passiert</span>","Was ist passiert?<br><hr class=""sent-sep""><br>Wie ist der Unfall passiert? [sound:gtts-s1-f0cac7eb-8048e841-85a60d50-35df4d95-92a478f4.mp3]",to happen,"What happened?<br><hr class=""sent-sep""><br>How did the accident happen?",,,[sound:gtts-wort-adac8c72-1a5928d1-2d79d6d0-d313d2c9-6711823b.mp3],VERB
84887000748,oder,"Wann können Sie kommen - heute oder morgen?<br><hr class=""sent-sep""><br>Entweder fahren wir mit dem Bus oder wir gehen zu Fuß. [sound:gtts-s1-a3ace5d1-98476729-7d1de851-274e2055-1b1b689d.mp3]",or,"When can you come today or tomorrow?<br><hr class=""sent-sep""><br>Either we go by bus or we go on foot.",,,[sound:gtts-wort-4ab8f677-144f06a8-4ff70aae-b61a83ab-5ab9ca76.mp3],ADV
84887000749,"<span style=""color:#9FF527""><b>das</b></span> Passwort, ""-er","Bitte schreiben Sie Ihr Passwort.<br><hr class=""sent-sep""><br>Sie brauchen ein Passwort.<br><hr class=""sent-sep""><br>Ich habe mein Passwort vergessen. [sound:gtts-s1-00e1ca0f-e00d467a-f489586a-47d525b5-deec90ff.mp3]",password,"Please write your password.<br><hr class=""sent-sep""><br>You need a password.<br><hr class=""sent-sep""><br>I have forgotten my password.",,,[sound:gtts-wort-f2385c0a-5f55edc7-4244bdd8-f50a132d-b16acd1e.mp3],NOUN
84887000750,"<span style=""color:#9FF527""><b>das</b></span> Projekt, -e",Wir machen ein Projekt über Sehenswürdigkeiten in unserer Stadt. [sound:gtts-s1-2d36f6dd-bdba0569-021183d4-d7ced0e8-920d530d.mp3],project,We make a project about sights in our city.,,,[sound:gtts-wort-29207927-39061352-c23db74c-8c17fe57-a9ae1179.mp3],NOUN
84887000751,"<span style=""color:#F5279F""><b>die</b></span> Pause, -n",Von 12.00 bis 12.30 Uhr haben wir Mittagspause. [sound:gtts-s1-f5fcc5bd-d3899fba-29d2e4b4-e790cd7d-71a32bee.mp3],pause,From 12.00 to 12.30 we have lunch break.,,,[sound:gtts-wort-76f758f3-47e3132c-5a340000-c737fd22-606d032f.mp3],NOUN
84887000752,"<span style=""color:#279FF5""><b>der</b></span> Prospekt, -e",Bitte schicken Sie mir einen Prospekt von Ihrem Hotel. [sound:gtts-s1-e25561dc-398be258-eafedfde-eef1ce15-880e7e6e.mp3],brochure,Please send me a brochure from your hotel.,,,[sound:gtts-wort-c89e72eb-e4c36771-d3a3628c-f1638145-b36beaf3.mp3],NOUN
84887000753,"<span style=""color:#F5279F""><b>die</b></span> Person, -en",Eintritt pro Person: 5 Euro. [sound:gtts-s1-e777721c-fa43ffaf-609bbe90-7d441d05-cf55bd30.mp3],person,Entry per person: 5 Euro.,,,[sound:gtts-wort-dee96d52-ea2c8534-44fff653-d4b41853-f11a9217.mp3],NOUN
84887000754,"<b>prüfen</b>, <span style=""color:#0DA6FF"">prüfte</span>, hat <span style=""color:#FFFB3D"">geprüft</span>",Bitte prüfen Sie die Rechnung sofort. [sound:gtts-s1-1b325881-07016585-01fcdc56-8a56794f-3b77c815.mp3],to check,Please check the invoice immediately.,,,[sound:gtts-wort-5df27ea1-0b9a4de7-231c0328-19bfacad-3e76994f.mp3],VERB
84887000755,"<span style=""color:#9FF527""><b>das</b></span> Pferd, -e",Amira liebt Pferde. Sie reitet seit zehn Jahren. [sound:gtts-s1-c0849b0f-9ff01bca-58ef9b2e-96dfddca-55f86fae.mp3],horse,Amira loves horses. She has been riding for ten years.,,,[sound:gtts-wort-545ada76-9507cbfe-e6717ffe-5aad3e62-1e0f3da1.mp3],NOUN
84887000756,"<span style=""color:#F5279F""><b>die</b></span> Pflanze, -n",Können Sie sich bitte um unsere Pflanzen kümmern? Wir sind nächste Woche im Urlaub. [sound:gtts-s1-30dc2538-5a43be8d-04a63d90-dd3fb6b0-82b00129.mp3],plant,Can you please take care of our plants? We are next week on vacation.,,,[sound:gtts-wort-b6884824-b0e6a6d8-f15b3fa3-e3a4e54b-6d7e3c2a.mp3],NOUN
84887000757,"<span style=""color:#F5279F""><b>die</b></span> Prüfung, -en",Ich habe die Prüfung bestanden. [sound:gtts-s1-f24d873a-aa1a37b2-5f758d65-5697da25-b68b8d72.mp3],exam,I passed the exam.,,,[sound:gtts-wort-7d8338d3-f8bd9abd-fcb246e0-41d86f67-39572ed4.mp3],NOUN
84887000758,"<span style=""color:#279FF5""><b>der</b></span> Pullover, -",Ich muss mir einen Pullover kaufen. [sound:gtts-s1-86c2b35b-8e82082e-c337d2f5-30fa4a90-e39a9b47.mp3],pullover,I need to buy a sweater.,,,[sound:gtts-wort-8b66d0c0-06aa977b-635ce4c0-1b81aa24-148d9bb9.mp3],NOUN
84887000759,"<span style=""color:#F5279F""><b>die</b></span> Pizza, -s/-en","Mein Lieblingsessen ist Pizza.<br><hr class=""sent-sep""><br>Eine Pizza mit viel Käse, bitte. [sound:gtts-s1-afabb448-2fd454a4-ac9a4a8c-ef598ff9-feac476e.mp3]",pizza,"My favorite food is pizza.<br><hr class=""sent-sep""><br>A pizza with lots of cheese, please.",,,[sound:gtts-wort-06be9f45-0ae9f1b4-e42d07b5-83f16370-c30a65c8.mp3],NOUN
84887000760,pünktlich,"Der Bus fährt pünktlich um acht Uhr.<br><hr class=""sent-sep""><br>Herr Müller ist immer pünktlich. [sound:gtts-s1-74083655-4830f48e-0ff142c9-b1ef5098-4f204d09.mp3]",on time,"The bus leaves at eight o'clock on time.<br><hr class=""sent-sep""><br>Mr. Müller is always on time.",,,[sound:gtts-wort-cbf46d4b-6d840eb4-ad61d147-15dcc8df-d3c8e79c.mp3],ADJ
84887000761,"<span style=""color:#9FF527""><b>das</b></span> Plakat, -e",Wir machen im Unterricht ein Plakat zum Thema „Essen und Trinken“. [sound:gtts-s1-367a6291-ab6c5a9d-c6497991-6929cbda-6aa52f50.mp3],poster,"We are teaching a poster about the topic ""food and drink"".",,,[sound:gtts-wort-3e843c83-868fbb00-3febb1b2-e7a81aec-5d86ebe9.mp3],NOUN
84887000762,"<b>putzen</b>, <span style=""color:#0DA6FF"">putzte</span>, hat <span style=""color:#FFFB3D"">geputzt</span>",Ich muss heute noch das Bad putzen. [sound:gtts-s1-8dd81091-81bf970f-fb73a0f8-45daeda4-c3ede5be.mp3],to clean,I have to clean the bathroom today.,,,[sound:gtts-wort-6b021204-450bcca8-76b1ba43-167ec594-ad355e00.mp3],VERB
84887000763,"<span style=""color:#279FF5""><b>der</b></span> Plan, ""-e","Ich kaufe mir einen Stadtplan.<br><hr class=""sent-sep""><br>Morgen schwimmen ... ist ein guter Plan. [sound:gtts-s1-c08c56af-39040c6f-e8c78efe-cb9b5c18-e59a36fb.mp3]",plan,"I buy a map.<br><hr class=""sent-sep""><br>Morning swim ... is a good plan.",,,[sound:gtts-wort-781aae95-bded98b4-1876cc40-bdad6c4b-280b2aaa.mp3],NOUN
84887000764,"<b>planen</b>, <span style=""color:#0DA6FF"">plante</span>, hat <span style=""color:#FFFB3D"">geplant</span>",Wir sollen zusammen eine Klassenparty planen. [sound:gtts-s1-65029cd8-ce72296d-15de1d68-3f5c44ad-088c50af.mp3],to plan,We should plan a class party together.,,,[sound:gtts-wort-453ba45c-891e588f-16db46bb-d5a89583-b97d7395.mp3],VERB
84887000765,"<span style=""color:#279FF5""><b>der</b></span> Platz, ""-e","Hier ist noch ein Platz frei.<br><hr class=""sent-sep""><br>Bitte nehmen Sie Platz!<br><hr class=""sent-sep""><br>Ich wohne am Messeplatz 5.<br><hr class=""sent-sep""><br>Ich finde keinen Parkplatz. [sound:gtts-s1-1723c39e-443eedf4-6095df7d-ade388b9-8c02dce1.mp3]",place,"Here is still a place free.<br><hr class=""sent-sep""><br>Please take a seat!<br><hr class=""sent-sep""><br>I live at the measuring station 5.<br><hr class=""sent-sep""><br>I can not find a parking lot.",,,[sound:gtts-wort-a446dfb8-2b187b2b-07dd850a-14221bcb-214224fc.mp3],NOUN
84887000766,plötzlich,Plötzlich war das Licht aus. [sound:gtts-s1-2475e9ae-9d822eaa-b68756d2-bc44c57c-57271a1e.mp3],suddenly,Suddenly the light was off.,,,[sound:gtts-wort-82507364-2d018eb5-8eab9bcd-3f81c77b-5dc269ef.mp3],ADV
84887000767,"<span style=""color:#F5279F""><b>die</b></span> Qualität, -en","Dieser Fernseher hat eine gute Qualität.<br><hr class=""sent-sep""><br>Ich finde die Qualität wichtiger als den Preis. [sound:gtts-s1-cb3ebfc0-86dad79a-b8589515-70bcf6ec-a55ccbf8.mp3]",quality,"This TV has a good quality.<br><hr class=""sent-sep""><br>I find the quality more important than the price.",,,[sound:gtts-wort-e8ec34e1-e5a859e9-99d6bff2-be754ca5-d091b944.mp3],NOUN
84887000768,"<span style=""color:#9FF527""><b>das</b></span> Quiz, (Sg.)","Er schaut gern Quizsendungen an.<br><hr class=""sent-sep""><br>Sie hat beim Quiz gewonnen. [sound:gtts-s1-b3a740f8-bb140cfd-ad85af9d-638e77b2-42f29194.mp3]",quiz,"He likes to watch quizzes.<br><hr class=""sent-sep""><br>She won the quiz.",,,[sound:gtts-wort-9264be36-b234ca62-c8a0bbd1-99c0916c-4db86ef0.mp3],NOUN
84887000769,"<span style=""color:#F5279F""><b>die</b></span> Polizei, (Sg.)",Rufen Sie die Polizei! [sound:gtts-s1-2db08b39-f9b97d07-712b2396-1f9fa45c-fdfad9d6.mp3],police,Call the police!,,,[sound:gtts-wort-26f2eb62-ce0321e4-9fbccdfc-21d5a160-649d875d.mp3],NOUN
84887000770,"<span style=""color:#F5279F""><b>die</b></span> Pommes frites, (Pl.)",Die Kinder essen Bratwurst mit Pommes frites. [sound:gtts-s1-61d62630-1949acf6-286e3a16-e3190720-0c1e29fa.mp3],French fries,The children eat bratwurst with fries.,,,[sound:gtts-wort-8245f895-27767e89-5e2e6e59-da057ae7-5803fb66.mp3],NOUN
84887000771,"<span style=""color:#9FF527""><b>das</b></span> Radio, -s",Ich höre im Auto gern Radio. [sound:gtts-s1-e770de18-111b05fc-b19462f5-85d6524e-8583a24d.mp3],radio,I like listening to the radio in the car.,,,[sound:gtts-wort-bf2bb4aa-0b2f0017-f4fdbe21-b2c79034-7a734f5d.mp3],NOUN
84887000772,"<b>raten</b>, <span style=""color:#0DA6FF"">riet</span>, hat <span style=""color:#FFFB3D"">geraten</span>","Ich weiß nicht, welches Handy ich kaufen soll. Was raten Sie mir?<br><hr class=""sent-sep""><br>Rate mal, wen ich heute gesehen habe! Deinen Lehrer. [sound:gtts-s1-6e77d1d3-9f2435a4-e6701f7d-052f0390-da9627c9.mp3]",to guess,"I do not know which cell phone I should buy. What do you advise me?<br><hr class=""sent-sep""><br>Guess who I saw today! Your teacher.",,,[sound:gtts-wort-ecd96a1f-26c40e69-9af4a4a1-022c4dcc-85eac7ff.mp3],VERB
84887000773,"<span style=""color:#F5279F""><b>die</b></span> Portion, -en",Ich nehme eine kleine Portion Eis. [sound:gtts-s1-430e3355-568081ea-f3640319-4523a31b-6b3e5481.mp3],portion,I take a small portion of ice.,,,[sound:gtts-wort-1963d617-284d9271-dd775539-21c9c424-866ee520.mp3],NOUN
84887000774,"<span style=""color:#F5279F""><b>die</b></span> Post, (Sg.)","Entschuldigung, wo ist die Post?<br><hr class=""sent-sep""><br>Ist Post für mich da? [sound:gtts-s1-9fbad2c9-11d4ee3a-1de92bd6-d65c01b8-aedd2cdd.mp3]",post,"Excuse me, where is the post office?<br><hr class=""sent-sep""><br>Is there post for me?",,,[sound:gtts-wort-78a1941d-2f3cbc51-faec170f-886d1f35-fa853fde.mp3],NOUN
84887000775,"<span style=""color:#9FF527""><b>das</b></span> Poster, -",Das Poster hängt über dem Bett. [sound:gtts-s1-3b203164-849dea75-fedf0012-a6805f0d-21e19946.mp3],poster,The poster hangs over the bed.,,,[sound:gtts-wort-879fa2a0-21367c84-55931c71-7dee1277-3c7210df.mp3],NOUN
84887000776,"<span style=""color:#9FF527""><b>das</b></span> Rathaus, ""-er","Das Formular bekommen Sie im Rathaus.<br><hr class=""sent-sep""><br>Sie müssen sich im Rathaus anmelden. [sound:gtts-s1-d9a39427-c4a82c7a-e82592ee-1654a17b-7f1c0a6b.mp3]",town hall,"You will receive the form in the town hall.<br><hr class=""sent-sep""><br>You must register at the town hall.",,,[sound:gtts-wort-21b1a168-25e70953-5bd24a2f-75cac6e7-bc11f5b8.mp3],NOUN
84887000777,"<span style=""color:#F5279F""><b>die</b></span> Postkarte, -n",Schreibst du mir eine Postkarte aus Kanada? [sound:gtts-s1-9f65eba5-9a813983-7b26b376-2dbd6803-542369f4.mp3],postcard,Do you write me a postcard from Canada?,,,[sound:gtts-wort-57bd269f-b3253590-a3fd700f-e4af9103-55dec22f.mp3],NOUN
84887000778,"<span style=""color:#F5279F""><b>die</b></span> Postleitzahl, -en",Wie ist Ihre Postleitzahl? [sound:gtts-s1-cbc91c0e-c4b9f739-6eae9edf-81f7e69d-1b25d868.mp3],post code,What is your postal code?,,,[sound:gtts-wort-76b686d8-5f227ae9-93487163-45c49423-727ec583.mp3],NOUN
84887000779,"<span style=""color:#9FF527""><b>das</b></span> Rätsel, -",Das Rätsel ist schwierig! Ich weiß die Antwort nicht. [sound:gtts-s1-9ace179a-ca173409-84ddbdf8-3cb4d858-666f389f.mp3],mystery,The riddle is difficult! I do not know the answer.,,,[sound:gtts-wort-68acc337-8ee88867-bc688bab-8c7edbad-6b011770.mp3],NOUN
84887000780,"<b>rauchen</b>, <span style=""color:#0DA6FF"">rauchte</span>, hat <span style=""color:#FFFB3D"">geraucht</span>","Stört es Sie, wenn ich rauche?<br><hr class=""sent-sep""><br>Rauchen ist hier verboten! [sound:gtts-s1-6a9cd3a2-6e8c5708-ca939483-ef9aa922-f06eafef.mp3]",to smoke,"do you mind if I smoke?<br><hr class=""sent-sep""><br>Smoking is forbidden!",,,[sound:gtts-wort-dc12adc2-450de00c-e160e6c1-69712acb-cfd8311e.mp3],VERB
84887000781,"<span style=""color:#9FF527""><b>das</b></span> Praktikum, -a",Ich mache ein Praktikum bei Siemens. [sound:gtts-s1-45e8034f-fd66e7a9-9992d8af-da2fb000-7e7c85fd.mp3],internship,I am doing an internship at Siemens.,,,[sound:gtts-wort-8499dfcf-cd1a0ba8-e9194528-57fbd1fd-ae39b631.mp3],NOUN
84887000782,"<span style=""color:#279FF5""><b>der</b></span> Raum, ""-e",Der Unterricht findet heute in Raum 332 statt. [sound:gtts-s1-86b1e27a-99f5a18c-1f3d26f5-acc7e9b3-59f64551.mp3],room,The lesson is now held in Room 332.,,,[sound:gtts-wort-b4957e2b-f592afef-65976c1c-612cf8df-c20919c4.mp3],NOUN
84887000783,praktisch,Mit meinem neuen Handy kann ich auch im Internet surfen und Fotos machen. Das finde ich sehr praktisch. [sound:gtts-s1-f3477d0c-cd05b45a-20835ca6-b32d159b-7c98599d.mp3],practically,With my new phone I can also surf the Internet and take pictures. I find this very handy.,,,[sound:gtts-wort-27abc22d-7200ca02-8333a49b-23645965-ba305eeb.mp3],ADJ
84887000784,"<b>rechnen</b>, <span style=""color:#0DA6FF"">rechnete</span>, hat <span style=""color:#FFFB3D"">gerechnet</span>",Sarah kann gut rechnen. [sound:gtts-s1-2aa60758-bbf2c321-51560e01-60ecab18-53979103.mp3],to calculate,Sarah can count on it.,,,[sound:gtts-wort-a26b80ad-805121a7-57383e04-7a740f44-354038bc.mp3],VERB
84887000785,"<span style=""color:#F5279F""><b>die</b></span> Praxis, -en",Unsere Praxis ist ab acht Uhr geöffnet. Frau Doktor Weiß hat ab neun Uhr Sprechstunde. [sound:gtts-s1-a752560f-ca494e7f-9bd57a16-b6e66f3f-5f768b7b.mp3],practice,Our practice is open from eight o'clock. Frau Doctor Weiß has office hours from nine o'clock.,,,[sound:gtts-wort-6487b94f-50bd9510-253d28b9-ac013f75-02266fd5.mp3],NOUN
84887000786,"<span style=""color:#F5279F""><b>die</b></span> Rechnung, -en","Schicken Sie die Rechnung an mich.<br><hr class=""sent-sep""><br>Bitte, die Rechnung! [sound:gtts-s1-c24e19c8-4361dfef-a3d74e41-e77566b8-9ab76baa.mp3]",bill,"Send the bill to me.<br><hr class=""sent-sep""><br>Please enter the bill!",,,[sound:gtts-wort-7d1a6e93-f6645477-1b83dc7c-57a97848-c133f563.mp3],NOUN
84887000787,"<b>recht haben</b>, <span style=""color:#0DA6FF"">hatte recht</span>, hat <span style=""color:#FFFB3D"">recht gehabt</span>","Du hast nicht recht.<br><hr class=""sent-sep""><br>Du hast recht. [sound:gtts-s1-eb6f3e59-b7bb6f63-4bdaf68b-5530b975-71eb4b3b.mp3]",to be right,"You are not right.<br><hr class=""sent-sep""><br>You're right.",,,[sound:gtts-wort-1e2ce2c6-a294ef93-3e230879-801aaeea-ef89e8c3.mp3],VERB
84887000788,"<span style=""color:#279FF5""><b>der</b></span> Preis, -e",Die Preise sind hier viel höher als bei uns. [sound:gtts-s1-8a1efee5-50fb4cfd-5f463854-7e39c364-6971d466.mp3],price,The prices are much higher here than with us.,,,[sound:gtts-wort-6371d4c8-d76a258a-7f7528f5-aabbea4e-c083fbbc.mp3],NOUN
84887000789,preiswert,Die Jacke ist sehr preiswert. Sie kostet nur 15 Euro. [sound:gtts-s1-4cfbb6b9-bf8435a1-a3e95730-3ba4816b-9291b486.mp3],inexpensive,The jacket is very cheap. It costs only 15 euros.,,,[sound:gtts-wort-58136e46-160cbc16-017d0101-199d62c3-48023ae4.mp3],ADJ
84887000790,privat,"Das ist meine Nummer im Büro und das ist meine private Handynummer.<br><hr class=""sent-sep""><br>Dieser Strand ist privat. Wir dürfen hier nicht schwimmen gehen.<br><hr class=""sent-sep""><br>Hey, du darfst die Mail nicht lesen! Sie ist privat. [sound:gtts-s1-e160135d-a41005d8-af4c9b24-d6b83647-34ff691d.mp3]",private,"This is my number in the office and that is my private handynummer.<br><hr class=""sent-sep""><br>This beach is private. We can not go swimming here.<br><hr class=""sent-sep""><br>Hey, you can not read the mail! She is private.",,,[sound:gtts-wort-8633b694-050935c4-96a37d8c-da468157-390914d8.mp3],ADJ
84887000791,rechts,Der Bahnhof ist hier rechts. [sound:gtts-s1-9c2f9c84-dfc3ca23-5e3dddbb-8202bdd1-0cd95864.mp3],right,The station is on the right.,,,[sound:gtts-wort-157f12c8-1e257137-0f9a021d-c70bd6ac-1309e362.mp3],ADJ
84887000792,"<b>reden</b>, <span style=""color:#0DA6FF"">redete</span>, hat <span style=""color:#FFFB3D"">geredet</span>","Mit meiner Freundin kann ich über alles reden.<br><hr class=""sent-sep""><br>Rede nicht so viel! [sound:gtts-s1-b9151279-0119b224-01753eb1-d6430ec1-ee77c6e0.mp3]",to talk / to speak,"I can talk about everything with my girlfriend.<br><hr class=""sent-sep""><br>Do not talk so much!",,,[sound:gtts-wort-06de064c-05cdef25-cb129cd8-a32bb205-99509587.mp3],VERB
84887000793,"<span style=""color:#279FF5""><b>der</b></span> Regen, (Sg.)",Bei Regen gehe ich nicht aus dem Haus. [sound:gtts-s1-ca43f113-16672e41-1f89a561-83fcf399-959b7194.mp3],rain,I do not leave the house in the rain.,,,[sound:gtts-wort-d05c6211-0a2a0018-3d41bda9-1f122cb5-56b29604.mp3],NOUN
84887000794,pro,Das Zimmer kostet 100 Euro pro Nacht. [sound:gtts-s1-78a26511-e8befaed-75db5b08-e4ba0b48-132cf806.mp3],per,The room costs 100 euros per night.,,,[sound:gtts-wort-1d5ebb50-24ce11a4-84e93903-a0d961d8-1ca8a711.mp3],ADV
84887000795,"<b>probieren</b>, <span style=""color:#0DA6FF"">probierte</span>, hat <span style=""color:#FFFB3D"">probiert</span>","Möchten Sie den Käse probieren?<br><hr class=""sent-sep""><br>Die Tür geht schwer auf. Probier mal! [sound:gtts-s1-b7e59a65-b55a71ae-269f0a8e-ec456d29-5ba99aa2.mp3]",to try,"Would you like to taste the cheese?<br><hr class=""sent-sep""><br>The door is heavy. Try it!",,,[sound:gtts-wort-9ff0ed38-745ed27d-a5aee82a-2e4c7cb3-57e7f906.mp3],VERB
84887000796,"<b>regnen</b>, <span style=""color:#0DA6FF"">regnete</span>, hat <span style=""color:#FFFB3D"">geregnet</span>","Wenn es regnet, bleiben wir zu Hause. [sound:gtts-s1-4c660765-3f4b6956-a3b8fde7-3dd03ca3-d5a2a1b2.mp3]",to rain,"When it rains, we stay at home.",,,[sound:gtts-wort-6722ad0d-db29ba3c-d8d88ae9-8cae2573-fc3d4276.mp3],VERB
84887000797,reich,Lotte ist reich. Sie hat sehr viel Geld. [sound:gtts-s1-beb19112-603f4083-e58eade6-98a7552a-d9bf1c1e.mp3],rich,Lotte is rich. She has a lot of money.,,,[sound:gtts-wort-2a8bcede-cf165dee-25001aa6-35d53e88-f2b435e6.mp3],ADJ
84887000798,"<span style=""color:#9FF527""><b>das</b></span> Problem, -e",Ich habe ein Problem. Können Sie mir bitte helfen? [sound:gtts-s1-baa7378e-6ec19b4a-7411360e-ea904948-2540039f.mp3],problem,I have a problem. Could you please help me?,,,[sound:gtts-wort-e4108d95-8549322a-5f6b5ade-b75f1de7-bc0652c6.mp3],NOUN
84887000799,"<span style=""color:#279FF5""><b>der</b></span> Reifen, -",Ich brauche neue Reifen für mein Auto. [sound:gtts-s1-39337642-92d123b4-d284b9bf-1ea61f80-1418e106.mp3],tire,I need new tires for my car.,,,[sound:gtts-wort-b7d3c541-7ad543da-0bd0b713-4f5352ce-cd28ba4f.mp3],NOUN
84887000800,"<span style=""color:#9FF527""><b>das</b></span> Produkt, -e",Unsere Produkte haben eine sehr hohe Qualität. [sound:gtts-s1-c427cd73-06d9f8d4-8474ccb1-75f741b0-c3a8cf03.mp3],product,Our products have a very high quality.,,,[sound:gtts-wort-7cf39e80-c46dc4f9-22cd4e82-5ac53280-fd7129e5.mp3],NOUN
84887000801,"<span style=""color:#F5279F""><b>die</b></span> Reihe, -n","Ich habe Karten für das Konzert. Wir sitzen in der dritten Reihe.<br><hr class=""sent-sep""><br>Wer ist jetzt an der Reihe? [sound:gtts-s1-1ed48e3a-f233b111-c60dfa44-e2f11788-8053bf22.mp3]",line / row / queue,"I have tickets for the concert. We are sitting in the third row.<br><hr class=""sent-sep""><br>Who's the turn now?",,,[sound:gtts-wort-c0371106-126b224b-5ad3aae3-cfc1aa11-7858209f.mp3],NOUN
84887000802,"<span style=""color:#9FF527""><b>das</b></span> Programm, -e","Dieses Programm im Radio interessiert mich nicht.<br><hr class=""sent-sep""><br>Was kommt heute im Kino? Hast du das Programm hier? [sound:gtts-s1-62bd489f-96b2ac55-57a60b16-1822e569-be2fa42d.mp3]",program,"I am not interested in this radio program.<br><hr class=""sent-sep""><br>What comes to the cinema today? Do you have the program here?",,,[sound:gtts-wort-82e26c79-ccd7186c-4a3d7342-8a66525f-d1788c34.mp3],NOUN
84887000803,"<span style=""color:#F5279F""><b>die</b></span> Reinigung, -en",Bringst du bitte die Bluse in die Reinigung? Man darf sie nicht in der Waschmaschine waschen. [sound:gtts-s1-2cb419e3-30e3ccb4-c818279d-e955f184-162a0cda.mp3],cleaning,Will you bring the blouse into the cleaning? You can not wash them in the washing machine.,,,[sound:gtts-wort-6e3cddef-a9c7002e-751dc1d6-d793f24a-8d5163c0.mp3],NOUN
84887000804,rund,"Unser Wohnzimmertisch ist rund.<br><hr class=""sent-sep""><br>Bis Berlin sind es noch rund 80 Kilometer. [sound:gtts-s1-90ebcc48-55739ac5-a81d7d52-ac1a8da6-ef1ea136.mp3]",round,"Our living room table is round.<br><hr class=""sent-sep""><br>To Berlin it is still about 80 kilometers.",,,[sound:gtts-wort-e91d6923-af78cf35-af1528ac-c73d1360-47dbdef4.mp3],ADJ
84887000805,"<span style=""color:#279FF5""><b>der</b></span> Reis, (Sg.)",Ich esse gern Reis mit Gemüse und Fisch. [sound:gtts-s1-3df63623-735e9c02-39e006b1-63a95da7-6e96ae8b.mp3],rice,I like to eat rice with vegetables and fish.,,,[sound:gtts-wort-b44b5568-979a75b0-304e683d-df2167da-41519191.mp3],NOUN
84887000806,"<span style=""color:#F5279F""><b>die</b></span> Reise, -n","Wir machen eine Reise nach Österreich.<br><hr class=""sent-sep""><br>Ich mache nächste Woche eine Geschäftsreise.<br><hr class=""sent-sep""><br>Wir organisieren eine Rundreise durch Deutschland. [sound:gtts-s1-834e1336-03e2f1dd-ac0e5afc-e33a9cb9-561c486b.mp3]",travel,"We make a trip to Austria.<br><hr class=""sent-sep""><br>I'll go on a business trip next week.<br><hr class=""sent-sep""><br>We organize a round trip through Germany.",,,[sound:gtts-wort-0527e845-95d9d3ac-21c6eb81-8469823c-b54b21d1.mp3],NOUN
84887000807,"<span style=""color:#9FF527""><b>das</b></span> Reisebüro, -s",Wir buchen die Reise im Reisebüro. [sound:gtts-s1-ff30d8c2-1174bdfc-d80c96f7-6048a1ea-a47f69cb.mp3],travel agency,We book the trip in the travel agency.,,,[sound:gtts-wort-9bee4262-4f540220-a705f21b-7e7bd45a-c9ca7635.mp3],NOUN
84887000808,"<span style=""color:#279FF5""><b>der</b></span> Reiseführer, -","Ich kaufe mir einen Reiseführer von Berlin.<br><hr class=""sent-sep""><br>Unser Reiseführer heißt Robert und ist sehr sympathisch. [sound:gtts-s1-d9f5c2ff-a080014b-8aceeca4-0f433a60-d5c1fabf.mp3]",travel guide,"I buy a guide from Berlin.<br><hr class=""sent-sep""><br>Our guide is called Robert and is very sympathetic.",,,[sound:gtts-wort-62768040-4553bc15-839924dc-2aa804e8-ea9aea5e.mp3],NOUN
84887000809,"<span style=""color:#279FF5""><b>der</b></span> Rundgang, ""-e",Der Rundgang durch das Schloss beginnt in wenigen Minuten. [sound:gtts-s1-142e8cab-bab28468-7cbcb4b9-26d8762d-4b9c1630.mp3],round tour / circut,The tour of the castle begins in a few minutes.,,,[sound:gtts-wort-521e6faf-5d59f999-7726c495-98df1819-05b2d578.mp3],NOUN
84887000810,"<span style=""color:#F5279F""><b>die</b></span> Sache, -n","Ihr könnt eure Sachen im Hotel lassen.<br><hr class=""sent-sep""><br>Nimm deine Sachen und komm!<br><hr class=""sent-sep""><br>Das ist meine Sache. [sound:gtts-s1-436fa577-5b79608d-f4593511-03c730f6-d99248aa.mp3]",thing,"You can leave your stuff in the hotel.<br><hr class=""sent-sep""><br>Take your things and come!<br><hr class=""sent-sep""><br>That's my thing.",,,[sound:gtts-wort-01698af3-895bd35e-53ae4f97-784441af-4f15b9e3.mp3],NOUN
84887000811,"<b>reisen</b>, <span style=""color:#0DA6FF"">reiste</span>, <span style=""color:#FF1D23"">ist</span> <span style=""color:#FFFB3D"">gereist</span>",Ich reise gern. [sound:gtts-s1-9c2d5f78-e030a9a5-2683f105-c40902bd-7f9ef157.mp3],to travel,I like to travel.,,,[sound:gtts-wort-8b6e25f0-c3541a1c-106ee078-c555a793-dbc1b099.mp3],VERB
84887000812,"<b>reiten</b>, <span style=""color:#0DA6FF"">ritt</span>, <span style=""color:#FF1D23"">ist</span> <span style=""color:#FFFB3D"">geritten</span>",Möchtest du reiten lernen? [sound:gtts-s1-5e13b410-20005439-1a09f250-d1d87f80-e465d350.mp3],to ride,Would you like to ride a horse?,,,[sound:gtts-wort-aeb375ac-5668eb51-38f6eb2b-4b224403-4057be4f.mp3],VERB
84887000813,"<b>renovieren</b>, <span style=""color:#0DA6FF"">renovierte</span>, hat <span style=""color:#FFFB3D"">renoviert</span>",Wir renovieren das ganze Haus. [sound:gtts-s1-11939b13-7ec3af44-8c3b8151-78062bed-b0fddf7b.mp3],to renovate,We are renovating the whole house.,,,[sound:gtts-wort-269de1d1-4769e16c-bd95455b-7ef14bdd-41db96f1.mp3],VERB
84887000814,"<span style=""color:#279FF5""><b>der</b></span> Saft, ""-e",Möchtest du einen Apfelsaft? [sound:gtts-s1-dccbdda6-c0db05f4-e8bd9a3d-86830823-97da25d1.mp3],juice,Would you like an apple juice?,,,[sound:gtts-wort-adc24bdc-b0cd66fe-300273c0-df0a8833-cf17b997.mp3],NOUN
84887000815,"<b>sagen</b>, <span style=""color:#0DA6FF"">sagte</span>, hat <span style=""color:#FFFB3D"">gesagt</span>","Entschuldigung, was haben Sie gesagt?<br><hr class=""sent-sep""><br>Wie sagt man „sorry“ auf Deutsch?<br><hr class=""sent-sep""><br>Sag mal, wie geht es dir denn? [sound:gtts-s1-9fbad2c9-11d4ee3a-1de92bd6-d65c01b8-aedd2cdd.mp3]",to say (sth.) / to tell,"Pardon? What did you say?<br><hr class=""sent-sep""><br>How do you say ""sorry"" in German?<br><hr class=""sent-sep""><br>Tell me, how are you?",,,[sound:gtts-wort-b0cc7baa-846e6426-896be59a-44c22845-6df7bf00.mp3],VERB
84887000816,"<span style=""color:#279FF5""><b>der</b></span> Rentner, -",Mein Onkel arbeitet nicht mehr. Er ist Rentner. [sound:gtts-s1-c5402532-03e58aa1-e0ecbe57-0e7e9f90-5cb209ee.mp3],male pensioner,My uncle is no longer working. He is a pensioner.,,,[sound:gtts-wort-1db1179e-2669c34e-ebc06971-ea9ba3fa-fa66fd57.mp3],NOUN
84887000817,"<span style=""color:#F5279F""><b>die</b></span> Rentnerin, -nen",Mein Tante arbeitet nicht mehr. Sie ist Rentnerin. [sound:gtts-s1-159a7a15-c4eaed80-5e5518c4-0215ed0e-ea1d3e29.mp3],female pensioner,My aunt is no longer working. She is a pensioner.,,,[sound:gtts-wort-26106ae5-dfd326fa-637c142d-7bbb0dcc-9ce2c5cc.mp3],NOUN
84887000818,"<span style=""color:#279FF5""><b>der</b></span> Salat, -e","Wie schmeckt dir der Salat?<br><hr class=""sent-sep""><br>Möchten Sie zum Fisch einen Salat? [sound:gtts-s1-32afb3ff-f435710a-31b418c6-251197e3-ec08834c.mp3]",salad,"How do you like the salad?<br><hr class=""sent-sep""><br>Would you like a salad for the fish?",,,[sound:gtts-wort-9928bde2-fa2887ed-d1b509b3-35bfa76e-bf0d795b.mp3],NOUN
84887000819,"<span style=""color:#9FF527""><b>das</b></span> Salz, -e","Entschuldigung, kann ich bitte Salz haben? [sound:gtts-s1-9fbad2c9-11d4ee3a-1de92bd6-d65c01b8-aedd2cdd.mp3]",salt,"Excuse me, can I have salt?",,,[sound:gtts-wort-c436c193-a0e0aa6c-ac30cc75-08c1e451-28c8a06d.mp3],NOUN
84887000820,"<span style=""color:#F5279F""><b>die</b></span> Reparatur, -en",Die Reparatur ist sehr teuer. [sound:gtts-s1-c7f56e78-da533eef-15b9295c-57d8c591-3af122c0.mp3],repair,The repair is very expensive.,,,[sound:gtts-wort-ab126cfb-42d4cd22-319ba8ab-751fe2cb-b951702c.mp3],NOUN
84887000821,"<b>sammeln</b>, <span style=""color:#0DA6FF"">sammelte</span>, hat <span style=""color:#FFFB3D"">gesammelt</span>","Peter sammelt Briefmarken.<br><hr class=""sent-sep""><br>Im Herbst sammeln wir im Wald bunte Blätter. [sound:gtts-s1-c90fc62b-77cd1d22-67e9809d-dc7b8d8c-ed451fe7.mp3]",to collect,"Peter collects stamps.<br><hr class=""sent-sep""><br>In the autumn we collect colorful leaves in the forest.",,,[sound:gtts-wort-ba27a238-252756d9-c88a151c-76640451-867652d1.mp3],VERB
84887000822,"<b>reparieren</b>, <span style=""color:#0DA6FF"">reparierte</span>, hat <span style=""color:#FFFB3D"">repariert</span>",Er muss den Motor reparieren. [sound:gtts-s1-895cfbeb-a700ab34-263a539e-bf524d01-b3a51637.mp3],to repair,He must repair the engine.,,,[sound:gtts-wort-939d04d0-4901a7fc-695b7aac-fdc08703-3bd24330.mp3],VERB
84887000823,"<span style=""color:#279FF5""><b>der</b></span> Satz, ""-e",Den letzten Satz verstehe ich nicht. [sound:gtts-s1-cf7a8261-4ddc0d35-af4c4400-92016b7f-eb86e350.mp3],sentence,I do not understand the last sentence.,,,[sound:gtts-wort-6016c74e-f2a44e59-2abdda2d-a058f540-96d9ff76.mp3],NOUN
84887000824,sauber,Bringen Sie mir bitte ein sauberes Glas! [sound:gtts-s1-befce28f-40fc7280-f0560cb2-cc6ccace-d69eb372.mp3],clean,Please bring me a clean glass!,,,[sound:gtts-wort-c2cdf0f2-86a755f2-bae34b3c-095f7668-d11488e5.mp3],ADJ
84887000825,"<b>reservieren</b>, <span style=""color:#0DA6FF"">reservierte</span>, hat <span style=""color:#FFFB3D"">reserviert</span>","Reservieren Sie bitte ein Doppelzimmer.<br><hr class=""sent-sep""><br>Ich möchte gern einen Tisch für fünf Personen reservieren. [sound:gtts-s1-83346356-33df845f-3912dc36-ddabf23a-0b1c0b14.mp3]",to reserve,"Please reserve a double room.<br><hr class=""sent-sep""><br>I would like to reserve a table for five people.",,,[sound:gtts-wort-ff140552-44d7d3f4-1352a0bb-44608de4-39b316af.mp3],VERB
84887000826,sauer,"Zitronen sind mir zu sauer.<br><hr class=""sent-sep""><br>Was ist los? - Ich bin sauer. Ich muss am Wochenende zu Hause bleiben und darf nicht mit meinen Freunden ins Kino gehen. [sound:gtts-s1-f6067cc5-05cb0a77-8e821d7c-e5e5a68f-df01996d.mp3]",angry,"Lemons are too sour.<br><hr class=""sent-sep""><br>What's happening? - I'm pissed off. I have to stay home at the weekend and I can not go to the movies with my friends.",,,[sound:gtts-wort-762319ab-3feec61f-bac445c0-f9c10138-d9a31db1.mp3],ADJ
84887000827,"<span style=""color:#279FF5""><b>der</b></span> Rest, -e","Hier sind 50 Euro. Den Rest gebe ich dir später.<br><hr class=""sent-sep""><br>Es ist noch ein Rest Suppe da. Möchtest du noch? [sound:gtts-s1-9a728b8b-40822dd8-ea34f697-610baec1-8a6997d6.mp3]",rest,"Here are 50 euros. I'll give you the rest later.<br><hr class=""sent-sep""><br>There is still a soup left there. Would you still like?",,,[sound:gtts-wort-da646424-6af1e717-9fb60456-629a94e5-3441bcaf.mp3],NOUN
84887000828,schade,"Schade, dass du nicht kommen kannst. [sound:gtts-s1-8349a4e9-9f3b6bc8-3e77b2ec-90df495e-583b8360.mp3]",a pity,Too bad you can not come.,,,[sound:gtts-wort-1c7ed7e4-335ed03c-b7899e4f-7f0c1247-1256bb22.mp3],ADJ
84887000829,schädlich,Rauchen ist schädlich für die Gesundheit. [sound:gtts-s1-f28c1d2a-84623593-4926638d-2ba0272b-fd697e1d.mp3],harmful,Smoking is harmful to health.,,,[sound:gtts-wort-32086a85-2057443d-6b04c2f0-100894cc-4efd327e.mp3],ADJ
84887000830,"<span style=""color:#9FF527""><b>das</b></span> Restaurant, -s",Wir essen heute in einem Restaurant. [sound:gtts-s1-ca5ebf5f-a021ddc6-528651fd-12833f56-9018faef.mp3],restaurant,Today we eat in a restaurant.,,,[sound:gtts-wort-5a3068b7-47a34ce8-60854b31-0986544e-0e2e84c0.mp3],NOUN
84887000831,"<b>schaffen</b>, <span style=""color:#0DA6FF"">schuf</span>, hat <span style=""color:#FFFB3D"">geschafft</span>","Kannst du mir bitte helfen? Ich schaffe das nicht alleine.<br><hr class=""sent-sep""><br>Geschafft! Das Projekt ist endlich fertig. [sound:gtts-s1-072f4d3e-1f8b35d6-285a7589-a4d53069-48aa3498.mp3]",to create,"Can you please help me? I can not do it alone.<br><hr class=""sent-sep""><br>Done! The project is finally finished.",,,[sound:gtts-wort-2496f087-754f4ad8-bb7a4621-e76f8df3-e8f59435.mp3],VERB
84887000832,"<span style=""color:#9FF527""><b>das</b></span> Rezept, -e","Dieser Kuchen schmeckt super! Kannst du mir bitte das Rezept geben?<br><hr class=""sent-sep""><br>Dieses Medikament gibt es nur auf Rezept. [sound:gtts-s1-db8de1ff-e5f5d037-461b9f0a-e63b6f1e-607c7769.mp3]",recipe,"This cake tastes great! Can you give me the recipe, please?<br><hr class=""sent-sep""><br>This medicine is only available on prescription.",,,[sound:gtts-wort-b80637ce-fda94dd4-40ceac41-2e87bbeb-fe37d99b.mp3],NOUN
84887000833,"<span style=""color:#279FF5""><b>der</b></span> Schalter, -","Gehen Sie bitte zum Schalter drei!<br><hr class=""sent-sep""><br>Der Lichtschalter ist neben der Tür. [sound:gtts-s1-9686eb5b-ea9f42bd-2e2bf500-bdf540e2-1e4fda67.mp3]",switch,"Please go to the switch three!<br><hr class=""sent-sep""><br>The light switch is next to the door.",,,[sound:gtts-wort-26650f83-28eeb464-a93d9e83-3a4bac0b-5b94533c.mp3],NOUN
84887000834,"<span style=""color:#F5279F""><b>die</b></span> Rezeption, -en",Geben Sie bitte den Schlüssel an der Rezeption ab. [sound:gtts-s1-c1aa5d10-28a6cff6-b26d70d6-51060bfe-9cd6b7eb.mp3],reception,Please leave the key at the reception.,,,[sound:gtts-wort-1848c1b6-3267a8a9-7297b018-6422497f-9d7e035d.mp3],NOUN
84887000835,richtig,"Habe ich das richtig verstanden?<br><hr class=""sent-sep""><br>Das ist richtig. [sound:gtts-s1-e9065efc-7afa74fb-e39d5dbc-592dcb3f-5cfcc572.mp3]",correct,"Have I understood that correctly?<br><hr class=""sent-sep""><br>That's right.",,,[sound:gtts-wort-b6a1e16e-a86a0227-83358a37-c8c5c7dd-8b466e57.mp3],ADJ
84887000836,scharf,"Die Suppe ist mir zu scharf.<br><hr class=""sent-sep""><br>Pass auf! Das Messer ist sehr scharf. [sound:gtts-s1-c192d279-3088745b-9389b0a4-56b25aa6-4a673079.mp3]",sharp,"The soup is too sharp for me.<br><hr class=""sent-sep""><br>Watch out! The knife is very sharp.",,,[sound:gtts-wort-5dc8bce1-64b15592-ee9f03ed-28d5cbe8-f61cfc79.mp3],ADJ
84887000837,"<b>riechen</b>, <span style=""color:#0DA6FF"">roch</span>, hat <span style=""color:#FFFB3D"">gerochen</span>","Diese Blumen riechen gut.<br><hr class=""sent-sep""><br>Hier riecht es nach Fisch. [sound:gtts-s1-afd49401-806bcc72-14e9639b-15491ef9-f7a8ed30.mp3]",to smell,"These flowers smell good.<br><hr class=""sent-sep""><br>It smells like fish.",,,[sound:gtts-wort-5396dfcb-d0a9f64a-4ed327ca-68fdc868-3975c44a.mp3],VERB
84887000838,"<b>scheinen</b>, <span style=""color:#0DA6FF"">schien</span>, hat <span style=""color:#FFFB3D"">geschienen</span>",Die Sonne scheint. [sound:gtts-s1-c626199e-cc7eebbd-09abf1d7-f7f9e2b5-16c97659.mp3],seem to be / to seem / to shine,The sun is shining.,,,[sound:gtts-wort-8fa6ae7d-653f9b6b-8bb7582d-254c25be-0c3425dd.mp3],VERB
84887000839,"<span style=""color:#9FF527""><b>das</b></span> Rind",Ich esse nur Fleisch vom Rind. [sound:gtts-s1-f3830311-611b6776-697da5cc-3e3d8e95-2296c4b6.mp3],beef,I only eat beef.,,,[sound:gtts-wort-0e0c8791-256812c9-eecdec6f-9981cd69-52628dbc.mp3],NOUN
84887000840,"<span style=""color:#279FF5""><b>der</b></span> Ring, -e",Ich habe meinen Ring verloren. [sound:gtts-s1-142758a8-f0f57d39-5c3cbef7-54e3ffda-01b14e2c.mp3],ring,I lost my ring.,,,[sound:gtts-wort-c72a91bb-b4c74853-cbf9938f-abd6ccd5-4f0175c2.mp3],NOUN
84887000841,"<span style=""color:#279FF5""><b>der</b></span> Rock, ""-e",Der Rock ist zu eng. [sound:gtts-s1-9fe8933d-b46bd157-57e73b7a-9f92994c-21d0c38d.mp3],skirt,The skirt is too tight.,,,[sound:gtts-wort-dab856bb-191e0825-ab68564a-45aa0ecb-b0f80369.mp3],NOUN
84887000842,"<b>schenken</b>, <span style=""color:#0DA6FF"">schenkte</span>, hat <span style=""color:#FFFB3D"">geschenkt</span>",Was schenken wir Michael zum Geburtstag? [sound:gtts-s1-9afc5f36-bce175a2-e13f00e1-b15d40ff-27df58dd.mp3],to make a gift / to give sth. to so.,What do we give Michael for his birthday?,,,[sound:gtts-wort-03762c1a-3dc3373a-1f86cd68-8c66a525-7e6299d1.mp3],VERB
84887000843,romantisch,"Dieser Film ist sehr romantisch.<br><hr class=""sent-sep""><br>Meine Freundin ist total romantisch. [sound:gtts-s1-cd3de0b1-9bba9cc7-466079f0-cfce208e-11a82577.mp3]",romantic,"This movie is very romantic.<br><hr class=""sent-sep""><br>My girlfriend is totally romantic.",,,[sound:gtts-wort-143804aa-1f06b423-fdcfca11-b2c26051-0726d020.mp3],ADJ
84887000844,"<span style=""color:#F5279F""><b>die</b></span> Schere, -n",Die Schere schneidet nicht gut. Hast du eine andere? [sound:gtts-s1-78b50351-c3ec0599-2726fb28-9fba37c0-e4b3a1af.mp3],scissors,The scissors do not work well. Do you have another?,,,[sound:gtts-wort-be675d83-f2c11764-bfe57bfc-fbaa5a72-b683128a.mp3],NOUN
84887000845,"<span style=""color:#F5279F""><b>die</b></span> Rose, -n",Er schenkt seiner Freundin rote Rosen zum Geburtstag. [sound:gtts-s1-06467341-8441d3e4-2483e5d4-bff93fe4-3e48d299.mp3],rose,He gives his girlfriends red roses for his birthday.,,,[sound:gtts-wort-c3b45d99-39d7ac3b-15f22ab1-5133f4a2-e7de2bf8.mp3],NOUN
84887000846,"<span style=""color:#279FF5""><b>der</b></span> Rücken, -",Mein Rücken tut mir weh. [sound:gtts-s1-a0c2152c-df3ddc17-fc3e30d6-3c237d6f-da180e13.mp3],back,My back hurts.,,,[sound:gtts-wort-498a3736-a0d40917-f78cbfee-cb604f23-271e94ca.mp3],NOUN
84887000847,"<b>schicken</b>, <span style=""color:#0DA6FF"">schickte</span>, hat <span style=""color:#FFFB3D"">geschickt</span>","Bitte schicken Sie mir eine E-Mail.<br><hr class=""sent-sep""><br>Ich schicke dir den Brief nach Hause. [sound:gtts-s1-066605fc-0920e214-61c2ff25-1bbe3279-3a88b420.mp3]",to send,"Please send me an e-mail.<br><hr class=""sent-sep""><br>I'll send you the letter home.",,,[sound:gtts-wort-f7b95a9f-4b4b4fa2-49c4854c-706c78aa-0beb81de.mp3],VERB
84887000848,"<span style=""color:#9FF527""><b>das</b></span> Schiff, -e",Wir fahren mit dem Schiff von Basel nach Köln. [sound:gtts-s1-1d210dfb-bb483dd3-9f357f42-d194d9a2-f542064d.mp3],ship,We take the boat from Basel to Cologne.,,,[sound:gtts-wort-9a4ec051-52f4f87e-d5deb830-e953540d-dba9de95.mp3],NOUN
84887000849,"<span style=""color:#279FF5""><b>der</b></span> Rucksack, ""-e",Ich nehme lieber einen Rucksack als einen Koffer mit. [sound:gtts-s1-c8e2beeb-41599a45-edc3c333-b7d205c4-10042039.mp3],backpack,I'd rather take a backpack than a suitcase.,,,[sound:gtts-wort-76f7eb5b-5ef48e3b-0bd085cf-c3c234bf-e5c728eb.mp3],NOUN
84887000850,"<span style=""color:#9FF527""><b>das</b></span> Schild, -er",Haben Sie das Schild nicht gesehen? [sound:gtts-s1-feea6cf2-ecf20d61-1a553557-d854424c-bb04a989.mp3],sign,Have not you seen the sign?,,,[sound:gtts-wort-5c829123-78ed6191-80e5182c-7003a300-82cebd7d.mp3],NOUN
84887000851,"<b>schimpfen</b>, <span style=""color:#0DA6FF"">schimpfte</span>, hat <span style=""color:#FFFB3D"">geschimpft</span>","Warum schimpfst du denn so laut? - Ich ärgere mich über mein Auto.<br><hr class=""sent-sep""><br>Alle schimpfen auf das Wetter.<br><hr class=""sent-sep""><br>Alle schimpfen über das Wetter. [sound:gtts-s1-ccfb3bd0-a14f3116-d9be772c-56a2d58d-c6a85926.mp3]",to rant / to grumble,"Why are you so loud? - I'm annoyed with my car.<br><hr class=""sent-sep""><br>Everyone cursed at the weather.<br><hr class=""sent-sep""><br>Everyone complains about the weather.",,,[sound:gtts-wort-deaa09b0-e73e1b9d-ff7895e4-d342dc86-73556c49.mp3],VERB
84887000852,"<b>rufen</b>, <span style=""color:#0DA6FF"">rief</span>, hat <span style=""color:#FFFB3D"">gerufen</span>","Rufst du bitte die Kinder. Das Essen ist fertig.<br><hr class=""sent-sep""><br>Wir müssen einen Arzt rufen. [sound:gtts-s1-c09fab73-74699be4-6e06dbc9-900e790f-ebb33681.mp3]",to call,"Please call the children. The food is ready.<br><hr class=""sent-sep""><br>We must call a doctor.",,,[sound:gtts-wort-29239f4c-44a3de00-acd2fd7b-f8aad94b-55cb1645.mp3],VERB
84887000853,"<span style=""color:#F5279F""><b>die</b></span> Ruhe, (Sg.)","Ruhe, bitte! Hier in der Bibliothek darf man nicht laut sprechen.<br><hr class=""sent-sep""><br>Meine Großmutter ist krank. Sie braucht viel Ruhe. [sound:gtts-s1-ff89e429-660ce044-d73b41ee-e9fc3b70-9f87bde9.mp3]",rest,"Silence Please! Here in the library one can not speak aloud.<br><hr class=""sent-sep""><br>My grandmother is sick. She needs a lot of rest.",,,[sound:gtts-wort-6c52c51f-35c9fbbe-9c18f227-3efcd26e-34f7522f.mp3],NOUN
84887000854,ruhig,Ich möchte ein ruhiges Zimmer. [sound:gtts-s1-62384578-155ba002-463c33c2-2a39a534-24bea300.mp3],calm,I would like a quiet room.,,,[sound:gtts-wort-3d5c3308-7db9676a-4df2d185-d33e1e75-29361629.mp3],ADJ
84887000855,"<span style=""color:#279FF5""><b>der</b></span> Schirm","Nimm den Schirm mit, es regnet. [sound:gtts-s1-afb72580-aed6b8e0-80a99fbe-fa365ac6-180753c1.mp3]",umbrella,"Take the umbrella, it's raining.",,,[sound:gtts-wort-7895451e-df7101c3-2f1411f3-761dc91f-5ad54f9d.mp3],NOUN
84887000856,"<b>schlafen</b>, <span style=""color:#0DA6FF"">schlief</span>, hat <span style=""color:#FFFB3D"">geschlafen</span>","Ich schlafe meistens acht Stunden.<br><hr class=""sent-sep""><br>Haben Sie gut geschlafen?<br><hr class=""sent-sep""><br>Gute Nacht! Schlaf gut und träum süß! [sound:gtts-s1-82f4afb1-9f796602-d7927bb0-0e02e328-5501bbfd.mp3]",to sleep,"I usually sleep eight hours.<br><hr class=""sent-sep""><br>Did you sleep well?<br><hr class=""sent-sep""><br>Good night! Sleep well and sweet dreams!",,,[sound:gtts-wort-1308a3c9-523d0d89-2deae066-c2d42e8c-0dfde6dd.mp3],VERB
84887000857,"<span style=""color:#9FF527""><b>das</b></span> Schlafzimmer, -",Hier ist das Schlafzimmer. [sound:gtts-s1-bb36166e-73d0e737-d6528f5d-cf88684f-1a3e4bd9.mp3],bedroom,Here is the bedroom.,,,[sound:gtts-wort-4c15d09b-43cb5a48-08653f93-dbd8ea25-c333f34b.mp3],NOUN
84887000858,"<span style=""color:#279FF5""><b>der</b></span> Schüler, -",In meinem Kurs sind acht Schülerinnen und fünf Schüler. [sound:gtts-s1-b611b061-08b8e798-7f2eadeb-cff67281-13a7df26.mp3],male student / pupil,In my course are eight students and five students.,,,[sound:gtts-wort-23e51e8d-80a57ecc-c4999fa6-b9f8406c-b5e2ab2b.mp3],NOUN
84887000859,"<span style=""color:#F5279F""><b>die</b></span> Schülerin, -nen",In meinem Kurs sind drei Schülerinnen. [sound:gtts-s1-65870e17-96d9adc5-fcbdde6f-e14059c6-f04553d6.mp3],female student / pupil,In my course are three schoolgirls.,,,[sound:gtts-wort-d04e7b15-8ba81024-8caaf9e7-8519b1f7-7ffb1410.mp3],NOUN
84887000860,schlecht,"Das Wetter ist schlecht. Wir haben schon seit einer Woche schlechtes Wetter.<br><hr class=""sent-sep""><br>Mir ist schlecht!<br><hr class=""sent-sep""><br>Mir geht es schlecht. Ich habe Fieber. [sound:gtts-s1-20477153-a5915962-2ec5bbb4-7aa4970e-b611b162.mp3]",bad / poor,"The weather is bad. We have had bad weather for a week.<br><hr class=""sent-sep""><br>I feel sick!<br><hr class=""sent-sep""><br>I feel bad. I have fever.",,,[sound:gtts-wort-dd3e9582-8d18ebae-81f067c6-b93fa1c1-57304779.mp3],ADJ
84887000861,schwach,"Er ist krank und schwach.<br><hr class=""sent-sep""><br>Ich fühle mich sehr schwach.<br><hr class=""sent-sep""><br>Die Tabletten sind zu schwach. Sie helfen nicht. [sound:gtts-s1-aa3edd84-e6714a39-6d3806ce-749bbb2e-fda3850f.mp3]",weak,"He is sick and weak.<br><hr class=""sent-sep""><br>I feel very weak.<br><hr class=""sent-sep""><br>The tablets are too weak. They do not help.",,,[sound:gtts-wort-81ab8615-923e000b-3c97a87d-2562e0ba-e29f82cd.mp3],ADJ
84887000862,"<b>schließen</b>, <span style=""color:#0DA6FF"">schloß</span>, hat <span style=""color:#FFFB3D"">geschlossen</span>","Bitte schließen Sie die Tür.<br><hr class=""sent-sep""><br>Wir müssen uns beeilen, die Bank schließt um 18 Uhr. [sound:gtts-s1-b2cc5018-38c1a6da-d80f5b7d-52d355f8-e7cd8fa7.mp3]",to close / to conclude,"Please close the door.<br><hr class=""sent-sep""><br>We must hurry, the bank closes at 6 pm.",,,[sound:gtts-wort-a86df393-8c45b342-19545f31-eb1c74b1-88787ccf.mp3],VERB
84887000863,schwanger,Lena ist schwanger. Sie bekommt im Juli ein Kind. [sound:gtts-s1-4ae48556-03c1d027-49ff0aea-dfac7d79-ef6a0d49.mp3],pregnant,Lena is pregnant. She gets a child in July.,,,[sound:gtts-wort-8dc5f0ec-e662147e-e2a7c4bc-d938c2e4-7f0e4025.mp3],ADJ
84887000864,"<span style=""color:#9FF527""><b>das</b></span> Schwein, -e",Ich esse kein Schweinefleisch. [sound:gtts-s1-ab47ce3d-ed6ec5a0-482ee313-fc08d6f2-4789c6d3.mp3],pig,I do not eat pork.,,,[sound:gtts-wort-e2e54bb2-3f4951de-6313f859-60fa9e88-12481e6a.mp3],NOUN
84887000865,schwer,"Wie schwer ist das Paket?<br><hr class=""sent-sep""><br>Das ist eine schwere Arbeit. [sound:gtts-s1-c6a862d7-a35536e7-161aba48-9d2e24da-9967275b.mp3]",heavy,"How hard is the package?<br><hr class=""sent-sep""><br>This is a hard job.",,,[sound:gtts-wort-9add3d38-75068a65-000fdb0a-b84fc3cf-949c4217.mp3],ADJ
84887000866,schlimm,"Kein Problem, das ist nicht so schlimm. [sound:gtts-s1-55533de7-b41b6ffc-f6b11cad-92f05367-627ad024.mp3]",bad / worst / upsetting,"No problem, this is not so bad.",,,[sound:gtts-wort-5aa8f1d8-fafc0219-46f67ee1-0ad0aabf-50d278c9.mp3],ADJ
84887000867,"<span style=""color:#9FF527""><b>das</b></span> Schloss, ""-er","Am Wochenende besichtigen wir Schloss Neuschwanstein.<br><hr class=""sent-sep""><br>An unserer Tür ist das Schloss kaputt. [sound:gtts-s1-145a7e6d-cf547261-c2c0afe3-149727f1-38f11f92.mp3]",lock / castle,"On the weekend we visit Neuschwanstein Castle.<br><hr class=""sent-sep""><br>At our door is the castle broken.",,,[sound:gtts-wort-4e291285-ed2c0276-641d45b3-9813491f-170ab2aa.mp3],NOUN
84887000868,schwierig,Die Prüfung war nicht schwierig. [sound:gtts-s1-e76926ce-0334fc1f-c385c8f9-511d645c-89fd31b6.mp3],difficult,The test was not difficult.,,,[sound:gtts-wort-6fda935b-3f7adf29-971b01e4-c125c597-adf134f8.mp3],ADJ
84887000869,"<span style=""color:#9FF527""><b>das</b></span> Schwimmbad, ""-er",Kommst du mit ins Schwimmbad? [sound:gtts-s1-857bcb5a-2b3f138e-062610c4-e9f0ef1f-fedd0e6d.mp3],pool,Are you coming to the pool?,,,[sound:gtts-wort-5de5af42-82740c6a-ce2c0aa5-26b7ee0a-a1783bcd.mp3],NOUN
84887000870,"<span style=""color:#279FF5""><b>der</b></span> Schluss, ""-e","Zum Schluss nochmals herzlichen Dank.<br><hr class=""sent-sep""><br>Ich muss jetzt Schluss machen. Bis bald! [sound:gtts-s1-e672b76b-54be36d4-14bc9359-7f88c637-220cee73.mp3]",ending / the end,"Finally, thank you very much once again.<br><hr class=""sent-sep""><br>I have to stop now. Bye for now!",,,[sound:gtts-wort-ca3638fa-d586b1e9-5eaa5257-703d4c12-6598a821.mp3],NOUN
84887000871,"<b>schwimmen</b>, <span style=""color:#0DA6FF"">schwamm</span>, <span style=""color:#FF1D23"">ist</span> <span style=""color:#FFFB3D"">geschwommen</span>",Ich schwimme täglich einen Kilometer. [sound:gtts-s1-71e03f36-4011a99d-cb0de010-c8f17ccc-28bdce56.mp3],to swim,I swim daily for one kilometer.,,,[sound:gtts-wort-2b8c6b82-f7dfa75e-ed45fab5-2f6ff0fe-9de84c81.mp3],VERB
84887000872,"<span style=""color:#279FF5""><b>der</b></span> See (Teich), -n","Morgen fahren wir mal an einen See schwimmen.<br><hr class=""sent-sep""><br>Komm, wir fahren an den Bodensee. [sound:gtts-s1-5f58a3f9-226756a3-1b339de2-fae2cdb1-67ab224e.mp3]",lake (pond),"Tomorrow we'll go to a lake.<br><hr class=""sent-sep""><br>Come, we'll go to Lake Constance.",,,[sound:gtts-wort-a778ead5-fa77119e-51ad6a2b-3a56b762-57e3682f.mp3],NOUN
84887000873,"<span style=""color:#279FF5""><b>der</b></span> Schlüssel, -","Ich gebe Ihnen noch den Zimmerschlüssel.<br><hr class=""sent-sep""><br>Ich finde meinen Schlüssel nicht. [sound:gtts-s1-c70750bf-bd658346-c03b08c6-8f019467-76849b87.mp3]",key,"I'll give you the room key.<br><hr class=""sent-sep""><br>I can not find my key.",,,[sound:gtts-wort-29429fa6-afec5f00-e5523a49-fe7138f7-e5774419.mp3],NOUN
84887000874,"<b>schmecken</b>, <span style=""color:#0DA6FF"">schmeckte</span>, hat <span style=""color:#FFFB3D"">geschmeckt</span>","Schmeckt dir die Suppe?<br><hr class=""sent-sep""><br>Hat es Ihnen geschmeckt?<br><hr class=""sent-sep""><br>Schmeckt's? [sound:gtts-s1-aa1ecd2b-4b00a0f4-e6e9ed04-1d3a4534-04d8e71a.mp3]",to taste,"Do you like the soup?<br><hr class=""sent-sep""><br>Did you enjoy your meal?<br><hr class=""sent-sep""><br>Tastes?",,,[sound:gtts-wort-d5fb7e5a-3ee6d78b-25d4618a-d416dafa-43a596bb.mp3],VERB
84887000875,"<span style=""color:#F5279F""><b>die</b></span> See (Meer), (Sg)","Die See ist heute ruhig.<br><hr class=""sent-sep""><br>Wir machen Urlaub an der Nordsee. [sound:gtts-s1-9e9a00e6-d3bc1158-4d9b12ef-3ff7860c-0b127194.mp3]",sea,"The sea is quiet today.<br><hr class=""sent-sep""><br>We make holidays on the North Sea.",,,[sound:gtts-wort-58391b22-6ec5b93a-899d8b61-53fd571f-3032b561.mp3],NOUN
84887000876,"<span style=""color:#279FF5""><b>der</b></span> Schmerz, -en","Haben Sie Schmerzen?<br><hr class=""sent-sep""><br>Ich habe Bauchschmerzen. [sound:gtts-s1-eda12323-e1d900cf-cd084bf3-8ea43231-590aa56a.mp3]",pain,"Do you have pain?<br><hr class=""sent-sep""><br>I have abdominal pain.",,,[sound:gtts-wort-b7a5bd40-b4c24838-c1063a91-9702fec8-3c3e3dbd.mp3],NOUN
84887000877,"<b>sehen</b>, <span style=""color:#0DA6FF"">sah</span>, hat <span style=""color:#FFFB3D"">gesehen</span>","Ich kann dich nicht sehen.<br><hr class=""sent-sep""><br>Möchtest du einen Film sehen?<br><hr class=""sent-sep""><br>Ich habe Lisa lange nicht gesehen. Ist sie im Urlaub?<br><hr class=""sent-sep""><br>Darf ich mal Ihren Ausweis sehen? [sound:gtts-s1-48230007-e760164b-9a45f891-99e8ff5f-fe90447f.mp3]",to see,"I can not see you.<br><hr class=""sent-sep""><br>Would you like to watch a movie?<br><hr class=""sent-sep""><br>I have not seen Lisa for a long time. Is she on vacation?<br><hr class=""sent-sep""><br>May I see your identity card?",,,[sound:gtts-wort-b1d87712-101b9133-07ae5957-ec5eba90-43a21498.mp3],VERB
84887000878,schmutzig,Das Handtuch ist schmutzig. [sound:gtts-s1-df85d762-8ca41c53-db2a5d88-91d8ee25-aa96a681.mp3],dirty,The towel is dirty.,,,[sound:gtts-wort-0166d3f3-2c76e6c8-b412be7b-43aa246c-3b514bb3.mp3],ADJ
84887000879,"<span style=""color:#279FF5""><b>der</b></span> Schnee, (Sg.)",In den Bergen liegt viel Schnee. [sound:gtts-s1-bb79173e-c9935591-b0c0023c-65914c04-23a6adc5.mp3],snow,There is lots of snow in the mountains.,,,[sound:gtts-wort-25bb621c-806e4749-95e415e5-2098e4d0-1c92c670.mp3],NOUN
84887000880,"<b>sich schneiden</b>, <span style=""color:#0DA6FF"">schnitt</span>, hat <span style=""color:#FFFB3D"">geschnitten</span>","Das Messer schneidet nicht gut.<br><hr class=""sent-sep""><br>Wer schneidet dir die Haare?<br><hr class=""sent-sep""><br>Aua! Ich habe mich geschnitten! [sound:gtts-s1-51ce2c6a-9ed54998-cf4bf2da-25e22fdd-60c015b8.mp3]",to cut oneself,"The knife does not cut well.<br><hr class=""sent-sep""><br>Who is cutting your hair?<br><hr class=""sent-sep""><br>Ouch! I cut myself!",,,[sound:gtts-wort-f1e5a983-9f4b8454-ab8c49b6-e4ced626-b1938df1.mp3],VERB
84887000881,"<b>schneien</b>, <span style=""color:#0DA6FF"">schneite</span>, hat <span style=""color:#FFFB3D"">geschneit</span>",Morgen schneit es. [sound:gtts-s1-f7d83fd7-0bcc6145-482517e8-b4c91f52-794c4894.mp3],to snow,Tomorrow it snows.,,,[sound:gtts-wort-d37f2b7b-800e65fc-c15dbb77-1523b652-1e6a31a5.mp3],VERB
84887000882,"<span style=""color:#F5279F""><b>die</b></span> Sehenswürdigkeit, -en",Welche Sehenswürdigkeiten gibt es in Frankfurt? [sound:gtts-s1-dc5e66ef-72071402-1c1deac7-73f84ccc-57b06df6.mp3],point of interest,What sights are there in Frankfurt?,,,[sound:gtts-wort-64cc33d7-5d14e927-4c83f2a8-c39c8766-f8a49e53.mp3],NOUN
84887000883,sehr,"Danke sehr!<br><hr class=""sent-sep""><br>Das Wetter ist heute sehr schön. [sound:gtts-s1-0b0deae6-0f7909d1-260b1e46-0e1e2ffb-a27e4245.mp3]",very,"Thank you very much!<br><hr class=""sent-sep""><br>The weather is very beautiful today.",,,[sound:gtts-wort-8ca051bf-b6a0cc66-3b216493-da1a381e-0b765214.mp3],ADV
84887000884,"<span style=""color:#F5279F""><b>die</b></span> Seife, -n",Hier gibt es keine Seife. [sound:gtts-s1-ebd11f07-0ce59580-0228bcb5-9fe0c6d7-2da450e7.mp3],soap,There is no soap.,,,[sound:gtts-wort-2cb49d02-ce64d9e1-667cd2bf-cdb8f7b5-16ef0c92.mp3],NOUN
84887000885,"<b>sein</b>, <span style=""color:#0DA6FF"">war</span>, <span style=""color:#FF1D23"">ist</span> <span style=""color:#FFFB3D"">gewesen</span>","Das sind meine Kollegen. Ich bin Mechaniker.<br><hr class=""sent-sep""><br>Die Cola ist kalt. Mir ist kalt.<br><hr class=""sent-sep""><br>Ich bin dreiundzwanzig. Um halb elf ist Pause.<br><hr class=""sent-sep""><br>Frau Berger ist im Urlaub. [sound:gtts-s1-c532cb96-f8a195cc-ffa1f204-a346486e-1f6de3dd.mp3]",to be,"These are my colleagues. I'm a mechanic.<br><hr class=""sent-sep""><br>The cola is cold. I'm cold.<br><hr class=""sent-sep""><br>I am twenty-three. At half past ten is break.<br><hr class=""sent-sep""><br>Mrs Berger is on vacation.",,,[sound:gtts-wort-66470a93-c1463280-8fb08054-b6157f82-920eb01a.mp3],VERB
84887000886,schnell,Warum fährst du so schnell? [sound:gtts-s1-c55e0348-b2b85f40-4a96696f-2507d681-a90eab04.mp3],fast,Why are you driving so fast?,,,[sound:gtts-wort-890453b0-f11dda65-2c3ede95-8282f656-c65473ce.mp3],ADJ
84887000887,"<span style=""color:#F5279F""><b>die</b></span> Schokolade, -n",Julia liebt Schokolade. [sound:gtts-s1-efc86a63-feeefe2e-1c8ee17f-58e3ee82-011818a7.mp3],chocolate,Julia loves chocolate.,,,[sound:gtts-wort-34cbd186-b48c941f-4a24a0ff-85613a71-dca991aa.mp3],NOUN
84887000888,schon,"Ist das Essen schon fertig?<br><hr class=""sent-sep""><br>Ich wohne schon seit fünf Jahren in Freiburg. [sound:gtts-s1-93e90eaa-cef86f76-bae20dd4-f5fddd4f-5ac39f28.mp3]",already / yet,"Is the meal ready yet?<br><hr class=""sent-sep""><br>I've been living in Freiburg for five years.",,,[sound:gtts-wort-a929748f-a8836825-d5452b04-296050f2-31fc9211.mp3],ADV
84887000889,schön,"Schöne Ferien!<br><hr class=""sent-sep""><br>Das Bild ist sehr schön.<br><hr class=""sent-sep""><br>Schön, dass du kommst. [sound:gtts-s1-c8fb2cd2-08e0e026-ddfccc26-7e099172-fdd9a2f1.mp3]",beautiful,"Happy Holidays!<br><hr class=""sent-sep""><br>The picture is very beautiful.<br><hr class=""sent-sep""><br>Nice to see you.",,,[sound:gtts-wort-84a65963-c0aae09c-ac9e246b-9f158c49-e8af53db.mp3],ADJ
84887000890,"<span style=""color:#279FF5""><b>der</b></span> Schrank, ""-e","Die Gläser stehen im Schrank.<br><hr class=""sent-sep""><br>Legst du bitte die Handtücher in den Schrank? [sound:gtts-s1-f5d55aed-4f9c317f-37027c39-d9dec2e0-5a28e47b.mp3]",cupboard / closet,"The glasses are in the cupboard.<br><hr class=""sent-sep""><br>Will you put the towels in the closet?",,,[sound:gtts-wort-27767206-9283ded4-83f8103d-3f0f4bb5-42566886.mp3],NOUN
84887000891,"<span style=""color:#27C93F""><b>an</b></span> <b>sein</b>, <span style=""color:#0DA6FF"">war</span> <span style=""color:#27C93F"">an</span>, <span style=""color:#FF1D23"">ist</span> <span style=""color:#27C93F"">an</span> <span style=""color:#FFFB3D"">gewesen</span>",Das Licht ist noch an. [sound:gtts-s1-d0e17587-d14d29c9-a84177b7-bb5f443b-a85b3c65.mp3],to be on,The light is still on.,,,[sound:gtts-wort-9ec71892-4230a5d4-a21bb4e8-50ca5c46-d2e93c4c.mp3],VERB
84887000892,"<span style=""color:#27C93F""><b>aus</b></span> <b>sein</b>, <span style=""color:#0DA6FF"">war</span> <span style=""color:#27C93F"">aus</span>, <span style=""color:#FF1D23"">ist</span> <span style=""color:#27C93F"">aus</span> <span style=""color:#FFFB3D"">gewesen</span>",Das Licht ist schon aus. [sound:gtts-s1-b56b837a-a8f85eb8-e13ae760-a969c99f-0ee78ba5.mp3],be off,The light is already out.,,,[sound:gtts-wort-03c3f16b-d4f0b857-ca40101b-8938ae22-f6ed377d.mp3],VERB
84887000893,"<span style=""color:#27C93F""><b>auf</b></span> <b>sein</b>, <span style=""color:#0DA6FF"">war</span> <span style=""color:#27C93F"">auf</span>, <span style=""color:#FF1D23"">ist</span> <span style=""color:#27C93F"">auf</span> <span style=""color:#FFFB3D"">gewesen</span>",Das Fenster ist noch auf. [sound:gtts-s1-e07e276a-d92d2374-4f2d27ef-98f32139-ca307a50.mp3],to be up,The window is still on.,,,[sound:gtts-wort-6743db12-09959018-9e85a9e5-1e2176d3-a08c9621.mp3],VERB
84887000894,"<span style=""color:#27C93F""><b>weg</b></span> <b>sein</b>, <span style=""color:#0DA6FF"">war</span> <span style=""color:#27C93F"">weg</span>, <span style=""color:#FF1D23"">ist</span> <span style=""color:#27C93F"">weg</span> <span style=""color:#FFFB3D"">gewesen</span>",Herr Meier ist schon weg. [sound:gtts-s1-bc6267ae-f14a9df6-ab5bf924-9a01c6e8-79950edb.mp3],to be away,Herr Meier has already left.,,,[sound:gtts-wort-c49b9643-6b5625ef-a37ebc99-0c54e538-10e60301.mp3],VERB
84887000895,"<span style=""color:#27C93F""><b>zu</b></span> <b>sein</b>, <span style=""color:#0DA6FF"">war</span> <span style=""color:#27C93F"">zu</span>, <span style=""color:#FF1D23"">ist</span> <span style=""color:#27C93F"">zu</span> <span style=""color:#FFFB3D"">gewesen</span>",Die Tür ist zu. [sound:gtts-s1-0b9c1b3f-b403c54e-513c79bb-b217d0c8-90481b51.mp3],to be closed,The door is closed.,,,[sound:gtts-wort-8f99ea91-9c4b595a-a973bde7-e3f5ba58-f92fc1bd.mp3],VERB
84887000896,schrecklich,"Ich finde ihren Rock schrecklich. Er sieht furchtbar aus!<br><hr class=""sent-sep""><br>Ich finde den Film schrecklick. Er macht mir Angst. [sound:gtts-s1-a921d99d-dbcdb56f-1545d035-99729847-e0d75905.mp3]",awful / dreadful,"I find her skirt terrible. He looks terrible!<br><hr class=""sent-sep""><br>I find the movie terrible. He scares me.",,,[sound:gtts-wort-526c9161-b842c905-56ba75ab-9f16c501-305c1729.mp3],ADJ
84887000897,seit,Ich wohne seit drei Jahren in Köln. [sound:gtts-s1-c5e3de0f-02b02c44-727fdd0d-8bb7c6e5-dbbc9244.mp3],since,I've been living in Cologne for three years.,,,[sound:gtts-wort-c0137e50-6f400a74-02004381-50c860a9-621ac958.mp3],ADV
84887000898,"<span style=""color:#F5279F""><b>die</b></span> Seite, -n","Öffnen Sie das Kursbuch auf Seite 20.<br><hr class=""sent-sep""><br>Das ist die Bachstraße. Mein Haus ist auf der linken Seite. [sound:gtts-s1-5f075510-6d9acf2c-72f8f808-8bfc666d-236b3575.mp3]",page,"Open the course book on page 20.<br><hr class=""sent-sep""><br>This is Bachstrasse. My house is on the left.",,,[sound:gtts-wort-f659a87e-d758366f-7378d411-869eac83-fab6eab3.mp3],NOUN
84887000899,"<b>schreiben</b>, <span style=""color:#0DA6FF"">schrieb</span>, hat <span style=""color:#FFFB3D"">geschrieben</span>",Ich schreibe dir eine E-Mail. [sound:gtts-s1-dbe2a07c-59442824-88790c3f-af0ee156-32d991b9.mp3],to write,I'll write you an e-mail.,,,[sound:gtts-wort-8d88b421-011d93c3-9f355771-909b852d-6ffa2cbe.mp3],VERB
84887000900,selbst,"Du musst mir nicht helfen, ich mache das selbst. [sound:gtts-s1-3585aa6b-982110b8-885eaa57-19afddd3-d2a3637a.mp3]",in person / even,"You do not have to help me, I do it myself.",,,[sound:gtts-wort-f127cf28-90f3cbda-95820d0b-26007038-a36aa2ae.mp3],ADV
84887000901,"<span style=""color:#F5279F""><b>die</b></span> Sendung, -en","Welche Sendungen schaust du gern an? - Ich mag Sportsendungen.<br><hr class=""sent-sep""><br>Diese Sendung ist nicht für Jugendliche unter 18 Jahren. [sound:gtts-s1-0191a94b-67a79f34-f0640496-057e3bbb-b4cf5e4f.mp3]",program / show / broadcast,"What do you like to watch? - I like sports.<br><hr class=""sent-sep""><br>This program is not intended for young people under 18 years of age.",,,[sound:gtts-wort-ecf10600-3ba80dc3-f179d7d6-9727169a-983ffc4f.mp3],NOUN
84887000902,schriftlich,"Sie müssen sich schriftlich anmelden.<br><hr class=""sent-sep""><br>Die schriftliche Prüfung dauert 70 Minuten. [sound:gtts-s1-d64aba2d-214dda47-ae86dc3c-d149be70-00e1923e.mp3]",written / in written form,"You must register in writing.<br><hr class=""sent-sep""><br>The written exam lasts 70 minutes.",,,[sound:gtts-wort-2661c2f3-5a655bfc-68892f64-7f55720f-71441e50.mp3],ADJ
84887000903,"<span style=""color:#279FF5""><b>der</b></span> Schuh, -e","Zieh die Schuhe aus!<br><hr class=""sent-sep""><br>Die neuen Schuhe sind mir zu eng. Sie drücken. [sound:gtts-s1-97f55628-7b6883cc-3fe74975-8194054b-13ada2ee.mp3]",shoe,"Take your shoes off!<br><hr class=""sent-sep""><br>The new shoes are too tight for me. You press.",,,[sound:gtts-wort-6326ba82-7b5c57a2-47227733-ee6e945b-f00f43a2.mp3],NOUN
84887000904,"<span style=""color:#279FF5""><b>der</b></span> Service, (Sg.)",Ich bin mit dem Service in der Werkstatt sehr zufrieden. [sound:gtts-s1-f98356c2-d0dd6d2c-5707cb27-ea5e7e22-fed04208.mp3],service,I am very satisfied with the service in the workshop.,,,[sound:gtts-wort-4f94b025-a8d380f2-bb1aa17b-1761f4f4-d7039b31.mp3],NOUN
84887000905,"<span style=""color:#F5279F""><b>die</b></span> Schule, -n","Meine Tochter geht schon in die Schule.<br><hr class=""sent-sep""><br>Die Schule ist gleich hier um die Ecke.<br><hr class=""sent-sep""><br>Rufst du beim Pizza-Service an? [sound:gtts-s1-7e146f97-ffa9f5b7-c2fc0cd5-855a0a48-8e345e62.mp3]",school,"My daughter is already going to school.<br><hr class=""sent-sep""><br>The school is just around the corner.<br><hr class=""sent-sep""><br>Do you call at the pizza service?",,,[sound:gtts-wort-c22ca982-1a45352b-dcd23671-896e9b67-e9ec5252.mp3],NOUN
84887000906,"<b>sich setzen</b>, <span style=""color:#0DA6FF"">setzte</span>, hat <span style=""color:#FFFB3D"">gesetzt</span>",Setz dich doch! [sound:gtts-s1-f607c3fe-6aa8a368-c527c086-27f2de5f-c4a36415.mp3],to sit down,Take a seat!,,,[sound:gtts-wort-8928770a-3ab7bf2d-9dda971a-a1dc7d4d-dac8cc51.mp3],VERB
84887000907,sicher,"Dieses Auto ist besonders sicher.<br><hr class=""sent-sep""><br>Ich bin ganz sicher, dass er kommt.<br><hr class=""sent-sep""><br>Er ist sicher gleich da. [sound:gtts-s1-dfd0ba72-2e38f4b2-61e3208e-7316e22d-738d29d5.mp3]",for sure,"This car is especially safe.<br><hr class=""sent-sep""><br>I'm sure he's coming.<br><hr class=""sent-sep""><br>He's sure to be right there.",,,[sound:gtts-wort-5ed4590b-af1b1f80-bf4c53c6-673f812a-edb8638c.mp3],ADJ
84887000908,"<b>singen</b>, <span style=""color:#0DA6FF"">sang</span>, hat <span style=""color:#FFFB3D"">gesungen</span>",Er singt gern. [sound:gtts-s1-c9858ff8-871eb073-e7877574-c7cca198-4691f1eb.mp3],to sing,He likes to sing.,,,[sound:gtts-wort-e4054ad6-ef7a8072-c70d2d83-01df5e45-0dd0a752.mp3],VERB
84887000909,"<b>spielen</b>, <span style=""color:#0DA6FF"">spielte</span>, hat <span style=""color:#FFFB3D"">gespielt</span>","Die Kinder spielen draußen.<br><hr class=""sent-sep""><br>Spielen Sie Karten?<br><hr class=""sent-sep""><br>Jakob spielt Klavier. [sound:gtts-s1-b243a834-ac9ba793-d76dce30-c90e778d-1cdd6c4a.mp3]",to play,"The children are playing outside.<br><hr class=""sent-sep""><br>Do you play cards?<br><hr class=""sent-sep""><br>Jakob plays the piano.",,,[sound:gtts-wort-f7ca7a54-fa871a3c-8af1a7d9-ca81cbdb-32d6ff6b.mp3],VERB
84887000910,"<span style=""color:#279FF5""><b>der</b></span> Sport, (Sg.)",Ich mache viel Sport. [sound:gtts-s1-0db0f433-d6b629d6-62c370b7-b95dcc85-b00744f2.mp3],sport,I do a lot of sport.,,,[sound:gtts-wort-14c234d9-548b6ba2-cf3e839b-4831656c-9c2519c3.mp3],NOUN
84887000911,sportlich,Tom ist sehr sportlich. [sound:gtts-s1-b9b22ee9-4e153425-945ecb98-83878c78-9752adf9.mp3],athletic,Tom is very athletic.,,,[sound:gtts-wort-2b695946-d5c7320d-95b1fe6e-993b9948-2bbf179d.mp3],ADJ
84887000912,"<span style=""color:#F5279F""><b>die</b></span> Situation, -en","Ich bin in einer schwierigen Situation. Ich weiß nicht, was ich tun soll.<br><hr class=""sent-sep""><br>Lesen Sie die Anzeigen und die Aufgaben 11-15. Welche Anzeige passt zu welcher Situation? [sound:gtts-s1-d2fa43f6-046e86c0-0b52fcc3-6c0c284b-b8dcec3c.mp3]",situation,"I'm in a difficult situation. I do not know what to do.<br><hr class=""sent-sep""><br>Read the displays and tasks 11-15. Which display is suitable for which situation?",,,[sound:gtts-wort-a72c38a6-f6d85789-91e7db2e-6c522be9-1354d89d.mp3],NOUN
84887000913,"<span style=""color:#279FF5""><b>der</b></span> Sportplatz, ""-e",Das Fußballtraining ist um 17 Uhr auf dem Sportplatz. [sound:gtts-s1-6b48adb8-8d6e4a41-65b0b26e-153085b9-bcedc3a5.mp3],sports ground,The football training is at 5 pm on the sports field.,,,[sound:gtts-wort-9877e896-7bd89f17-a3e5a93e-32e83fe0-66edfbac.mp3],NOUN
84887000914,"<b>sitzen</b>, <span style=""color:#0DA6FF"">saß</span>, <span style=""color:#FF1D23"">ist</span> <span style=""color:#FFFB3D"">gesessen</span>",Wo möchten Sie sitzen? - Bitte ganz hinten. [sound:gtts-s1-377e32a4-55e5bf77-2ba3ec49-6d1a50cf-90d90bf3.mp3],to sit,"Where would you like to sit? - Please, at the back.",,,[sound:gtts-wort-e7d9e2a6-ba16af4f-739d8bed-c217e24b-db6f0e25.mp3],VERB
84887000915,"<b>sprechen</b>, <span style=""color:#0DA6FF"">sprach</span>, hat <span style=""color:#FFFB3D"">gesprochen</span>","Welche Sprachen sprichst du? - Ich spreche Englisch und Spanisch.<br><hr class=""sent-sep""><br>Kann ich mit Herrn Klein sprechen?<br><hr class=""sent-sep""><br>Kann ich Herrn Klein sprechen? [sound:gtts-s1-d66c2b83-8a48b98d-39700bb7-abdee622-002954cd.mp3]",to speak,"Which languages ​​do you speak? - I speak English and Spanish.<br><hr class=""sent-sep""><br>Can I speak with Mr Klein?<br><hr class=""sent-sep""><br>Can I speak to Mr Klein?",,,[sound:gtts-wort-bf304d01-83646c2c-3cb9031e-9467de16-c33b8bce.mp3],VERB
84887000916,"<span style=""color:#F5279F""><b>die</b></span> Sprache, -n",Welche Sprachen sprechen Sie? [sound:gtts-s1-37fd48d2-4283aa09-b9b7c2e3-da55ca4a-1e0d3997.mp3],language,Which languages do you speak?,,,[sound:gtts-wort-870953df-804edbc8-2f7be9fe-8eb10438-55bd7122.mp3],NOUN
84887000917,"<span style=""color:#279FF5""><b>der</b></span> Ski, - / -er","Gehen wir am Wochenende Ski fahren?<br><hr class=""sent-sep""><br>Er kauft sich neue Ski. [sound:gtts-s1-61f2e2b8-28c9ea67-d0ab6742-c9cc3847-f89f92f9.mp3]",ski,"Are we going skiing on weekends?<br><hr class=""sent-sep""><br>He buys new skis.",,,[sound:gtts-wort-0ae176d2-e5a416ab-99d9c77c-7ccbb4c8-7e8b832b.mp3],NOUN
84887000918,so,"Sie müssen das so machen!<br><hr class=""sent-sep""><br>Fahren Sie bitte nicht so schnell!<br><hr class=""sent-sep""><br>Meine Frau ist so groß wie ich.<br><hr class=""sent-sep""><br>So, das war‘s! [sound:gtts-s1-bb3a899d-fbff5399-8a351a26-3a7f7180-4e7fd26c.mp3]",so / as,"You must do so!<br><hr class=""sent-sep""><br>Please do not drive so fast!<br><hr class=""sent-sep""><br>My wife is as tall as me.<br><hr class=""sent-sep""><br>So thats it!",,,[sound:gtts-wort-4139e708-b6096073-21d225f9-bc95c9bb-7416a604.mp3],ADV
84887000919,"<span style=""color:#F5279F""><b>die</b></span> Sprechstunde, -n",Frau Doktor Weiß hat von 9:00 bis 12:30 Uhr Sprechstunde. [sound:gtts-s1-84a68b04-bc3f97d1-e76bfdec-7fe4aed3-2362ac1a.mp3],consultation hour,Frau Doktor Weiß has office hours from 9:00 am to 12:30 pm.,,,[sound:gtts-wort-752e1c0d-eeb8f691-09bc90ce-94ab61af-ce94a57f.mp3],NOUN
84887000920,"<span style=""color:#F5279F""><b>die</b></span> Stadt, ""-e",Heidelberg ist eine alte Stadt. [sound:gtts-s1-5cb4a373-b4637757-5ece0c0f-b19d91c9-049df29c.mp3],city,Heidelberg is an old city.,,,[sound:gtts-wort-4cb9b725-d21a26dc-583774e2-d5f0d42e-bcceba2e.mp3],NOUN
84887000921,"<span style=""color:#9FF527""><b>das</b></span> Sofa, -s",Das Sofa ist bequem. [sound:gtts-s1-9bfbbfe5-fdae80e5-6aa9eabf-3d081ee6-86a5ba95.mp3],sofa,The sofa is comfortable.,,,[sound:gtts-wort-13f85dfa-303dd8ec-50e293f6-7dbbf61d-8defba47.mp3],NOUN
84887000922,"<span style=""color:#279FF5""><b>der</b></span> Stadtplan, ""-e",Haben Sie einen Stadtplan von Salzburg? [sound:gtts-s1-42a99394-0af080e8-604a3cb1-2573a9e2-1e1c97c8.mp3],map / city map,Do you have a map of Salzburg?,,,[sound:gtts-wort-8f815eb6-1b3e70a1-07322849-d628fef1-4c39919d.mp3],NOUN
84887000923,"<span style=""color:#279FF5""><b>der</b></span> Star, -s",Diese Sängerin ist ein Star in Deutschland. [sound:gtts-s1-0bcb35db-d637e8de-480b3fec-076636dd-6c636efc.mp3],star,This singer is a star in Germany.,,,[sound:gtts-wort-eb4cc922-8de30edf-f4b7954b-80ad423e-d325009d.mp3],NOUN
84887000924,sofort,"Bitte antworten Sie sofort.<br><hr class=""sent-sep""><br>Sie können sich ab sofort für den Kurs anmelden. [sound:gtts-s1-be708447-3a117d12-d4ea9868-1d262dd9-58677b74.mp3]",immediately,"Please reply immediately.<br><hr class=""sent-sep""><br>You can now register for the course.",,,[sound:gtts-wort-b87f08ad-22fe7902-47550d5c-3485324a-c53b0d9e.mp3],ADV
84887000925,stark,"Ich habe starke Kopfschmerzen.<br><hr class=""sent-sep""><br>Es regnet stark.<br><hr class=""sent-sep""><br>Der Kaffee ist sehr stark. [sound:gtts-s1-1086d267-5707a9dd-9d31d970-9a6a1d9a-1a07a83a.mp3]",strong,"I have strong headaches.<br><hr class=""sent-sep""><br>It's raining heavily.<br><hr class=""sent-sep""><br>The coffee is very strong.",,,[sound:gtts-wort-539d83b5-9dbb36e1-a9481171-1841d881-a801ee30.mp3],ADJ
84887000926,sogar,"Heute ist es sehr kalt. In den Bergen schneit es sogar.<br><hr class=""sent-sep""><br>Zu meiner Hochzeit kommen viele Gäste. Sogar meine Tante aus Kanada kommt. [sound:gtts-s1-35c50d77-bb396243-2943c000-11cef9a0-f622fd5d.mp3]",even,"Today it is very cold. In the mountains it snows.<br><hr class=""sent-sep""><br>Many guests come to my wedding. Even my aunt comes from Canada.",,,[sound:gtts-wort-8d580fd6-0d9f9a35-3f0b4e43-9e934dbf-0d0e8ac7.mp3],ADV
84887000927,"<b>stattfinden</b>, <span style=""color:#0DA6FF"">fand statt</span>, hat <span style=""color:#FFFB3D"">stattgefunden</span>",Das Spiel findet auch bei Regen statt. [sound:gtts-s1-a99c4893-665f172d-26d99d4d-1564c0b2-aea05358.mp3],to take place / to occur,The game also takes place in the rain.,,,[sound:gtts-wort-0e18d576-cd66beda-e5d0e0b7-0db97996-cfe35bc4.mp3],VERB
84887000928,"<b>sollen</b>, <span style=""color:#0DA6FF"">sollte</span>, hat <span style=""color:#FFFB3D"">gesollt</span>","Wann soll ich kommen und was soll ich mitbringen?<br><hr class=""sent-sep""><br>Und, was hat der Arzt gesagt? - Ich soll drei Tage im Bett bleiben und viel Tee trinken. [sound:gtts-s1-10d52f6e-d6ffb889-29945b33-17ca5ce8-17c931dd.mp3]",should / shall,"When should I come and what should I bring?<br><hr class=""sent-sep""><br>And what did the doctor say? - I should stay in bed for three days and drink a lot of tea.",,,[sound:gtts-wort-01c5b4d2-f215de55-0684b88e-f9883b65-ae7a0642.mp3],VERB
84887000929,"<b>stehen</b>, <span style=""color:#0DA6FF"">stand</span>, <span style=""color:#FF1D23"">ist</span> <span style=""color:#FFFB3D"">gestanden</span>","Der Bus steht schon an der Haltestelle.<br><hr class=""sent-sep""><br>Ich bin Verkäuferin. In meinem Beruf muss ich viel stehen.<br><hr class=""sent-sep""><br>Was steht heute in der Zeitung? [sound:gtts-s1-c1d84d8f-3e56c8b8-9046d7c6-8f37309e-a1b77c7b.mp3]",to stand,"The bus is already at the stop.<br><hr class=""sent-sep""><br>I am a saleswoman. I have a lot to do in my job.<br><hr class=""sent-sep""><br>What is in the newspaper today?",,,[sound:gtts-wort-c3a0237b-92a5ddc8-32c5ccb5-e27e2ef1-80046d02.mp3],VERB
84887000930,"<span style=""color:#F5279F""><b>die</b></span> Sonne, -n",Die Sonne scheint. [sound:gtts-s1-c626199e-cc7eebbd-09abf1d7-f7f9e2b5-16c97659.mp3],sun,The sun is shining.,,,[sound:gtts-wort-116278b7-7c50eec3-54c9b3d6-ac45c489-ddd88813.mp3],NOUN
84887000931,sonnig,Morgen ist das Wetter wieder warm und sonnig. [sound:gtts-s1-84086457-1fe85f1d-42c26858-7fdd4ea9-dcd11c47.mp3],sunny,Tomorrow the weather is warm and sunny again.,,,[sound:gtts-wort-c447f757-d5c57f35-08a20657-0d6f354e-29e50fcd.mp3],ADJ
84887000932,"<span style=""color:#F5279F""><b>die</b></span> Stelle, -n","Ich habe eine neue Stelle. Ich arbeite jetzt bei Mercedes.<br><hr class=""sent-sep""><br>Wir treffen uns hier an dieser Stelle. [sound:gtts-s1-93bbe495-cba87a77-76d5451a-ffad84d8-51c89faa.mp3]",location,"I have a new job. I'm working for Mercedes now.<br><hr class=""sent-sep""><br>We meet here at this point.",,,[sound:gtts-wort-825336e3-f44a50d4-ff46f30c-3e3eef4e-b35ebb9e.mp3],NOUN
84887000933,sonst,"Haben Sie sonst noch einen Wunsch? - Nein danke, das ist alles.<br><hr class=""sent-sep""><br>Beeil dich, sonst kommen wir zu spät! [sound:gtts-s1-532a8a36-14d83aea-fd3b8487-526feebb-205812de.mp3]",otherwise,"Do you have any other wishes? - No thank you that's all.<br><hr class=""sent-sep""><br>Hurry up, otherwise we'll be late!",,,[sound:gtts-wort-54ef9ce3-781bd2b5-ad91ada3-eb7ac28d-63ec2151.mp3],CONJ
84887000934,"<b>stellen</b>, <span style=""color:#0DA6FF"">stellte</span>, hat <span style=""color:#FFFB3D"">gestellt</span>",Stell die Milch bitte in den Kühlschrank! [sound:gtts-s1-dd0cd9fd-94c7190d-a5ce8d46-104f09c2-ad72427e.mp3],to put,Please put the milk in the refrigerator!,,,[sound:gtts-wort-821ecbe2-a584b810-9ba65655-2f4d031f-95961c09.mp3],VERB
84887000935,spannend,Ich finde den Film sehr spannend. [sound:gtts-s1-a5bf0778-73687140-157ce8a3-78477060-405be487.mp3],exciting,I find the movie very exciting.,,,[sound:gtts-wort-1b8130fe-f2b4ba37-aacc5339-e9ceb6c9-70f405c2.mp3],ADJ
84887000936,"<b>sparen</b>, <span style=""color:#0DA6FF"">sparte</span>, hat <span style=""color:#FFFB3D"">gespart</span>",Ein neues Auto ist sehr teuer. Ich muss sparen. [sound:gtts-s1-1c2f53ee-364b3d2d-5c97e2d4-869e6aac-ccfb99de.mp3],to save (sth.),A new car is very expensive. I need to save money.,,,[sound:gtts-wort-1717c1d7-e534a5e4-8e051268-40a6977f-b55e7f52.mp3],VERB
84887000937,"<b>sterben</b>, <span style=""color:#0DA6FF"">starb</span>, <span style=""color:#FF1D23"">ist</span> <span style=""color:#FFFB3D"">gestorben</span>",Herr Müller kommt heute nicht. Sein Vater ist gestern gestorben. [sound:gtts-s1-d9029945-22d10a81-15278e84-b4b96426-6b0bcc59.mp3],to die,Mr. Müller does not come today. His father died yesterday.,,,[sound:gtts-wort-43c3280b-8b31f5f8-f68c2be5-872af999-772797c1.mp3],VERB
84887000938,"<span style=""color:#279FF5""><b>der</b></span> Spaß, (Sg.)","Meine Arbeit macht mir Spaß.<br><hr class=""sent-sep""><br>Ich will nicht aufräumen. Das macht mir keinen Spaß.<br><hr class=""sent-sep""><br>Viel Spaß! [sound:gtts-s1-1b4375eb-0c547946-adcc2612-61d29805-840f865d.mp3]",fun,"I enjoy my work.<br><hr class=""sent-sep""><br>I do not want to clean up. I do not like that.<br><hr class=""sent-sep""><br>Have fun!",,,[sound:gtts-wort-364dfb99-47d550e7-3c6c78ee-77bfbc53-adf95149.mp3],NOUN
84887000939,"<span style=""color:#279FF5""><b>der</b></span> Stiefel, -",Wie viel kosten die roten Stiefel? [sound:gtts-s1-a3158a23-777740a1-dc52922a-0e8ebe3d-ddf831c9.mp3],boots,How much do the red boots cost?,,,[sound:gtts-wort-ce0eedb8-9e4f6cd0-ac477629-c11caf79-abc18178.mp3],NOUN
84887000940,"<span style=""color:#279FF5""><b>der</b></span> Stift, -e",Kannst du mir bitte einen Stift geben? - Was brauchst du? Einen Farbstift oder einen Bleistift oder einen Kugelschreiber? [sound:gtts-s1-f1b73b09-774a7b34-47000973-890d43b9-afcb6698.mp3],pen,"Can you give me a pen, please? - What do you need? A pencil or a pen?",,,[sound:gtts-wort-fa9b03c4-8d727069-5e168463-e0a2e51a-b6c48afe.mp3],NOUN
84887000941,"<span style=""color:#9FF527""><b>das</b></span> Stipendium, -en","Wenn ich ein gutes Zeugnis habe, bekomme ich ein Stipendium. [sound:gtts-s1-1d29e338-5971c74f-cef290b5-623fe078-4e0f6690.mp3]",scholarship,"If I have a good testimony, I get a scholarship.",,,[sound:gtts-wort-ca8d6525-c56e850c-c70fce6a-8a5077ae-a66f6469.mp3],NOUN
84887000942,spät,"Es ist schon spät, ich muss gehen. [sound:gtts-s1-da448882-210689c4-dd34cbc7-90a7e08d-c9737934.mp3]",late,"It's late, I have to go.",,,[sound:gtts-wort-1a999835-d4610859-7bfa9c41-f55041fe-caf324cf.mp3],ADJ
84887000943,später,Das können wir später machen. [sound:gtts-s1-14a86fc8-77d62080-92c817b3-3d5a0936-bda2ebd9.mp3],later,We can do that later.,,,[sound:gtts-wort-14be7e5c-246f2444-ef8a924a-096aa7c8-2b7afe9b.mp3],ADV
84887000944,"<span style=""color:#279FF5""><b>der</b></span> Stock, ""-e",Unsere Wohnung liegt im ersten Stock. [sound:gtts-s1-baaa2cba-60fc8b80-efb091e5-faa606a5-52bfe73d.mp3],floor,Our apartment is on the first floor.,,,[sound:gtts-wort-2191b036-0dfbad66-35053cf7-ce2ba1c4-c445a9cf.mp3],NOUN
84887000945,"<b>spazieren gehen</b>, <span style=""color:#0DA6FF"">ging spazieren</span>, <span style=""color:#FF1D23"">ist</span> <span style=""color:#FFFB3D"">spazieren gegangen</span>",Wir gehen sonntags immer spazieren. [sound:gtts-s1-4957a7c3-fe54e385-c0c8666d-9aa9f19f-3575a706.mp3],to go for a walk,We always go for a walk on Sundays.,,,[sound:gtts-wort-c9ded764-fcf4feae-30c71289-d0a5482b-81462e71.mp3],VERB
84887000946,"<span style=""color:#9FF527""><b>das</b></span> Stockwerk, -e",Das Gebäude hat zwanzig Stockwerke. [sound:gtts-s1-ff0f556a-f441fd2b-444a16f5-2614a8c2-e7363117.mp3],level / floor,The building has twenty floors.,,,[sound:gtts-wort-733cc3fc-a4c2047f-dcf05d7f-ac7fb726-d79adb76.mp3],NOUN
84887000947,"<span style=""color:#279FF5""><b>der</b></span> Spaziergang, ""-e",Abends mache ich immer einen Spaziergang. [sound:gtts-s1-4948aeba-e64762f2-af67f39f-780ce0c3-87a762b3.mp3],walk,In the evening I always go for a walk.,,,[sound:gtts-wort-2bc8e805-56214b8b-d4250737-8b5b2c2b-2fb02417.mp3],NOUN
84887000948,"<b>stören</b>, <span style=""color:#0DA6FF"">störte</span>, hat <span style=""color:#FFFB3D"">gestört</span>","Störe ich?<br><hr class=""sent-sep""><br>Darf ich Sie kurz stören?<br><hr class=""sent-sep""><br>Mach die Musik leiser! Sie stört mich. [sound:gtts-s1-d3936cc4-6f2eca15-cd797676-300fd1de-18b11470.mp3]",to disturb,"Am I disrupting?<br><hr class=""sent-sep""><br>May I disturb you briefly?<br><hr class=""sent-sep""><br>Turn the music down! It bothers me.",,,[sound:gtts-wort-199e097a-4c79a7e1-9e8c0ea9-bb123286-70a1047d.mp3],VERB
84887000949,"<span style=""color:#279FF5""><b>der</b></span> Strand, ""-e",Im Urlaub bin ich am liebsten am Strand. [sound:gtts-s1-d0f2ec74-86ecb6d3-6876360c-a4ff366b-1450f77d.mp3],beach,On holiday I prefer the beach.,,,[sound:gtts-wort-ae7ac094-8dab2385-ed0a12e5-b7f93f77-c34d8513.mp3],NOUN
84887000950,"<b>speichern</b>, <span style=""color:#0DA6FF"">speicherte</span>, hat <span style=""color:#FFFB3D"">gespeichert</span>",Sie müssen die Datei speichern. [sound:gtts-s1-65a017d6-12c9814e-3100ac73-f0b3c6b4-9f198ec4.mp3],to save,You must save the file.,,,[sound:gtts-wort-0ed55d91-2bdf5b49-3316cb4a-1692dfe8-6290a1d6.mp3],VERB
84887000951,"<span style=""color:#F5279F""><b>die</b></span> Straße, -n",In welcher Straße wohnen Sie? [sound:gtts-s1-04323f33-1a9705e8-9cfe5c41-cf5a664a-958fe0a1.mp3],road,In which street do you live?,,,[sound:gtts-wort-94244fb1-b6784955-fd6bd235-771cb6fc-fbb03402.mp3],NOUN
84887000952,"<span style=""color:#F5279F""><b>die</b></span> Straßenbahn, -en",Fahren wir mit der Straßenbahn oder mit der U-Bahn? [sound:gtts-s1-e2a186a3-b406da41-f70c1827-d3700f94-b7a3a1b9.mp3],tram,Are we taking the tram or subway?,,,[sound:gtts-wort-a0155354-ca37d57d-6c288dec-7dbe2c5e-3ceea4ec.mp3],NOUN
84887000953,"<span style=""color:#F5279F""><b>die</b></span> Speisekarte, -n","Entschuldigung, bringen Sie uns bitte die Speisekarte. [sound:gtts-s1-9fbad2c9-11d4ee3a-1de92bd6-d65c01b8-aedd2cdd.mp3]",menu,"Excuse me, please bring us the menu.",,,[sound:gtts-wort-5b0fec39-476e48f3-89b55d99-3f5f0422-6efcd099.mp3],NOUN
84887000954,"<span style=""color:#9FF527""><b>das</b></span> Spiel, -e","Welche Kartenspiele kennen Sie?<br><hr class=""sent-sep""><br>Monopoly ist ein sehr bekanntes Spiel. [sound:gtts-s1-1cbab8ac-530b98b3-9b073e1d-597450a9-9a8ab92e.mp3]",game,"What card games do you know?<br><hr class=""sent-sep""><br>Monopoly is a very popular game.",,,[sound:gtts-wort-21597091-c03c5fe2-c6955307-870d863e-ea6933a1.mp3],NOUN
84887000955,"<b>sich streiten</b>, <span style=""color:#0DA6FF"">stritt</span>, hat <span style=""color:#FFFB3D"">gestritten</span>","Die Kinder streiten sich oft.<br><hr class=""sent-sep""><br>Die Kinder streiten oft. [sound:gtts-s1-80cb9311-9dddacd5-7686b669-154f2cdd-d0c44a71.mp3]",to have a fight,"The children often argue.<br><hr class=""sent-sep""><br>The children often argue.",,,[sound:gtts-wort-22b6ef4f-dde729c9-1064e5f0-01a6d321-a85125d7.mp3],VERB
84887000956,streng,Der Lehrer von meiner Tochter ist sehr streng. [sound:gtts-s1-6eb37d83-028c8f02-f88b5ffd-0179b98b-33990a62.mp3],strict,The teacher of my daughter is very strict.,,,[sound:gtts-wort-b678128b-c0e6c5dc-324e1de2-e015cbc2-34d281e3.mp3],ADJ
84887000957,"<span style=""color:#279FF5""><b>der</b></span> Stress, (Sg.)",Ich habe bei der Arbeit viel Stress. [sound:gtts-s1-4e4a13d4-88a21352-5076ba5e-6b1719fc-f8e39056.mp3],stress,I have a lot of stress at work.,,,[sound:gtts-wort-dfdf81cc-b82891fb-efca6641-91dd7827-2295b020.mp3],NOUN
84887000958,stressig,Meine Arbeit ist stressig. [sound:gtts-s1-dc38a70c-2aebe3de-3cabb407-b18a46ba-8d3e3fd8.mp3],stressful,My work is stressful.,,,[sound:gtts-wort-d2bf7db4-a86488d2-b54fbbcc-64557c85-126134e5.mp3],ADJ
84887000959,"<b>teilnehmen</b>, <span style=""color:#0DA6FF"">nahm teil</span>, hat <span style=""color:#FFFB3D"">teilgenommen</span>",Ich möchte an dem Tanzkurs teilnehmen. [sound:gtts-s1-0754e264-a763f0f2-80309929-0368dc2e-0fc03d61.mp3],to participate / to take part,I would like to participate in the dance course.,,,[sound:gtts-wort-0f56f6bb-6d8eadb5-9099101a-d6971ba2-62b33798.mp3],VERB
84887000960,"<span style=""color:#9FF527""><b>das</b></span> Stück, -e","Möchten Sie noch ein Stück Kuchen?<br><hr class=""sent-sep""><br>Im Theater spielen sie heute das Stück „Romeo und Julia“. [sound:gtts-s1-f8bba341-b81349db-7c5b8e25-84658dfb-f35932f2.mp3]",piece,"Would you like another piece of cake?<br><hr class=""sent-sep""><br>In the theater they play today the play ""Romeo and Juliet"".",,,[sound:gtts-wort-97854a2b-404950ef-d2cede68-5413bd23-1c75cd1b.mp3],NOUN
84887000961,"<span style=""color:#9FF527""><b>das</b></span> Telefon, -e",Darf ich bitte Ihr Telefon benutzen? [sound:gtts-s1-991b4f1d-d1a8b18d-2218f883-053a8fd3-e5750a27.mp3],phone,Can I use your phone?,,,[sound:gtts-wort-794a3a35-02f080f1-53430629-02993d78-e0c26b44.mp3],NOUN
84887000962,"<b>telefonieren</b>, <span style=""color:#0DA6FF"">telefonierte</span>, hat <span style=""color:#FFFB3D"">telefoniert</span>",Ich muss kurz telefonieren. [sound:gtts-s1-0b5ad77b-b474156d-793da855-aace3cd3-cdd6b26c.mp3],to phone (so.),I have to make a short phone call.,,,[sound:gtts-wort-2dff027c-8e105ad1-3e624a3e-8e0496f1-6ac6a45b.mp3],VERB
84887000963,"<span style=""color:#279FF5""><b>der</b></span> Student, -en",Ich bin Student. [sound:gtts-s1-70a646e8-7260beab-2ceaa765-68cbee16-f621912d.mp3],male student,I am student.,,,[sound:gtts-wort-56e31cd2-86e290c6-cd31b3da-c7296f7a-7b13ddb9.mp3],NOUN
84887000964,"<span style=""color:#F5279F""><b>die</b></span> Studentin, -nen",Ich bin Studentin. [sound:gtts-s1-908efe96-8174122f-79b34e75-07d66706-ec8795ac.mp3],female student,I am a student.,,,[sound:gtts-wort-c4f0f150-dca39bc3-9763cac7-42b1eb98-a1d1973f.mp3],NOUN
84887000965,"<b>studieren</b>, <span style=""color:#0DA6FF"">studierte</span>, hat <span style=""color:#FFFB3D"">studiert</span>",Ich studiere in Mainz. [sound:gtts-s1-d7983a8c-2f1ea3b8-dcaeef2f-aa2aa652-589b9c0e.mp3],to study,I am studying in Mainz.,,,[sound:gtts-wort-b8d09abb-70fbca27-3b582d96-6b574ee4-9dd7f2c6.mp3],VERB
84887000966,"<span style=""color:#279FF5""><b>der</b></span> Teller, -","Möchtest du noch einen Teller Suppe?<br><hr class=""sent-sep""><br>Stell die Teller bitte auf den Tisch! [sound:gtts-s1-a32b6067-edfca5a8-c321b341-a71c410e-3fbba520.mp3]",plate,"Would you like another plate of soup?<br><hr class=""sent-sep""><br>Put the plates on the table, please!",,,[sound:gtts-wort-31dbbfef-8d640bf0-e15db162-45adeb3b-0a0643cc.mp3],NOUN
84887000967,"<span style=""color:#9FF527""><b>das</b></span> Tennis, (Sg.)",Steffi spielt sehr gut Tennis. [sound:gtts-s1-ebe2aad4-666a42ee-0e306803-65653236-7c37eb7f.mp3],tennis,Steffi plays tennis very well.,,,[sound:gtts-wort-7032e536-04ef8e6e-bfdd5e18-0df92891-4f7849c9.mp3],NOUN
84887000968,"<span style=""color:#9FF527""><b>das</b></span> Studium, (Sg.)",Das Studium dauert drei Jahre. [sound:gtts-s1-3185f333-5b11eb8b-cbbb9a40-592ce71d-05868940.mp3],studies / academic studies,The course lasts three years.,,,[sound:gtts-wort-fa749dd4-48775d68-e2939175-8fbf8e4c-9407eac1.mp3],NOUN
84887000969,"<span style=""color:#279FF5""><b>der</b></span> Stuhl, ""-e",Ist der Stuhl frei? [sound:gtts-s1-a1cec95b-dd7cc332-d1808319-8c6b0dbf-e33aa64c.mp3],chair,Is the chair free?,,,[sound:gtts-wort-23c040c4-ebfd0fa2-a130d5a0-f258722f-3fa27331.mp3],NOUN
84887000970,"<b>suchen</b>, <span style=""color:#0DA6FF"">suchte</span>, hat <span style=""color:#FFFB3D"">gesucht</span>","Suchst du etwas?<br><hr class=""sent-sep""><br>Ich suche meine Brille.<br><hr class=""sent-sep""><br>Wir suchen eine größere Wohnung. [sound:gtts-s1-ba47b741-8fe49623-30bea7f6-007b67c5-502a4cc1.mp3]",to search,"Are you looking for something?<br><hr class=""sent-sep""><br>I'm looking for my glasses.<br><hr class=""sent-sep""><br>We are looking for a bigger apartment.",,,[sound:gtts-wort-f7476e5b-762082e6-6fb7441c-9ef6dbc1-c89ae2bd.mp3],VERB
84887000971,"<span style=""color:#279FF5""><b>der</b></span> Termin, -e","Am besten machen wir sofort einen Termin.<br><hr class=""sent-sep""><br>Ich habe heute einen Termin bei meiner Zahnärztin. [sound:gtts-s1-df8d8703-b18acee5-201998c1-d0acafca-923f4872.mp3]",meeting,"We can make an appointment immediately.<br><hr class=""sent-sep""><br>I have an appointment today with my dentist.",,,[sound:gtts-wort-291404d4-2257a570-a228a670-c0aed1bc-fd47906f.mp3],NOUN
84887000972,teuer,Das ist mir zu teuer. [sound:gtts-s1-c507648a-cb8d324e-09029f26-fcc2df0c-1d581297.mp3],expensive,That is too expensive for me.,,,[sound:gtts-wort-dd70f561-c8c12e03-7e18d46d-7b27339c-938d928c.mp3],ADJ
84887000973,"<span style=""color:#279FF5""><b>der</b></span> Text, -e",Lesen Sie bitte den Text. [sound:gtts-s1-ce658445-ac932d09-962c1013-bf11832a-395373ec.mp3],text,Please read the text.,,,[sound:gtts-wort-87ced740-b92e0048-38acde8a-24df1c81-634a639f.mp3],NOUN
84887000974,"<span style=""color:#9FF527""><b>das</b></span> Theater, -",Ich gehe nicht gern ins Theater. [sound:gtts-s1-1cc1357b-455b6129-fcf4df15-6ed1d89d-37a3f528.mp3],theatre,I do not like going to the theater.,,,[sound:gtts-wort-0ffbf86a-70b9c776-e704b7a1-6126c9cf-cf2e114c.mp3],NOUN
84887000975,super,"Er kann super tanzen.<br><hr class=""sent-sep""><br>Der Film ist super. [sound:gtts-s1-166a4384-b38481a1-e120e716-60fb7910-23f04206.mp3]",great,"He can dance super.<br><hr class=""sent-sep""><br>The movie is great.",,,[sound:gtts-wort-674b9b62-b75d7ac8-40a0ae9d-00c771e1-c381a808.mp3],ADJ
84887000976,"<span style=""color:#9FF527""><b>das</b></span> Thema, -en",Heute heißt unser Thema: „Essen und Trinken“. [sound:gtts-s1-884b9520-d56c7835-db0f6d68-38ad131d-82776430.mp3],subject / topic,"Today our theme is ""food and drink"".",,,[sound:gtts-wort-a520e26c-ba879d5e-baf75089-fbcbfb95-638a439f.mp3],NOUN
84887000977,"<span style=""color:#9FF527""><b>das</b></span> Ticket, -s",Wie viel kostet das Ticket? [sound:gtts-s1-daf93b18-e27e1090-3071ecc8-0e7dbe4b-9792494f.mp3],ticket,How much is the ticket?,,,[sound:gtts-wort-2344c4af-5b096bf2-e08193b6-28972102-3976de6f.mp3],NOUN
84887000978,"<span style=""color:#279FF5""><b>der</b></span> Supermarkt, ""-e",Ich kaufe oft im Supermarkt ein. [sound:gtts-s1-88dfe164-737f3048-d12d7cbb-4ba8bd1d-cfe35c33.mp3],supermarket,I often buy in the supermarket.,,,[sound:gtts-wort-e8e185e5-d5f5e3cc-c9c5d913-928cbd83-71e0f9c3.mp3],NOUN
84887000979,"<span style=""color:#F5279F""><b>die</b></span> Suppe, -n",Schmeckt dir die Suppe? [sound:gtts-s1-aa1ecd2b-4b00a0f4-e6e9ed04-1d3a4534-04d8e71a.mp3],soup,Do you like the soup?,,,[sound:gtts-wort-6328cc64-36417b62-63f336d6-75c457fa-7ac7bd1b.mp3],NOUN
84887000980,tief,"Vorsicht, das Wasser ist tief! [sound:gtts-s1-452e6d95-9870fa5b-ba011add-e7c6a0c4-accf3a3b.mp3]",deep,"Caution, the water is deep!",,,[sound:gtts-wort-6b6a71d4-9766dcd5-dbd426d0-a30de67c-03bf6cf0.mp3],ADJ
84887000981,"<span style=""color:#9FF527""><b>das</b></span> Tier, -e","Wir dürfen keine Tiere in der Wohnung haben.<br><hr class=""sent-sep""><br>Meine Lieblingstiere sind Katzen. [sound:gtts-s1-14bed5d3-731b4ddf-c1d58723-faa62c4f-a1a52428.mp3]",animal,"We must not have any animals in the apartment.<br><hr class=""sent-sep""><br>My favorite animals are cats.",,,[sound:gtts-wort-af7ef57d-52758ed2-fe909a9d-9d763e02-7ab7cdbc.mp3],NOUN
84887000982,"<b>surfen</b>, <span style=""color:#0DA6FF"">surfte</span>, hat/<span style=""color:#FF1D23"">ist</span> <span style=""color:#FFFB3D"">gesurft</span>","Ich möchte gern surfen lernen.<br><hr class=""sent-sep""><br>Surfst du oft im Internet? [sound:gtts-s1-b8878fe7-07f45e52-1d36ce00-1779f539-3a73718f.mp3]",to surf,"I would like to learn how to surf.<br><hr class=""sent-sep""><br>Do you often surf the Internet?",,,[sound:gtts-wort-87fbb03c-948603ad-9911d097-bb5ba0bf-b3ace8ea.mp3],VERB
84887000983,süß,"Ich finde die Torte zu süß.<br><hr class=""sent-sep""><br>Ist das deine Tochter? Die ist ja süß! [sound:gtts-s1-460dd80f-24119449-e10712cc-114255c6-2b03bec3.mp3]",sweet,"I find the cake too sweet.<br><hr class=""sent-sep""><br>Is that your daughter? She's cute!",,,[sound:gtts-wort-92b6f395-a90f2d9f-410c87ae-16c21786-4bfd6d8f.mp3],ADJ
84887000984,"<span style=""color:#279FF5""><b>der</b></span> Tipp, -s",Kannst du mir einen guten Tipp geben? [sound:gtts-s1-65c15d4f-e7a2797a-2a6c0461-0b26468c-f947de8d.mp3],tip,Can you give me a good tip?,,,[sound:gtts-wort-3fe86b84-42ca9491-009c52a3-a39158d0-c2f5bf97.mp3],NOUN
84887000985,"<span style=""color:#279FF5""><b>der</b></span> Tisch, -e",Das Essen steht schon auf dem Tisch. [sound:gtts-s1-0a2f0a16-ba7a4e95-27890201-015ca206-1de08a2d.mp3],table,The food is already on the table.,,,[sound:gtts-wort-05343d42-bca14b44-d86fdb52-824ea9a0-3721c0bb.mp3],NOUN
84887000986,"<span style=""color:#279FF5""><b>der</b></span> Titel, -",Wie heißt der Film? - Ich weiß den Titel nicht mehr. [sound:gtts-s1-88feea69-3d08580d-b1d6dc17-e9c42e7b-705c1257.mp3],title,What is the title of the movie? - I do not know the title anymore.,,,[sound:gtts-wort-ef0b82b3-6ffae53a-d2f21209-b9e75671-d8801316.mp3],NOUN
84887000987,"<span style=""color:#F5279F""><b>die</b></span> Süßigkeiten, (Pl.)",Welche Süßigkeiten isst du am liebsten? - Schokolade und Eis. [sound:gtts-s1-de00f930-fd964485-c9cc2fff-ce124b2f-55ee1e32.mp3],sweets,What sweets do you like most? - Chocolate and ice cream.,,,[sound:gtts-wort-309e34b0-65916b73-e0c2a6e8-18e16712-6d04112a.mp3],NOUN
84887000988,"<span style=""color:#F5279F""><b>die</b></span> Toilette, -n","Wo ist die Toilette, bitte? [sound:gtts-s1-be14530e-763be84c-8d8eaec8-cd811126-ca3f5909.mp3]",toilet,"where is the toilet, please?",,,[sound:gtts-wort-0e84cc97-e45811de-ec412b6c-4d09e52b-03683803.mp3],NOUN
84887000989,sympathisch,Der neue Chef ist sehr sympathisch. [sound:gtts-s1-e7b608e3-f184fe2e-34b11749-17321ecd-b23eea42.mp3],likeable / friendly,The new boss is very sympathetic.,,,[sound:gtts-wort-0e78bbab-e2e1509d-f9ebe393-117c7dae-d5fc4689.mp3],ADJ
84887000990,toll,Der Urlaub war toll. [sound:gtts-s1-61870c08-ac639a33-5454f028-9f180bf8-cab577c0.mp3],great,The holiday was great.,,,[sound:gtts-wort-f2832ea7-60fe59cb-dda51562-c7379ddd-3a71db50.mp3],ADJ
84887000991,"<span style=""color:#F5279F""><b>die</b></span> Tomate, -n",Die Tomate ist noch grün. [sound:gtts-s1-7c9a0cfd-168519f7-24e13a88-dcb70d0d-ed75baca.mp3],tomato,The tomato is still green.,,,[sound:gtts-wort-ba3f3bba-6028bbda-212d485e-c90f40bf-195579f8.mp3],NOUN
84887000992,"<span style=""color:#279FF5""><b>der</b></span> Topf, ""-e",Hast du keinen größeren Topf? Ich möchte Kartoffeln kochen. [sound:gtts-s1-adec212c-e0796654-862469aa-1ff704ac-fc257c7c.mp3],pot,Do not you have a bigger pot? I want to cook potatoes.,,,[sound:gtts-wort-01c401f4-bb00bd4e-4e3ff235-85adb4d5-e2384362.mp3],NOUN
84887000993,"<span style=""color:#9FF527""><b>das</b></span> Tablet, -s","Hast du ein Tablet? - Nein, ich habe einen Laptop und ein Handy. [sound:gtts-s1-6e3a7336-a4039b61-1056aa3a-99311912-ed4b55af.mp3]",tablet,"Do you have a tablet? - No, I have a laptop and a cell phone.",,,[sound:gtts-wort-81d35fe0-48d8a6d0-57e22b9e-d6cecaa2-fbd353f6.mp3],NOUN
84887000994,"<span style=""color:#F5279F""><b>die</b></span> Tablette, -n",Du sollst am Abend zwei Tabletten nehmen. [sound:gtts-s1-e8c513f1-cac15d14-6319a33f-f8fd454a-2fff8f10.mp3],pill / tablet,You should take two tablets in the evening.,,,[sound:gtts-wort-d6bf48c9-54996c7e-2f4c8708-5aeb0819-08e1ea08.mp3],NOUN
84887000995,"<span style=""color:#F5279F""><b>die</b></span> Torte, -n",Zum Geburtstag backe ich dir eine Torte. [sound:gtts-s1-45002b92-07bb7e99-d09fda1e-28868f5d-e2304063.mp3],cake,For the birthday I'll bake you a cake.,,,[sound:gtts-wort-ef6f57cd-0efeb9bd-63e40689-75ac8bd4-e5d10868.mp3],NOUN
84887000996,tot,Meine Großeltern sind schon lange tot. [sound:gtts-s1-d1642ffa-c879c359-9ec8e0c1-7131b194-4740e892.mp3],dead,My grandparents have long been dead.,,,[sound:gtts-wort-8817df00-b43fd3fa-7ab98c20-4841c428-ae77136a.mp3],ADJ
84887000997,"<span style=""color:#F5279F""><b>die</b></span> Tafel, -n","Der Lehrer schreibt das neue Wort an die Tafel.<br><hr class=""sent-sep""><br>Am Eingang gibt es Tafeln mit Informationen.<br><hr class=""sent-sep""><br>Die Infotafel ist am Eingang. [sound:gtts-s1-d21e49af-4f44cc2c-461713fa-c6675214-13863577.mp3]",whiteboard,"The teacher writes the new word to the board.<br><hr class=""sent-sep""><br>At the entrance there are tables with information.<br><hr class=""sent-sep""><br>The Infotafel is at the entrance.",,,[sound:gtts-wort-7f51eff8-77db6b58-be0afad1-6e58e633-4c21b12a.mp3],NOUN
84887000998,total,Der Film ist total langweilig. [sound:gtts-s1-d15471a8-95b854a7-03c21d06-39703661-54fb57e0.mp3],total,The film is totally boring.,,,[sound:gtts-wort-31db49f3-bccf44b9-904451ad-b2964d97-dbef7ec0.mp3],ADJ
84887000999,"<span style=""color:#F5279F""><b>die</b></span> Tour, -en","Wo kann ich eine Stadttour buchen?<br><hr class=""sent-sep""><br>Wir gehen am Wochenende wandern. Ich kenne eine schöne Tour in den Bergen. [sound:gtts-s1-7b4e3f14-c0ed8f30-4e0f8254-5ce24c06-036f8e9c.mp3]",trip,"Where can I book a city tour?<br><hr class=""sent-sep""><br>We go hiking at the weekend. I know a nice tour in the mountains.",,,[sound:gtts-wort-9eb1be4f-7a2735c1-25f691fb-d4250106-87aa5fdb.mp3],NOUN
84887001000,"<b>tanzen</b>, <span style=""color:#0DA6FF"">tanzte</span>, hat <span style=""color:#FFFB3D"">getanzt</span>",Tanzen Sie gern? [sound:gtts-s1-25faf69f-339c5841-9e52fbe4-eab4755c-b69b06c7.mp3],to dance,Do you like to dance?,,,[sound:gtts-wort-a292d173-9ceabeae-488d3ea0-9ce437a8-4cfc3300.mp3],VERB
84887001001,"<span style=""color:#F5279F""><b>die</b></span> Tasche, -n","Ich habe die Schlüssel in der Tasche.<br><hr class=""sent-sep""><br>Ich habe nicht viel Gepäck. Nur eine Tasche. [sound:gtts-s1-91a26ab0-c2cd034f-6f44e29d-14659614-d46a01d8.mp3]",bag,"I have the keys in my pocket.<br><hr class=""sent-sep""><br>I do not have much luggage. Only one bag.",,,[sound:gtts-wort-997276ac-0251a734-f7ab7fee-948d4121-db2f8866.mp3],NOUN
84887001002,"<span style=""color:#279FF5""><b>der</b></span> Tourist, -en",Im Sommer kommen viele Touristen in diese Stadt. [sound:gtts-s1-5f5c527d-154c7f8a-f4968d55-f7eb3d5d-ffffc8f2.mp3],male tourist,In the summer many tourists come to this city.,,,[sound:gtts-wort-f38593c0-8bbe25fb-d37a586e-4ebd54b4-1f44d7c9.mp3],NOUN
84887001003,"<span style=""color:#F5279F""><b>die</b></span> Touristin, -nen",Die Touristin trägt ein schönes Kleid. [sound:gtts-s1-bd9e36f8-e9329503-d2082903-04aae40b-a7424eb5.mp3],female tourist,The tourist is wearing a beautiful dress.,,,[sound:gtts-wort-bd2679d7-f05f5dd6-1590b265-a51a7bab-4c27ca2e.mp3],NOUN
84887001004,"<b>tragen</b>, <span style=""color:#0DA6FF"">trug</span>, hat <span style=""color:#FFFB3D"">getragen</span>","Ich kann den Koffer nicht tragen, er ist zu schwer.<br><hr class=""sent-sep""><br>Er trägt heute einen blauen Anzug. [sound:gtts-s1-d9014f69-4163de57-67db0cc2-0e2fb98e-de692111.mp3]",to carry,"I can not carry the suitcase, it is too heavy.<br><hr class=""sent-sep""><br>He is wearing a blue suit today.",,,[sound:gtts-wort-56556786-ff8f19b0-620bb226-5ac9c353-e4f7d08f.mp3],VERB
84887001005,"<span style=""color:#9FF527""><b>das</b></span> Taschengeld, (Sg.)",Wie viel Taschengeld bekommen deine Kinder? [sound:gtts-s1-5469db26-2e3cf3d9-a03b85a6-37e9463e-8a309e06.mp3],pocket money,How much money will your children get?,,,[sound:gtts-wort-f8115d0b-6b38050d-7133ac06-3f764f1e-7059ea55.mp3],NOUN
84887001006,"<b>trainieren</b>, <span style=""color:#0DA6FF"">trainierte</span>, hat <span style=""color:#FFFB3D"">trainiert</span>",Wir trainieren einmal pro Woche im Sportverein. [sound:gtts-s1-e852573a-a9564f31-78f628ae-c609a803-47c62eb5.mp3],work out,We train once a week in the sports club.,,,[sound:gtts-wort-c39c4d66-0e4595a5-aafc5a1c-f6d5f922-fe73f93e.mp3],VERB
84887001007,"<span style=""color:#F5279F""><b>die</b></span> Tasse, -n",Möchten Sie eine Tasse Kaffee? [sound:gtts-s1-5f41e0fc-352667d6-9997eafb-486228cf-f3beffb7.mp3],cup,Would you like a cup of coffee?,,,[sound:gtts-wort-76cd5871-010629f4-7679c20c-fb05c140-29ddf663.mp3],NOUN
84887001008,"<b>austauschen</b>, <span style=""color:#0DA6FF"">tauschte aus</span>, hat <span style=""color:#FFFB3D"">ausgetauscht</span>",Können wir unsere Adressen austauschen? [sound:gtts-s1-b166425a-2148de28-60c8c1ff-4b06812f-89f67c3c.mp3],change / exchange,Can we exchange our addresses?,,,[sound:gtts-wort-54aa78d3-6f008c42-dc907a44-0ecc6666-02dd8732.mp3],VERB
84887001009,"<b>tauschen</b>, <span style=""color:#0DA6FF"">tauschte</span>, hat <span style=""color:#FFFB3D"">getauscht</span>",Können wir bitte die Plätze tauschen? [sound:gtts-s1-57145f79-98f296e0-a317c0f4-be2c3305-70bbdfe0.mp3],to exchange,Can we change seats?,,,[sound:gtts-wort-25e03ca4-da8aafa1-225e1d75-e37a3dbf-aa4faaca.mp3],VERB
84887001010,"<span style=""color:#9FF527""><b>das</b></span> Taxi, -s",Bitte rufen Sie mir ein Taxi. [sound:gtts-s1-4118acbe-9a18cb9d-99814486-adf7c48d-8bd74488.mp3],taxi,Please call me a taxi.,,,[sound:gtts-wort-b8b32269-7b8cea0a-795eccd5-817a8f56-9f2e9362.mp3],NOUN
84887001011,"<span style=""color:#9FF527""><b>das</b></span> Training, -s","Das Training ist immer dienstags.<br><hr class=""sent-sep""><br>Ich gehe jede Woche zum Training. [sound:gtts-s1-41ef4d1b-0f3d2eed-0bb5b24f-6d292665-46fe3cc7.mp3]",training,"The training is always on Tuesdays.<br><hr class=""sent-sep""><br>I go to workout every week.",,,[sound:gtts-wort-fc8a676a-c21bc50b-cfdf5ed8-2b5ded64-34368fbd.mp3],NOUN
84887001012,"<span style=""color:#279FF5""><b>der</b></span> Traum, ""-e","Ich möchte eine eigene Firma, das ist mein Traum. [sound:gtts-s1-b4e8c9cf-c6738603-0c1470fa-7e50bcf9-c31799b0.mp3]",dream,"I want my own company, that is my dream.",,,[sound:gtts-wort-946a0da3-81fa4a9e-205e3447-1eca211a-2f4d52dc.mp3],NOUN
84887001013,"<b>träumen</b>, <span style=""color:#0DA6FF"">träumte</span>, hat <span style=""color:#FFFB3D"">geträumt</span>","Ich habe schlecht geträumt.<br><hr class=""sent-sep""><br>Ich träume von einem großen Haus mit Garten. [sound:gtts-s1-89f6f37f-b2e051f7-1ba0ecb3-6e413d28-d75244e7.mp3]",to dream,"I had a bad dream.<br><hr class=""sent-sep""><br>I dream of a big house with garden.",,,[sound:gtts-wort-c2a03bc6-3e075f05-9e3b33bf-9cbf56ec-b6ac436d.mp3],VERB
84887001014,"<span style=""color:#9FF527""><b>das</b></span> Team, -s","Ich arbeite gern in einem Team.<br><hr class=""sent-sep""><br>Welches Fußballteam findest du am besten? [sound:gtts-s1-93d9b233-eeea5601-7a35bedd-ea8892a5-999f023d.mp3]",team,"I like working in a team.<br><hr class=""sent-sep""><br>Which football team do you like best?",,,[sound:gtts-wort-c0eb8c69-e2ca6a7f-14a42d3b-6bc81a71-93c91097.mp3],NOUN
84887001015,"<span style=""color:#279FF5""><b>der</b></span> Tee, -s",Ich trinke morgens immer Tee. [sound:gtts-s1-12a5463f-20fed0dd-d4e0fcb1-34a64c81-a6cf71e2.mp3],tea,I always drink tea in the morning.,,,[sound:gtts-wort-b1531860-a59b5f58-facc24fe-a7280f15-2bc3cb2c.mp3],NOUN
84887001016,traurig,Ich bin sehr traurig. Meine Katze ist weggelaufen. [sound:gtts-s1-5a118ed8-7eaf7eda-61b2fb5b-644c8366-a771c5ea.mp3],sad,I am very sad. My cat has run away.,,,[sound:gtts-wort-82b24f1e-449a1900-18b7fa8b-e6a3b449-4917c751.mp3],ADJ
84887001017,"<b>teilen</b>, <span style=""color:#0DA6FF"">teilte</span>, hat <span style=""color:#FFFB3D"">geteilt</span>","Wollen wir die Pizza teilen?<br><hr class=""sent-sep""><br>Mein Mann und ich teilen uns die Arbeit. [sound:gtts-s1-34f8b6e5-33f4454f-6e2eb57d-61f4e043-b9d40f8a.mp3]",to divide,"Shall we share the pizza?<br><hr class=""sent-sep""><br>My husband and I share the work.",,,[sound:gtts-wort-3b1e2d50-b8010318-e5af679b-a91fa562-53d4790e.mp3],VERB
84887001018,"<b>sich treffen</b>, <span style=""color:#0DA6FF"">traf</span>, hat <span style=""color:#FFFB3D"">getroffen</span>","Ich treffe in der Stadt einen Kollegen.<br><hr class=""sent-sep""><br>Wir treffen uns immer freitags. [sound:gtts-s1-cfe66ae1-2dd6eafd-c110c15b-08b9b730-860049d2.mp3]",to meet,"I meet a colleague in the city.<br><hr class=""sent-sep""><br>We always meet on Fridays.",,,[sound:gtts-wort-da6249a3-1f97a1e4-f36c7354-c0086a70-7851e12d.mp3],VERB
84887001019,unbedingt,Ich muss unbedingt mit dir sprechen. [sound:gtts-s1-ca22e6d3-be3549e0-c09484d3-89e4eb7f-0dac9996.mp3],absolutely,I need to talk to you.,,,[sound:gtts-wort-cae2bdf6-24f96948-d0fc3c5a-bf1af2e6-bb6794de.mp3],ADV
84887001020,und,"Ich habe heute und morgen frei.<br><hr class=""sent-sep""><br>Ich kaufe ein und mein Mann kocht. [sound:gtts-s1-52484fad-bd41be15-eb839d31-fbfaf1d9-45938737.mp3]",and,"I am free today and tomorrow.<br><hr class=""sent-sep""><br>I buy one and my husband is cooking.",,,[sound:gtts-wort-907490c0-bae180fe-e09f7333-4c99bd76-280883a7.mp3],CONJ
84887001021,"<span style=""color:#F5279F""><b>die</b></span> Treppe, -n","Ich nehme die Treppe, nicht den Aufzug.<br><hr class=""sent-sep""><br>Wo ist die Toilette? - Die Treppe hoch und dann links. [sound:gtts-s1-a624c9e4-1051e2de-f20cc68d-b39c7f8b-663a96bb.mp3]",stairway,"I take the stairs, not the elevator.<br><hr class=""sent-sep""><br>Where is the toilet? - The stairs high and then left.",,,[sound:gtts-wort-cd389297-0ca2be6f-729bf27a-558bf54f-0aa041d2.mp3],NOUN
84887001022,"<span style=""color:#279FF5""><b>der</b></span> Unfall, ""-e","Ich hatte gestern einen Unfall.<br><hr class=""sent-sep""><br>Wie ist der Unfall passiert? [sound:gtts-s1-76140d51-3154894d-036712b4-b120fc75-9e541747.mp3]",accident,"I had an accident yesterday.<br><hr class=""sent-sep""><br>How did the accident happen?",,,[sound:gtts-wort-833a0e72-a898cce5-bd7ffd3e-fa24c3d9-5a02ea12.mp3],NOUN
84887001023,"<b>trinken</b>, <span style=""color:#0DA6FF"">trank</span>, hat <span style=""color:#FFFB3D"">getrunken</span>",Möchtest du etwas trinken? [sound:gtts-s1-bc7ae47d-d6af7908-92352333-2ad14999-5aceb3d1.mp3],to drink,Do you want something to drink?,,,[sound:gtts-wort-9ae42526-e68fda08-5cb7db28-3e7f4e48-cd6aaf80.mp3],VERB
84887001024,trocken,Die Wäsche ist bald trocken. [sound:gtts-s1-1f62f46f-a8f0f6e3-e702d7c3-cb357155-060c9f22.mp3],dry,The laundry is soon dry.,,,[sound:gtts-wort-bd2d3a20-72a4f9f3-3224364e-6f7eca7c-6db78e33.mp3],ADJ
84887001025,"<span style=""color:#F5279F""><b>die</b></span> Universität, -en",Er studiert an der Universität Freiburg. [sound:gtts-s1-a4173c86-db7ae70f-cd36a80b-46ce9c61-c8318e7d.mp3],university,He studied at the University of Freiburg.,,,[sound:gtts-wort-b99c04a9-49e74cb7-2266671e-eb14e059-0bbe09bc.mp3],NOUN
84887001026,unten,Er wohnt ganz unten im Haus. [sound:gtts-s1-08323245-0954a7fb-9d14fc32-f3ca5c0f-8086d242.mp3],at the bottom / downstairs / below,He lives at the bottom of the house.,,,[sound:gtts-wort-f0a81ec4-c2ebfa14-2f5a2db3-99019599-e1726277.mp3],ADV
84887001027,unter,Unter uns wohnt eine Familie mit drei Kindern. [sound:gtts-s1-d5bed0db-faf50268-0aa18d3c-c1121694-f3f9afbf.mp3],under,There is a family with three children.,,,[sound:gtts-wort-fb83365f-d95f5ab0-db9feb6e-48d0298f-f6c256f0.mp3],ADV
84887001028,tschüs,"Tschüs, bis morgen! [sound:gtts-s1-d9cc4b7d-043e84af-97c2b65c-7fb06a16-fcd7d7e2.mp3]",Bye-bye! / Cheers!,See you tomorrow!,,,[sound:gtts-wort-85c48977-601d5d4b-f30ee375-be0925d2-4e4d5d70.mp3],PHRASE
84887001029,"<span style=""color:#9FF527""><b>das</b></span> T-Shirt, -s",Haben Sie dieses T-Shirt auch in M? [sound:gtts-s1-5ccc00f4-3d3dea4e-6ba8fb2e-417fc9f2-c0a1a4b6.mp3],T-Shirt,Do you have this shirt in M?,,,[sound:gtts-wort-15fb86ba-95364661-efa8865e-c2f92fd9-9af37c3f.mp3],NOUN
84887001030,"<b>sich unterhalten</b>, <span style=""color:#0DA6FF"">unterhielt</span>, hat <span style=""color:#FFFB3D"">unterhalten</span>","Andreas und Nessrin unterhalten sich.<br><hr class=""sent-sep""><br>Wir haben uns über das Fußballspiel unterhalten. [sound:gtts-s1-8450db6c-284e3d33-1b4bd981-b791be98-641e6cb5.mp3]",to talk,"Andreas and Nessrin are talking.<br><hr class=""sent-sep""><br>We talked about the football game.",,,[sound:gtts-wort-f4c61dfe-cb650631-b7655abe-7385e3bf-3b6b7a64.mp3],VERB
84887001031,"<b>tun</b>, <span style=""color:#0DA6FF"">tat</span>, hat <span style=""color:#FFFB3D"">getan</span>","Mein Rücken tut weh.<br><hr class=""sent-sep""><br>Es tut mir leid, ich kann leider nicht kommen.<br><hr class=""sent-sep""><br>Was kann ich für Sie tun? [sound:gtts-s1-125a4336-1b17681d-9b202c64-7a853251-963637c0.mp3]",to do,"My back hurts.<br><hr class=""sent-sep""><br>I'm sorry, I can not come.<br><hr class=""sent-sep""><br>What can I do for you?",,,[sound:gtts-wort-9d8b2695-b306406a-effa0d3f-f4fb401d-4d572976.mp3],VERB
84887001032,"<span style=""color:#F5279F""><b>die</b></span> Tür, -en",Mach bitte die Tür zu! [sound:gtts-s1-359bc33a-99864e3b-da768936-26b6e807-b57ad440.mp3],door,Please close the door!,,,[sound:gtts-wort-518bbfa4-ff60e11d-6bd62b57-33d77869-7d1eeeaa.mp3],NOUN
84887001033,"<span style=""color:#F5279F""><b>die</b></span> Unterkunft, ""-e",Ich suche noch eine Unterkunft in Basel. Kennst du ein günstiges Hotel? [sound:gtts-s1-bf21a1cb-fc1e8c20-f6544904-a679bd8b-167ed3cd.mp3],accommodation,I'm looking for a place to stay in Basel. Do you know a cheap hotel?,,,[sound:gtts-wort-06706a91-50b043ad-67f13fd9-fc90ea1d-58d5e717.mp3],NOUN
84887001034,"<b>unternehmen</b>, <span style=""color:#0DA6FF"">unternahm</span>, hat <span style=""color:#FFFB3D"">unternommen</span>",Wollen wir heute Abend etwas unternehmen? [sound:gtts-s1-653ebab9-b3924bb7-c52f0563-a74b7935-40d3a37a.mp3],to undertake sth. / to venture,Do we want to do something tonight?,,,[sound:gtts-wort-7dff0e28-69e88398-37667086-4a18827b-000612f1.mp3],VERB
84887001035,typisch,"Diese Musik ist typisch für dieses Land.<br><hr class=""sent-sep""><br>Typisch Anna, sie kommt natürlich wieder zu spät. [sound:gtts-s1-4e97498d-ae08167a-f199918a-7243c8dd-2179cd87.mp3]",typical,"This music is typical of this country.<br><hr class=""sent-sep""><br>Typically Anna, of course, she comes back too late.",,,[sound:gtts-wort-34e7c759-cf5f8fd1-05e43eb4-60478090-c3932d48.mp3],ADJ
84887001036,"<span style=""color:#279FF5""><b>der</b></span> Unterricht, (Sg.)",Der Unterricht dauert bis 19 Uhr. [sound:gtts-s1-2eff8d7c-add6f2a4-bd88db86-cabf7e49-7102e303.mp3],class,The lesson lasts until 7 pm.,,,[sound:gtts-wort-1423536a-9b7a5f97-75a4f733-d26c271d-8843f63b.mp3],NOUN
84887001037,"<b>üben</b>, <span style=""color:#0DA6FF"">übte</span>, hat <span style=""color:#FFFB3D"">geübt</span>",Ich lerne gerade Gitarre spielen. Ich übe jeden Tag zwei Stunden. [sound:gtts-s1-02d0497d-363c9b0c-336723f0-c8e1150d-da97b761.mp3],to practice,I'm just learning to play guitar. I practice two hours every day.,,,[sound:gtts-wort-f80d3cdb-25f2f706-d82a32ab-afad0e8e-2c6e0c82.mp3],VERB
84887001038,"<span style=""color:#279FF5""><b>der</b></span> Unterschied, -e",Was ist der Unterschied zwischen den beiden Kursen? - Die Kurse sind gleich. Es gibt keinen Unterschied. [sound:gtts-s1-9302e05c-9b34c4e9-ffe09110-f9ff32ea-a5a93fe7.mp3],difference,What is the difference between the two courses? - The courses are the same. There is no difference.,,,[sound:gtts-wort-8014d6e1-3da8695b-12c39989-3dc7aa9b-b4b29780.mp3],NOUN
84887001039,"<b>unterschreiben</b>, <span style=""color:#0DA6FF"">unterschrieb</span>, hat <span style=""color:#FFFB3D"">unterschrieben</span>",Wo muss ich unterschreiben? [sound:gtts-s1-9206a370-d7aadcb7-7fa0ad08-b84f3218-7675e806.mp3],to sign,Where do I have to sign?,,,[sound:gtts-wort-158e3fac-33ffe324-9e4f14d9-5a06c6cd-9e01ad79.mp3],VERB
84887001040,über,"Gehen Sie lieber hier über die Straße.<br><hr class=""sent-sep""><br>Über uns wohnt Familie Schneider.<br><hr class=""sent-sep""><br>Sind Sie über 18? [sound:gtts-s1-1adc827c-c103192d-15a0e292-aaf9d7ad-f6aaa7da.mp3]",above / about,"You should go over the street.<br><hr class=""sent-sep""><br>About us lives family Schneider.<br><hr class=""sent-sep""><br>Are you over 18?",,,[sound:gtts-wort-685363c9-8cc2c1cb-01451058-4441d448-0c8bf4d9.mp3],ADV
84887001041,überall,"Ich habe überall gesucht, aber ich kann meine Brille nicht finden. [sound:gtts-s1-4dfdf2d9-fc9664fa-744ebe6a-88144a05-00c5942b.mp3]",all over,"I've searched everywhere, but I can not find my glasses.",,,[sound:gtts-wort-52fb7a72-381ddc5e-6b3765d6-fc3e46ed-99ffa470.mp3],ADV
84887001042,übermorgen,Morgen habe ich frei. Ich komme übermorgen wieder ins Büro. [sound:gtts-s1-60266f3b-88b53c2d-31a8c623-7da1feae-1f2ce1fe.mp3],day after tomorrow,Tomorrow I'm off. I'll be back in the office.,,,[sound:gtts-wort-9aa2e0a5-ae71ee5d-c81a6e42-829330a9-a2a25c53.mp3],ADV
84887001043,"<span style=""color:#F5279F""><b>die</b></span> Unterschrift, -en",Hier fehlt noch Ihre Unterschrift. [sound:gtts-s1-739fd01a-ca1ebf98-2bc8863f-fa48e695-25fbf142.mp3],signature,Your signature is still missing here.,,,[sound:gtts-wort-d936bc20-bc6886c1-79d7d9a9-185cdce5-21bf1534.mp3],NOUN
84887001044,"<b>untersuchen</b>, <span style=""color:#0DA6FF"">untersuchte</span>, hat <span style=""color:#FFFB3D"">untersucht</span>","Der Arzt hat mich untersucht.<br><hr class=""sent-sep""><br>Der Arzt muss dein Bein untersuchen. [sound:gtts-s1-c3892c5e-943ad7ae-e97aa4ac-a9d61a28-0803bb64.mp3]",to investigate,"The doctor has examined me.<br><hr class=""sent-sep""><br>The doctor must examine your leg.",,,[sound:gtts-wort-eb068343-eb6b0eed-902461d2-2fff5dce-9eb2861a.mp3],VERB
84887001045,"<b>unterwegs sein</b>, <span style=""color:#0DA6FF"">war unterwegs</span>, <span style=""color:#FF1D23"">ist</span> <span style=""color:#FFFB3D"">unterwegs gewesen</span>",Warte bitte auf mich. Ich bin unterwegs und komme gleich. [sound:gtts-s1-619749ef-d941ae40-62fd2d22-5474963a-0a75a275.mp3],to be on the move / to be out,Please wait for me. I'm on the road and I'll be right there.,,,[sound:gtts-wort-acdf2416-d725e780-81308201-8fc97bf3-73a824fe.mp3],VERB
84887001046,"<b>übernachten</b>, <span style=""color:#0DA6FF"">übernachtete</span>, hat <span style=""color:#FFFB3D"">übernachtet</span>",Du kannst bei mir übernachten. [sound:gtts-s1-9933590f-ffc07011-0398f995-86b795a9-7190ce97.mp3],to stay (over night),You can stay with me.,,,[sound:gtts-wort-70d4bf48-7fcd3c64-b663f86b-b20f330c-e462eb9d.mp3],VERB
84887001047,"<b>übersetzen</b>, <span style=""color:#0DA6FF"">übersetzte</span>, hat <span style=""color:#FFFB3D"">übersetzt</span>",Können Sie mir den Brief bitte übersetzen? [sound:gtts-s1-774f6bcf-cd1953b2-283d108a-94eada64-7235248e.mp3],to translate,Can you please translate the letter to me?,,,[sound:gtts-wort-9da1c212-bb900234-5f61c179-2eb7a0a6-3c3f63a5.mp3],VERB
84887001048,"<span style=""color:#279FF5""><b>der</b></span> Urlaub, -e",Ich nehme im September Urlaub. [sound:gtts-s1-ae918f9c-9aa349dd-4d3c5895-25165db3-aab973be.mp3],vacation,I'll take a holiday in September.,,,[sound:gtts-wort-eda65837-4ed01fb0-d113fc7a-0b955a08-0484c5a9.mp3],NOUN
84887001049,"<span style=""color:#F5279F""><b>die</b></span> Übersetzung, -en",Ich brauche eine Übersetzung von meinem Zeugnis. [sound:gtts-s1-28b60c4f-08018f02-6a5dfa47-54f121ab-77f10679.mp3],translation,I need a translation of my testimony.,,,[sound:gtts-wort-00e2148c-a84f544f-de596b17-674d8048-2d7a43b9.mp3],NOUN
84887001050,"<b>verabredet sein</b>, <span style=""color:#0DA6FF"">war verabredet</span>, <span style=""color:#FF1D23"">ist</span> <span style=""color:#FFFB3D"">verabredet gewesen</span>",Ich bin mit meiner Freundin verabredet. [sound:gtts-s1-b774d22c-d43c33af-36b3d129-98e7009c-358ab694.mp3],to have an appointment,I've arranged with my girlfriend.,,,[sound:gtts-wort-84e92b6c-23655d19-12ba7a20-fec5da8e-2fb6cf02.mp3],VERB
84887001051,"<b>überweisen</b>, <span style=""color:#0DA6FF"">überwies</span>, hat <span style=""color:#FFFB3D"">überwiesen</span>","Sie können das Geld auch überweisen.<br><hr class=""sent-sep""><br>Ich überweise dir das Geld. [sound:gtts-s1-fbdb2b2e-a0e4807c-1f0e6f2b-5bf9223e-127918a8.mp3]",to transfer,"You can also transfer the money.<br><hr class=""sent-sep""><br>I'll give you the money.",,,[sound:gtts-wort-9bc9e536-0cf3cc42-9571bab8-1ab1b23c-556b4946.mp3],VERB
84887001052,"<span style=""color:#F5279F""><b>die</b></span> Uhr, -en","Es ist vier Uhr.<br><hr class=""sent-sep""><br>Geht deine Uhr richtig?<br><hr class=""sent-sep""><br>Er kommt um sieben Uhr. [sound:gtts-s1-8b8e0618-a345995f-35dbd157-ac0f0799-a480a65b.mp3]",Clock,"It's four o'clock.<br><hr class=""sent-sep""><br>Is your watch right?<br><hr class=""sent-sep""><br>He comes at seven o'clock.",,,[sound:gtts-wort-27b97763-9b1f2018-c4286452-6e946001-f178847f.mp3],NOUN
84887001053,um,Die Apotheke ist gleich um die Ecke. [sound:gtts-s1-01ac32cf-ae8860ac-e4d3da63-32964827-a2449dba.mp3],around,The pharmacy is just around the corner.,,,[sound:gtts-wort-3b71f30c-70ce5285-577202de-3bf33029-5fd944ea.mp3],ADV
84887001054,"<span style=""color:#F5279F""><b>die</b></span> Veranstaltung, -en",Am Samstag ist unser Restaurant geschlossen. Wir haben eine Veranstaltung. [sound:gtts-s1-341e5dc4-9bebe3ad-2988446a-7bfb4773-bde2e2b5.mp3],event,On Saturday our restaurant is closed. We have an event.,,,[sound:gtts-wort-0534d1ba-f88da1f3-5cb6d887-1f1f51ac-c016e3fa.mp3],NOUN
84887001055,"<b>umsteigen</b>, <span style=""color:#0DA6FF"">stieg um</span>, <span style=""color:#FF1D23"">ist</span> <span style=""color:#FFFB3D"">umgestiegen</span>",Sie müssen in Mannheim umsteigen. [sound:gtts-s1-7e33c93e-49cce32e-d6384067-749cd6af-4e966bbc.mp3],to transfer / to change (transport),You must change trains in Mannheim.,,,[sound:gtts-wort-4ee6443b-2eecbd4f-6df1c94b-242484d3-fbc2021a.mp3],VERB
84887001056,"<b>umziehen</b>, <span style=""color:#0DA6FF"">zog um</span>, <span style=""color:#FF1D23"">ist</span> <span style=""color:#FFFB3D"">umgezogen</span>",Nächsten Monat ziehen wir um. [sound:gtts-s1-75281277-64ac1aca-cdf3dc81-4850ea10-032687b3.mp3],to move,Next month we move.,,,[sound:gtts-wort-0e79573c-627ff49d-d2db616d-fdef74da-b86c1033.mp3],VERB
84887001057,"<b>sich umziehen</b>, <span style=""color:#0DA6FF"">zog um</span>, hat <span style=""color:#FFFB3D"">sich umgezogen</span>","Warte bitte, ich muss mich noch umziehen. [sound:gtts-s1-2921dee2-e4675a3e-ae32e067-245c14dd-2fa1e499.mp3]",to get changed,"Please wait, I still have to move.",,,[sound:gtts-wort-a7b735b6-24958208-ca2b1c68-844be0a6-153e056b.mp3],VERB
84887001058,"<span style=""color:#27C93F""><b>verboten</b></span> <b>sein</b>, <span style=""color:#0DA6FF"">war</span> <span style=""color:#27C93F"">verboten</span>, <span style=""color:#FF1D23"">ist</span> <span style=""color:#27C93F"">verboten</span> <span style=""color:#FFFB3D"">gewesen</span>",Hier ist Rauchen verboten. [sound:gtts-s1-8b8c7044-a7945afb-857e3cdb-00f81ba6-0c44b07a.mp3],to be forbidden / to be prohibited,Smoking is prohibited.,,,[sound:gtts-wort-bfd00b17-dc6e4af6-0486b5ef-11451f72-1d501d96.mp3],VERB
84887001059,"<b>verbieten</b>, <span style=""color:#0DA6FF"">verbot</span>, hat <span style=""color:#FFFB3D"">verboten</span>","Ich verbiete dir zu rauchen. - Das ist mir egal, du bist nicht meine Mutter. [sound:gtts-s1-79a4157a-3616d383-ba56126e-7a868145-3feaee31.mp3]",to forbid sth. / to prohibit / to ban sth.,"I forbid you to smoke. - I do not care, you're not my mother.",,,[sound:gtts-wort-4ce6b63d-f0875935-020e6fdf-4e158ca5-dbd9f28f.mp3],VERB
84887001060,"<b>verdienen</b>, <span style=""color:#0DA6FF"">verdiente</span>, hat <span style=""color:#FFFB3D"">verdient</span>",Ich verdiene 1.500 Euro im Monat. [sound:gtts-s1-365624e3-bec2b04f-df96bb98-b51dfcdd-81c4c5f3.mp3],to earn,"I earn 1,500 euros a month.",,,[sound:gtts-wort-88533677-334864d7-d6b20d2d-0be16bf7-9e347f60.mp3],VERB
84887001061,"<span style=""color:#279FF5""><b>der</b></span> Verein, -e","Er ist seit vielen Jahren im Verein.<br><hr class=""sent-sep""><br>Es gibt einen neuen Sportverein in der Stadt. [sound:gtts-s1-df3a9398-2a1ee207-a9482c25-8b3c224a-ff703b82.mp3]",union / club,"He has been in the club for many years.<br><hr class=""sent-sep""><br>There is a new sports club in the city.",,,[sound:gtts-wort-ea6c30a9-94060033-d81c9a7d-33992ed7-d1cf68fd.mp3],NOUN
84887001062,"<b>vereinbaren</b>, <span style=""color:#0DA6FF"">vereinbarte</span>, hat <span style=""color:#FFFB3D"">vereinbart</span>",Können wir einen Termin vereinbaren? [sound:gtts-s1-2bb62a0b-213fe2f9-d8db0cdd-8b4d6459-d1430775.mp3],to agree sth. / to reach an agreement,Can we make an appointment?,,,[sound:gtts-wort-b308d271-f761276b-dc3b64a1-e3d05895-194b50e4.mp3],VERB
84887001063,"<b>vergessen</b>, <span style=""color:#0DA6FF"">vergaß</span>, hat <span style=""color:#FFFB3D"">vergessen</span>","Ich habe meine Hausaufgaben vergessen.<br><hr class=""sent-sep""><br>Vergiss deinen Arzttermin nicht! [sound:gtts-s1-71262f62-834aea32-7d476265-baad397a-fe5608db.mp3]",to forget,"I forgot my homework.<br><hr class=""sent-sep""><br>Do not forget your doctor's appointment!",,,[sound:gtts-wort-a0787b2f-c32af4f5-8f349961-e8586c37-fdbfec48.mp3],VERB
84887001064,"<span style=""color:#279FF5""><b>der</b></span> Umzug, ""-e",Der Umzug ist nächste Woche. [sound:gtts-s1-a67a2202-43e4523c-9c88a37b-b1d21ac4-d7d7c66b.mp3],move,The move is next week.,,,[sound:gtts-wort-b7efd376-8986c5d7-52729735-f31a86a6-e13da060.mp3],NOUN
84887001065,"<b>vergleichen</b>, <span style=""color:#0DA6FF"">verglich</span>, hat <span style=""color:#FFFB3D"">verglichen</span>","Vergleichen Sie die Angebote!<br><hr class=""sent-sep""><br>Können wir die Antworten vergleichen? [sound:gtts-s1-9f71dd87-0e99510a-d3f7d4cf-d2b428a1-79593bd4.mp3]",to compare,"Compare the offers!<br><hr class=""sent-sep""><br>Can we compare the answers?",,,[sound:gtts-wort-f7fb5ce8-f6bd988b-a444b9f6-2936c061-f9211bc4.mp3],VERB
84887001066,"<b>verkaufen</b>, <span style=""color:#0DA6FF"">verkaufte</span>, hat <span style=""color:#FFFB3D"">verkauft</span>",Er verkauft sein altes Auto. [sound:gtts-s1-a481db9e-598fe7e6-d6655327-e084d640-8fe7b0b8.mp3],to sell,He sells his old car.,,,[sound:gtts-wort-5fcd8034-3e6c38f2-8a1d0ed5-9d7d8638-1810cb00.mp3],VERB
84887001067,"<span style=""color:#279FF5""><b>der</b></span> Volleyball, ""-e",Ich spiele gern Volleyball. [sound:gtts-s1-9b842365-cf8762a2-b8e982d4-bf5c4c46-c9e475dc.mp3],volleyball,I like to play volleyball.,,,[sound:gtts-wort-212ca367-03ef6558-d1ec03a0-c7e382b4-76cb29a0.mp3],NOUN
84887001068,von,"Das Auto von Felix ist kaputt.<br><hr class=""sent-sep""><br>Die Brötchen sind leider von gestern.<br><hr class=""sent-sep""><br>Er kommt gerade von Köln.<br><hr class=""sent-sep""><br>Er kommt gerade von zu Hause. [sound:gtts-s1-c488d652-dd381e72-62a6fc91-c9b3a6dd-493d4580.mp3]",from,"The car from Felix is ​​broken.<br><hr class=""sent-sep""><br>The rolls are unfortunately from yesterday.<br><hr class=""sent-sep""><br>He's just coming from Cologne.<br><hr class=""sent-sep""><br>He's just coming home.",,,[sound:gtts-wort-f439dcbb-1b2ea6a6-9dba42d0-7b88350e-3b1f375e.mp3],ADV
84887001069,vor,"Er ist vor einer Stunde gegangen.<br><hr class=""sent-sep""><br>Das Auto steht vor der Tür. [sound:gtts-s1-dbf442bc-656d8765-e7698eb3-df59a3af-310d7beb.mp3]",in front,"He left an hour ago.<br><hr class=""sent-sep""><br>The car is at the door.",,,[sound:gtts-wort-c84278c2-17597aad-e5c2904e-3f304f74-359df273.mp3],ADV
84887001070,vorbei,"Die Linie 8 fährt am Krankenhaus vorbei.<br><hr class=""sent-sep""><br>Kommst du morgen bei mir vorbei? [sound:gtts-s1-d0fd7f48-1f21a930-10165ee3-8f408c75-06f938e1.mp3]",over / past,"Line 8 passes the hospital.<br><hr class=""sent-sep""><br>Will you come by tomorrow?",,,[sound:gtts-wort-7711e698-5234c898-20e556b5-2178b7a5-294ea480.mp3],ADV
84887001071,"<span style=""color:#279FF5""><b>der</b></span> Verkehr, (Sg.)",Morgens gibt es hier immer viel Verkehr. [sound:gtts-s1-dc200937-986fc1ec-7e469cb0-a17edbb2-6045fe98.mp3],traffic,In the morning there is always plenty of traffic.,,,[sound:gtts-wort-ba4e0341-303d5906-0287ae9f-a6c00192-e402fbcc.mp3],NOUN
84887001072,"<span style=""color:#9FF527""><b>das</b></span> Verkehrsmittel, -",Welche Verkehrsmittel benutzen Sie oft? [sound:gtts-s1-4016734f-fcd31814-d29d931f-b0b7e608-f2955659.mp3],means of transport,Which means of transport do you use often?,,,[sound:gtts-wort-13bbb35d-60c0720d-9f8b73f3-c7e01860-ea43082b.mp3],NOUN
84887001073,"<b>vorbereiten</b>, <span style=""color:#0DA6FF"">bereitete vor</span>, hat <span style=""color:#FFFB3D"">vorbereitet</span>","Morgen mache ich eine Party. Ich muss noch viel dafür vorbereiten.<br><hr class=""sent-sep""><br>Ich muss mich auf meine Prüfung vorbereiten. [sound:gtts-s1-e1be9469-6b0152fc-57a481b4-11307393-5af105c3.mp3]",to prepare,"Tomorrow I'll have a party. I still have to prepare a lot for it.<br><hr class=""sent-sep""><br>I have to prepare for my exam.",,,[sound:gtts-wort-5d5e5dda-11ffcd39-e0920907-e2e5953e-f39ed962.mp3],VERB
84887001074,"<b>sich verletzen</b>, <span style=""color:#0DA6FF"">verletzte</span>, hat <span style=""color:#FFFB3D"">verletzt</span>","Sind Sie verletzt? - Ja, am Bein.<br><hr class=""sent-sep""><br>Haben Sie sich verletzt? [sound:gtts-s1-43221d21-7a51e7d3-eacda6e5-34f83f8a-56b35e61.mp3]",to hurt oneself,"Are you hurt? - Yes, on the leg.<br><hr class=""sent-sep""><br>Are you hurt?",,,[sound:gtts-wort-7645070b-170085b5-ff677dd4-8b6fb94c-4a2db1cb.mp3],VERB
84887001075,"<b>sich verlieben</b>, <span style=""color:#0DA6FF"">verliebte</span>, hat <span style=""color:#FFFB3D"">verliebt</span>",Ich bin total verliebt. [sound:gtts-s1-578d783f-f59fd874-f9b75225-2a49f3f3-514c39da.mp3],to fall in love,I am totally in love.,,,[sound:gtts-wort-a840ee73-a3bc18ce-f5376d83-f958fcf8-a131a68d.mp3],VERB
84887001076,vorgestern,Er hat mich vorgestern angerufen. [sound:gtts-s1-e98d15b8-20d3d15e-f5a74162-1a224cc3-e79b0588.mp3],the day before yesterday,He called me yesterday.,,,[sound:gtts-wort-3a9f2c7f-131e7739-53133d69-9d20bd2d-36b10283.mp3],ADV
84887001077,vorher,Ich komme mit ins Café. Vorher muss ich aber noch zur Bank. [sound:gtts-s1-460c36c3-ae90825f-1743a0bd-6948cb9f-4a5bccaa.mp3],before,I'm coming to the cafe. Before I have to go to the bank.,,,[sound:gtts-wort-9f6f7bae-77609dc3-626df825-d15add20-ecc8b41e.mp3],ADV
84887001078,vorne,Bitte vorne einsteigen! [sound:gtts-s1-7e2171fa-649ba828-0db30773-3c38eb25-43ae7553.mp3],ahead / in front,Please go ahead!,,,[sound:gtts-wort-b58ab7f0-59c2683c-5195ff1f-efe42950-0a3fdd39.mp3],ADV
84887001079,"<b>verlieren</b>, <span style=""color:#0DA6FF"">verlor</span>, hat <span style=""color:#FFFB3D"">verloren</span>","Ich habe meinen Schlüssel verloren.<br><hr class=""sent-sep""><br>Wir haben das Fußballspiel verloren.<br><hr class=""sent-sep""><br>Michael hat seine Arbeit verloren. [sound:gtts-s1-d782cf9a-ea33202e-d2f4a7fa-9bbc1ae2-8081d8e6.mp3]",to lose,"I have lost my key.<br><hr class=""sent-sep""><br>We lost the football game.<br><hr class=""sent-sep""><br>Michael has lost his job.",,,[sound:gtts-wort-a58e7610-68effc57-d10862d3-05336397-cfbd32d4.mp3],VERB
84887001080,"<span style=""color:#279FF5""><b>der</b></span> Vorname, -n","Ich heiße Müller, mein Vorname ist Eva. [sound:gtts-s1-09620659-3ec1af0b-6c23cad0-3c795e1a-2686be1b.mp3]",first given name,"My name is Müller, my first name is Eva.",,,[sound:gtts-wort-5e152bd0-681bc87b-8a43a3b7-0cdcee38-c3b83ba9.mp3],NOUN
84887001081,"<span style=""color:#279FF5""><b>der</b></span> Vorschlag, ""-e","Was machen wir am Wochenende? Hast du einen guten Vorschlag? - Wir können ins Kino gehen.<br><hr class=""sent-sep""><br>Was schenken wir Christina zur Hochzeit? - Wir haben doch schon so viele Vorschläge gemacht. [sound:gtts-s1-5c7f9b48-a9388471-c9dc5902-2e776bc4-da772e6e.mp3]",suggestion,"What are we going to do at the weekend? Do you have a good suggestion? - We can go to the cinema.<br><hr class=""sent-sep""><br>What do we give Christina to the wedding? - We have already made so many suggestions.",,,[sound:gtts-wort-8bf85d06-2e5dc57d-563b9e20-cbf792fe-54afea0b.mp3],NOUN
84887001082,"<b>vermieten</b>, <span style=""color:#0DA6FF"">vermietete</span>, hat <span style=""color:#FFFB3D"">vermietet</span>",Die Wohnung ist schon vermietet. [sound:gtts-s1-1ce70ef7-941b2ef8-9c8983b1-0a5ced6f-9903a8b0.mp3],to rent sth. (out) / to let sth.,The apartment is already rented.,,,[sound:gtts-wort-82d679f0-6610d688-0fb47dbe-7927a47a-40867a1c.mp3],VERB
84887001083,vorsichtig,"Sei vorsichtig!<br><hr class=""sent-sep""><br>Du musst vorsichtig fahren, es ist neblig. [sound:gtts-s1-fc468580-8fcaef3b-8559b310-920a8e15-af8b5a24.mp3]",careful,"Be careful!<br><hr class=""sent-sep""><br>You have to drive carefully, it's foggy.",,,[sound:gtts-wort-b159f812-6ff2e5de-0faa1744-85883720-cdc3c96e.mp3],ADJ
84887001084,"<span style=""color:#279FF5""><b>der</b></span> Vermieter, -",Unser Vermieter ist nett. [sound:gtts-s1-1ecb01ae-635eecb1-acea1dce-f40d58ed-8df2082e.mp3],landlord,Our landlord is nice.,,,[sound:gtts-wort-530a2a9b-13c930df-da73372a-7e49a4fb-02f2fd5c.mp3],NOUN
84887001085,"<span style=""color:#F5279F""><b>die</b></span> Vermieterin, -nen",Usere Vermiterin ist schon sehr alt. [sound:gtts-s1-cc16d0d3-7d28437a-82a22a6b-8c42eda4-576ab455.mp3],landlady,Our account manager is already very old.,,,[sound:gtts-wort-cfac0388-c5775d3f-18e1ef00-e306962c-da71f842.mp3],NOUN
84887001086,"<b>verpassen</b>, <span style=""color:#0DA6FF"">verpaßte</span>, hat <span style=""color:#FFFB3D"">verpasst</span>",Ich habe den Zug verpasst. [sound:gtts-s1-49810687-f7c72962-785ce5cb-b999dd50-54c91557.mp3],to miss,I missed the train.,,,[sound:gtts-wort-b8fb30c6-86e662fa-d43441ab-25455c2f-1571875e.mp3],VERB
84887001087,"<b>sich vorstellen</b>, <span style=""color:#0DA6FF"">stellte vor</span>, hat <span style=""color:#FFFB3D"">vorgestellt</span>","Wir wollen uns kennenlernen. Können Sie sich bitte vorstellen?<br><hr class=""sent-sep""><br>Darf ich Ihnen meine Frau vorstellen? [sound:gtts-s1-a3d022c6-37f0c133-cb312d78-8efeea2c-2cd4d46c.mp3]",to imagine,"We want to get to know each other. Could you please introduce yourself?<br><hr class=""sent-sep""><br>May I introduce you to my wife?",,,[sound:gtts-wort-f69bc400-46fbefe6-ed5197fa-261c021c-dee3cb36.mp3],VERB
84887001088,"<b>verreisen</b>, <span style=""color:#0DA6FF"">verreiste</span>, <span style=""color:#FF1D23"">ist</span> <span style=""color:#FFFB3D"">verreist</span>","Verreist ihr in den Ferien?<br><hr class=""sent-sep""><br>Frau Doktor Müller ist zur Zeit verreist. Sie kommt erst nächste Woche zurück. [sound:gtts-s1-d0fc6deb-8ac3cb83-6c51bdd7-ab972aa1-f461015e.mp3]",to travel,"Are you traveling on vacation?<br><hr class=""sent-sep""><br>Ms Dr. Mueller is currently traveling. She will not come back until next week.",,,[sound:gtts-wort-bebcc4b0-5027e3a4-d009f09e-fd53bd9f-ff78eff2.mp3],VERB
84887001089,vorwärts,Fahren Sie bitte noch ein Stück vorwärts. [sound:gtts-s1-108f8e18-bf7dc718-a96a9812-5d2ee18d-f6dd04bc.mp3],forward,Please continue forward a little.,,,[sound:gtts-wort-89085716-6331534b-81e13351-9c3f836c-1e2380fe.mp3],ADV
84887001090,"<b>verschieben</b>, <span style=""color:#0DA6FF"">verschob</span>, hat <span style=""color:#FFFB3D"">verschoben</span>",Leider muss ich den Termin verschieben. [sound:gtts-s1-cf545891-1216d53e-ea1649b0-fcc10bb1-220b6af8.mp3],to shift sth. / to move sth.,Unfortunately I have to move the date.,,,[sound:gtts-wort-8e56e42a-c4a6e5ea-26feefcc-2a2e5d95-419469e4.mp3],VERB
84887001091,wach,"Bist du schon lange wach?<br><hr class=""sent-sep""><br>Ich bin noch nicht ganz wach. [sound:gtts-s1-ac9dce67-da838eb5-a00c85ea-f2492799-2c93490c.mp3]",awake,"Have you been awake for a long time?<br><hr class=""sent-sep""><br>I'm not quite awake yet.",,,[sound:gtts-wort-fd2add21-0904455d-7ddef510-d9e7387d-49c3bc4e.mp3],ADJ
84887001092,"<span style=""color:#279FF5""><b>der</b></span> Wagen, -","Wo steht Ihr Wagen?<br><hr class=""sent-sep""><br>Im zweiten Wagen ist unser Zugrestaurant. [sound:gtts-s1-b6054ef9-cfb49244-b3316a4d-87710033-43b6895a.mp3]",car / carriage / wagon,"Where is your car?<br><hr class=""sent-sep""><br>In the second car is our train restaurant.",,,[sound:gtts-wort-f459e8ae-212fe335-97ae147d-7ea98b4f-d37e9185.mp3],NOUN
84887001093,"<b>wählen</b>, <span style=""color:#0DA6FF"">wählte</span>, hat <span style=""color:#FFFB3D"">gewählt</span>","Sie müssen erst eine Null wählen.<br><hr class=""sent-sep""><br>Wählen Sie bitte ein Getränk. [sound:gtts-s1-c07fb7a9-90c75f59-c5bb1a34-5fb58196-27e3287d.mp3]",to choose / to select / to dial / to vote,"You must first select a zero.<br><hr class=""sent-sep""><br>Please choose a drink.",,,[sound:gtts-wort-ff4ec0ce-7578b23f-f849c9c4-1364983f-3ed49902.mp3],VERB
84887001094,verschieden,"Unsere beiden Kinder sind sehr verschieden.<br><hr class=""sent-sep""><br>Ich habe diese Schuhe in verschiedenen Farben. [sound:gtts-s1-06af707e-0fa3123c-0632f21e-9c3b5b91-29cfd50d.mp3]",different,"Our two children are very different.<br><hr class=""sent-sep""><br>I have these shoes in different colors.",,,[sound:gtts-wort-a325349e-7e232f54-c0490d05-f62a16fa-a625dd4b.mp3],ADJ
84887001095,"<span style=""color:#F5279F""><b>die</b></span> Verspätung, -en",Unser Zug hat leider 15 Minuten Verspätung. [sound:gtts-s1-02d47c22-ff2cbf78-79519c8b-bb112f6b-e4ebfefb.mp3],delay,Our train unfortunately has a 15 minute delay.,,,[sound:gtts-wort-a67b589b-7aaf0fa1-69065b95-8231fd0f-dee03131.mp3],NOUN
84887001096,"<b>verstehen</b>, <span style=""color:#0DA6FF"">verstand</span>, hat <span style=""color:#FFFB3D"">verstanden</span>","Können Sie mich verstehen?<br><hr class=""sent-sep""><br>Ich verstehe diese Aufgabe nicht. [sound:gtts-s1-0fa413a3-b700015b-0b382bb6-a38d1b90-80281c88.mp3]",to understand,"Can you understand me?<br><hr class=""sent-sep""><br>I do not understand this task.",,,[sound:gtts-wort-2262a649-a518fb9d-03a4210f-cacab156-d737f51c.mp3],VERB
84887001097,wahr,"Das ist wahr!<br><hr class=""sent-sep""><br>Das ist nicht wahr! [sound:gtts-s1-707f2558-93237626-808a6bac-88f379b4-bc837271.mp3]",true,"This is true!<br><hr class=""sent-sep""><br>That is not true!",,,[sound:gtts-wort-e9af9bc9-86174d41-5fa8e0b2-371a573f-5c65f8be.mp3],ADJ
84887001098,wahrscheinlich,"Wahrscheinlich mache ich im Herbst einen Deutschkurs.<br><hr class=""sent-sep""><br>Er kommt wahrscheinlich nicht. [sound:gtts-s1-da623d41-ab450616-9c907d78-ec6b3d03-8f443be8.mp3]",probably,"Probably I will take a German course in autumn.<br><hr class=""sent-sep""><br>He probably does not come.",,,[sound:gtts-wort-54baae96-c79d467c-44347604-7049589d-2b70c7f3.mp3],ADV
84887001099,"<b>versuchen</b>, <span style=""color:#0DA6FF"">versuchte</span>, hat <span style=""color:#FFFB3D"">versucht</span>","Kann ich es auch einmal versuchen?<br><hr class=""sent-sep""><br>Haben Sie es schon einmal mit diesem Mittel versucht? [sound:gtts-s1-dbf532be-93c1d63b-988f74e6-7193b3ee-2ab3a1a8.mp3]",to try,"Can I try it once?<br><hr class=""sent-sep""><br>Have you ever tried this?",,,[sound:gtts-wort-31574a4b-9c6f6566-70bbdee6-0d9e8466-eeacba35.mp3],VERB
84887001100,"<span style=""color:#279FF5""><b>der</b></span> Wald, ""-er","Im Wald ist es ruhig.<br><hr class=""sent-sep""><br>Ich gehe gern im Wald spazieren. [sound:gtts-s1-eea93f7f-a23c339f-c85a0836-8c05cf91-01bb269d.mp3]",forest,"In the forest it is quiet.<br><hr class=""sent-sep""><br>I like walking in the forest.",,,[sound:gtts-wort-83af957e-e269e0f8-c9951e9f-dc196997-2efb87e2.mp3],NOUN
84887001101,"<span style=""color:#279FF5""><b>der</b></span> Vertrag, ""-e",Ich muss den Vertrag noch unterschreiben. [sound:gtts-s1-755e31f9-47ed1b57-2d1864c0-2f20651e-7b9706ed.mp3],contract,I have to sign the contract.,,,[sound:gtts-wort-81543683-65667d3a-e13a2919-2eb59557-950e5ecd.mp3],NOUN
84887001102,"<b>wandern</b>, <span style=""color:#0DA6FF"">wanderte</span>, <span style=""color:#FF1D23"">ist</span> <span style=""color:#FFFB3D"">gewandert</span>",Wir gehen oft wandern. [sound:gtts-s1-b8d4bfa9-aae5cbf1-81341091-2b0be093-a85df459.mp3],to hike,We often go hiking.,,,[sound:gtts-wort-7b9e1928-2c34aa83-c7f591a0-f33fa78c-a5acd38c.mp3],VERB
84887001103,viel,"Ich habe leider nicht viel Zeit.<br><hr class=""sent-sep""><br>Viel Spaß! [sound:gtts-s1-27458354-6250537d-df420809-accde5e5-9e8ead8f.mp3]",a lot of,"Unfortunately, I do not have much time.<br><hr class=""sent-sep""><br>Have fun!",,,[sound:gtts-wort-b3729ac6-49834419-6232b7ba-2270b090-799ed465.mp3],ADJ
84887001104,viele,Im Winter sind viele Leute erkältet. [sound:gtts-s1-d616bb14-4892775d-60286282-dcf6f855-9dcd6f3f.mp3],lots,"In winter, many people have a cold.",,,[sound:gtts-wort-78170b5e-1793c837-30feac64-28c8e8e2-66cf8d15.mp3],PRON
84887001105,wann,"Wann bist du fertig?<br><hr class=""sent-sep""><br>Wann kann ich Sie anrufen? [sound:gtts-s1-abc41ef3-750ef5f4-eacdf0ab-7d78e3ba-3bc987c4.mp3]",when,"When are you ready?<br><hr class=""sent-sep""><br>When can I call you?",,,[sound:gtts-wort-04c5707d-a9895d2b-4af7ffdc-a12529ab-d576c861.mp3],QWORD
84887001106,vielleicht,"Vielleicht bekomme ich diesen Job.<br><hr class=""sent-sep""><br>Er besucht uns vielleicht am Wochenende.<br><hr class=""sent-sep""><br>Kannst du mir vielleicht ein bisschen Geld leihen? [sound:gtts-s1-2fb7f3f3-56f15d92-d7119544-c999b7c2-56ac7b90.mp3]",maybe,"Maybe I get this job.<br><hr class=""sent-sep""><br>He may visit us at the weekend.<br><hr class=""sent-sep""><br>Can you lend me some money?",,,[sound:gtts-wort-38b2d78d-46e0d46c-357eee7d-977d4d3b-43beef00.mp3],ADV
84887001107,warm,"Hier ist es sehr warm.<br><hr class=""sent-sep""><br>Mittags esse ich oft ein warmes Essen.<br><hr class=""sent-sep""><br>Ich brauche einen warmen Pullover. [sound:gtts-s1-66f7dbd9-355f090f-416ab1f3-431b6815-5a5d0c19.mp3]",warm,"It is very warm in here.<br><hr class=""sent-sep""><br>At noon I often eat a warm meal.<br><hr class=""sent-sep""><br>I need a warm sweater.",,,[sound:gtts-wort-6dd46726-61a8dcc9-1769006d-3d35d514-33d08570.mp3],ADJ
84887001108,"<span style=""color:#279FF5""><b>der</b></span> Vogel, ""","Nadine mag Vögel.<br><hr class=""sent-sep""><br>Morgens singen die Vögel immer laut. [sound:gtts-s1-a8630851-67ce2278-1c6d0c93-fb72eed6-97a2ba92.mp3]",bird,"Nadine likes birds.<br><hr class=""sent-sep""><br>In the morning the birds always sing loudly.",,,[sound:gtts-wort-a175af2f-4911bc01-2157b4e6-8ab8e9eb-5c9a4457.mp3],NOUN
84887001109,"<b>warten</b>, <span style=""color:#0DA6FF"">wartete</span>, hat <span style=""color:#FFFB3D"">gewartet</span>","Können Sie ein paar Minuten warten?<br><hr class=""sent-sep""><br>Auf wen warten Sie? [sound:gtts-s1-b8216bb0-b9e2cd4f-c7e29502-05048305-3a1e51b8.mp3]",to wait,"Can you wait a few minutes?<br><hr class=""sent-sep""><br>Who are you waiting for?",,,[sound:gtts-wort-f9e83930-3dd45a7a-4d2062dd-3f3d1892-28219b29.mp3],VERB
84887001110,voll,"Morgens und abends sind die Züge immer sehr voll.<br><hr class=""sent-sep""><br>Die Flasche ist noch ganz voll. [sound:gtts-s1-16b30d06-3a95d75d-46625ec8-91f8f94c-19169f0e.mp3]",full,"In the morning and in the evening the trains are always very crowded.<br><hr class=""sent-sep""><br>The bottle is still full.",,,[sound:gtts-wort-6f865d7e-ad7bb851-930c5d45-6da1059b-48707084.mp3],ADJ
84887001111,warum,Warum kommt er nicht? [sound:gtts-s1-a9f3cd18-eaccce27-ec995fdc-7305f5cb-7585c7d7.mp3],why,Why does not he come?,,,[sound:gtts-wort-81c839b8-d3a33bf4-51b02d8b-442e8d60-2208d438.mp3],QWORD
84887001112,was,"Was ist das?<br><hr class=""sent-sep""><br>Was möchten Sie? [sound:gtts-s1-eb525b52-53aea851-46a1d0cf-cd014fab-3db5541d.mp3]",what,"What's this?<br><hr class=""sent-sep""><br>What do you wish?",,,[sound:gtts-wort-4050607e-1b6abf19-53d88cb6-067b4bea-2f207018.mp3],QWORD
84887001113,wenn,"Wenn ich nicht arbeiten muss, komme ich. [sound:gtts-s1-34c8c7cb-70f263a6-106c785f-46ccc7c3-65f66469.mp3]",when / if,"If I do not have to work, I'll come.",,,[sound:gtts-wort-fdb76ad5-fd3cf58f-005789a8-cef766c4-ccd61d61.mp3],CONJ
84887001114,wer,Wer ist das? [sound:gtts-s1-2c9724b6-cf86a632-ae62057a-508a5700-d54288a1.mp3],who,Who is this?,,,[sound:gtts-wort-da0d3a5f-09abe984-57987dab-0bf09c11-068b10e6.mp3],QWORD
84887001115,wen,Wen rufst du an? [sound:gtts-s1-c38712b8-6cecda0f-7ac5ef50-ecc28824-88686042.mp3],who / whom,Who are you calling?,,,[sound:gtts-wort-5d2720fe-d15e5561-c265fdac-3c81354c-c25673fe.mp3],QWORD
84887001116,wem,Wem gehört dieser Pullover? [sound:gtts-s1-899482d3-65ceb993-7f35c297-3b54d457-cb251d9a.mp3],to whom / to who,Who owns this sweater?,,,[sound:gtts-wort-9383f0e9-f95a2a2b-996ab90a-939a79ad-9a3c728f.mp3],QWORD
84887001117,"<span style=""color:#F5279F""><b>die</b></span> Wäsche, -n",Ich muss noch Wäsche waschen. [sound:gtts-s1-0acc5337-93b512f9-ebf9fdb5-b825ea20-04137662.mp3],cloths / laundry,I have to wash clothes.,,,[sound:gtts-wort-891a02ac-ebac70a7-1b1802cb-6d898ab0-b48f4388.mp3],NOUN
84887001118,"<b>werden</b>, <span style=""color:#0DA6FF"">wurde</span>, <span style=""color:#FF1D23"">ist</span> <span style=""color:#FFFB3D"">geworden</span>","Mein Sohn will Arzt werden.<br><hr class=""sent-sep""><br>Das Wetter am Wochenende wird gut. Das haben sie im Radio gesagt. [sound:gtts-s1-c0da4ec2-00ce7ebe-b70edba7-cc4320e1-b7b6ef9e.mp3]",to become,"My son wants to become a doctor.<br><hr class=""sent-sep""><br>The weather at the weekend will be good. They said that on the radio.",,,[sound:gtts-wort-f63c04a8-755208e1-f016ea95-17eaa569-28f9112b.mp3],VERB
84887001119,"<b>sich waschen</b>, <span style=""color:#0DA6FF"">wusch</span>, hat <span style=""color:#FFFB3D"">gewaschen</span>",Wo kann ich mir die Hände waschen? [sound:gtts-s1-8fd01e50-02ffda8d-c277b235-2a2128ee-3eb5d194.mp3],to wash oneself,Where can I wash my hands?,,,[sound:gtts-wort-ea50fe11-d56dad17-2bdef45e-68459ede-1c2175f8.mp3],VERB
84887001120,"<span style=""color:#9FF527""><b>das</b></span> Wasser, (Sg.)","Ein Glas Wasser, bitte.<br><hr class=""sent-sep""><br>Gibt es hier kein warmes Wasser? [sound:gtts-s1-6ca9369b-faa9c4ad-ebe5ffd1-efe2884f-b541fede.mp3]",water,"A glass of water, please.<br><hr class=""sent-sep""><br>Is there no warm water here?",,,[sound:gtts-wort-454e1f5a-ba3a1be3-0b0fc1e8-81f67e8f-d069f4be.mp3],NOUN
84887001121,"<span style=""color:#F5279F""><b>die</b></span> Werkstatt, ""-en",Mein Auto ist kaputt. Es ist in der Werkstatt. [sound:gtts-s1-fe07e755-71ad636e-d9f7c0c1-68724157-f5822fed.mp3],workshop,My car is broken. It's in the workshop.,,,[sound:gtts-wort-b113e6c4-08ff6d50-feb5546a-aca009da-5269dc45.mp3],NOUN
84887001122,"<span style=""color:#279FF5""><b>der</b></span> Wettbewerb, -e",Mein Sohn hat bei einem Wettbewerb gewonnen. [sound:gtts-s1-f4df7c6d-6d030dae-379cfc53-5e201463-c29cc320.mp3],competition,My son won in a competition.,,,[sound:gtts-wort-59ef9532-f822191e-5ac350d6-46a2e29e-5b0f2662.mp3],NOUN
84887001123,"<span style=""color:#9FF527""><b>das</b></span> Wetter, (Sg.)","Heute ist das Wetter gut: Es ist sonnig und warm.<br><hr class=""sent-sep""><br>Wir hatten im Urlaub schlechtes Wetter. [sound:gtts-s1-06ba172a-385efd40-be887724-80274c74-a05df02b.mp3]",weather,"Today the weather is good: it is sunny and warm.<br><hr class=""sent-sep""><br>We had bad weather on vacation.",,,[sound:gtts-wort-329adc55-76830639-a973bd4a-0ef9e389-64016416.mp3],NOUN
84887001124,"<span style=""color:#F5279F""><b>die</b></span> Webseite, -n",Es gibt viele Webseiten mit Grammatikübungen. [sound:gtts-s1-21a5a2ff-ea0419d9-2558aa44-0998c21a-2bb6d37c.mp3],website,There are many websites with grammar exercises.,,,[sound:gtts-wort-91353ac9-304e226f-843001d1-f2376308-6a35562c.mp3],NOUN
84887001125,"<b>wechseln</b>, <span style=""color:#0DA6FF"">wechselte</span>, hat <span style=""color:#FFFB3D"">gewechselt</span>","Wir müssen den Reifen wechseln.<br><hr class=""sent-sep""><br>Können Sie mir zehn Dollar wechseln? [sound:gtts-s1-5f1cee6a-9882b092-5074b6cf-1a491f40-b45a74fa.mp3]",to change / to switch,"We have to change the tire.<br><hr class=""sent-sep""><br>Can you change ten dollars?",,,[sound:gtts-wort-ed304e15-ba7ef0d2-bb2e2474-c5251f1e-76c0f535.mp3],VERB
84887001126,wichtig,"Es ist wichtig, dass Sie auch kommen.<br><hr class=""sent-sep""><br>Morgen habe ich einen wichtigen Termin. [sound:gtts-s1-ae3ff978-1da3719e-b6ed2f96-f0d6f1d9-e3042ebb.mp3]",important,"It is important that you also come.<br><hr class=""sent-sep""><br>Tomorrow I have an important date.",,,[sound:gtts-wort-d37c0bc3-753ee131-9231941f-e43446d3-caa7156d.mp3],ADJ
84887001127,"<b>wecken</b>, <span style=""color:#0DA6FF"">weckte</span>, hat <span style=""color:#FFFB3D"">geweckt</span>",Bitte wecken Sie mich morgen früh um fünf. [sound:gtts-s1-6ca35b9a-37d04774-a1e1e4b9-19264f03-69c35711.mp3],to wake so. up,Please wake me up at five in the morning.,,,[sound:gtts-wort-1b310977-f36d9e01-7c8c23e9-1773540d-84f7059b.mp3],VERB
84887001128,wie,"Er schreibt wie ein Kind. Wie heißt du?<br><hr class=""sent-sep""><br>Meine Frau ist so groß wie ich. Wie groß ist die Wohnung?<br><hr class=""sent-sep""><br>Wie soll ich das machen? Wie lange bist du schon hier?<br><hr class=""sent-sep""><br>Wie bitte? Können Sie das bitte wiederholen? [sound:gtts-s1-077dad70-abe76f94-1cee6b45-f02c57bb-38ed3aa8.mp3]",as,"He writes like a child. What is your name?<br><hr class=""sent-sep""><br>My wife is as tall as me. How big is the apartment?<br><hr class=""sent-sep""><br>How am I supposed to do that? How long have you been here?<br><hr class=""sent-sep""><br>I beg your pardon? Say that again, please?",,,[sound:gtts-wort-6028731c-3c2f0882-dae39e1c-e6c98470-94454384.mp3],QWORD
84887001129,wie viel,"Wie viel kostet diese Hose?<br><hr class=""sent-sep""><br>Wie viele Kinder haben Sie? [sound:gtts-s1-9a430b19-2afbe6a6-ab8e7c90-88824866-e0b204ef.mp3]",how much,"How much does this pants cost?<br><hr class=""sent-sep""><br>How many children do you have?",,,[sound:gtts-wort-84dd594a-315f0ba9-990a1bb3-5673ca8d-3a3c01d8.mp3],QWORD
84887001130,weg,Meine Brille ist weg. Ich finde sie nicht mehr. [sound:gtts-s1-cadcfdc6-8140f269-0bf9ed0f-216dda7f-582066fd.mp3],off / away,My glasses are gone. I can not find them anymore.,,,[sound:gtts-wort-bbc04534-e6da4876-70252840-341b3977-7621899c.mp3],ADV
84887001131,"<b>wegbringen</b>, <span style=""color:#0DA6FF"">brachte weg</span>, hat <span style=""color:#FFFB3D"">weggebracht</span>",Bringst du bitte den Müll weg? [sound:gtts-s1-5f2868a2-915f93ed-eee3dc47-5917f112-426646bc.mp3],to bring away,"Will you throw away the garbage, please?",,,[sound:gtts-wort-ee1101de-fbbacd2e-f12bf681-d84a2104-68566d0a.mp3],VERB
84887001132,"<b>wegfahren</b>, <span style=""color:#0DA6FF"">fuhr weg</span>, <span style=""color:#FF1D23"">ist</span> <span style=""color:#FFFB3D"">weggefahren</span>",Können Sie Ihr Auto bitte wegfahren? [sound:gtts-s1-1e6504d1-4f96b7c2-0faf1e11-6340a424-c5a3bab4.mp3],to drive away,Can you drive your car away?,,,[sound:gtts-wort-804fbd59-b12a88c0-a7473869-3bc69078-8f68d136.mp3],VERB
84887001133,"<b>weggehen</b>, <span style=""color:#0DA6FF"">ging weg</span>, <span style=""color:#FF1D23"">ist</span> <span style=""color:#FFFB3D"">weggegangen</span>",Ich gehe jetzt weg. [sound:gtts-s1-6faad537-319e820f-0956f151-0e860808-468d1aee.mp3],to go away,I'm leaving now.,,,[sound:gtts-wort-fd3c4510-fbd966d7-251efbc6-f5f2073b-afc3f0eb.mp3],VERB
84887001134,"<b>weglaufen</b>, <span style=""color:#0DA6FF"">lief weg</span>, <span style=""color:#FF1D23"">ist</span> <span style=""color:#FFFB3D"">weggelaufen</span>",Unser Hund ist weggelaufen. [sound:gtts-s1-935e8f35-5bfbf7d4-ebaebdb4-9824f0d3-b8215fc0.mp3],to run away,Our dog ran away.,,,[sound:gtts-wort-52205276-d783a4e6-c7432114-eab1ec45-54ea5892.mp3],VERB
84887001135,"<b>wegmachen</b>, <span style=""color:#0DA6FF"">machte weg</span>, hat <span style=""color:#FFFB3D"">weggemacht</span>",Kannst du das bitte wegmachen? [sound:gtts-s1-f7a900ef-3577dc08-f8c54b8b-80b1f16e-a3ae1384.mp3],to remove sth.,Can you remove this?,,,[sound:gtts-wort-30249aa4-4ce43f3a-8576ae73-01f9fe26-b28bb0ac.mp3],VERB
84887001136,"<b>wegnehmen</b>, <span style=""color:#0DA6FF"">nahm weg</span>, hat <span style=""color:#FFFB3D"">weggenommen</span>",Warum hast du dem Kind den Ball weggenommen? [sound:gtts-s1-76058994-5a8b2fbe-5b2b2708-a5827d96-c8c2b4f2.mp3],to take away,Why did you remove the ball from the child?,,,[sound:gtts-wort-16ea29b5-262a6ae4-bfab941b-2324b10d-3250ab6f.mp3],VERB
84887001137,"<b>wegwerfen</b>, <span style=""color:#0DA6FF"">warf weg</span>, hat <span style=""color:#FFFB3D"">weggeworfen</span>",Sie können diese Papiere wegwerfen. [sound:gtts-s1-00906693-5644c082-80dc76d2-cfe4b63f-e3b0a249.mp3],to discard sth. / to litter / to throw away,You can discard these papers.,,,[sound:gtts-wort-108cc766-160b9dcf-03d8bd90-c994ef0d-b3f8ba5f.mp3],VERB
84887001138,wieder,"Stefan kann wieder zum Fußballtraining kommen.<br><hr class=""sent-sep""><br>Geht es dir wieder besser?<br><hr class=""sent-sep""><br>Du kommst schon wieder zu spät.<br><hr class=""sent-sep""><br>Wann kommst du wieder? [sound:gtts-s1-1f97e8da-ba47f029-4451fa4b-339e60a1-dc989d58.mp3]",again,"Stefan can return to football training.<br><hr class=""sent-sep""><br>Are you feeling better again?<br><hr class=""sent-sep""><br>You're late again.<br><hr class=""sent-sep""><br>When are you coming back?",,,[sound:gtts-wort-4b15d0a7-b6a05fb0-e6ef04ab-572a55c9-745cc77f.mp3],ADV
84887001139,"<b>wiederholen</b>, <span style=""color:#0DA6FF"">wiederholte</span>, hat <span style=""color:#FFFB3D"">wiederholt</span>",Können Sie das bitte wiederholen? [sound:gtts-s1-99ac693c-fef7f41f-b6bc9350-3f4a8d1f-a158954b.mp3],to repeat,"Say that again, please?",,,[sound:gtts-wort-62e2a905-bbf1438d-4dcc6c5f-c7ac961d-6dd8a9ae.mp3],VERB
84887001140,"<span style=""color:#279FF5""><b>der</b></span> Weg, -e","Das ist der kürzeste Weg.<br><hr class=""sent-sep""><br>Können Sie mir bitte den Weg zum Flughafen beschreiben? [sound:gtts-s1-4993610d-78cfcaf0-78134e14-41c1978d-ea438db3.mp3]",path,"This is the shortest way.<br><hr class=""sent-sep""><br>Can you please describe the way to the airport?",,,[sound:gtts-wort-ffc9608a-12642d08-3dc4682d-e837ac2e-2e0967ba.mp3],NOUN
84887001141,wegen,"Wegen seiner Arbeit kann er leider nicht kommen.<br><hr class=""sent-sep""><br>Ich rufe wegen meiner Tochter an. [sound:gtts-s1-5b794990-b6145b0c-0b15b385-a1e0e46c-46f29cb6.mp3]",because of,"Unfortunately he can not come because of his work.<br><hr class=""sent-sep""><br>I call for my daughter.",,,[sound:gtts-wort-9f538519-acdd78b3-5553bce4-1fea9a32-2c347f77.mp3],PREP
84887001142,"<b>wehtun</b>, <span style=""color:#0DA6FF"">tat weh</span>, hat <span style=""color:#FFFB3D"">wehgetan</span>","Wo tut es weh?<br><hr class=""sent-sep""><br>Ich will dir nicht wehtun. [sound:gtts-s1-f2634d7e-8b740eae-15d91d38-34fefd95-3cad07d1.mp3]",to hurt,"Where does it hurt?<br><hr class=""sent-sep""><br>I do not want to hurt you.",,,[sound:gtts-wort-70edda82-ebbcef68-5f6aa6b4-67f57289-161a4b96.mp3],VERB
84887001143,"<span style=""color:#9FF527""><b>das</b></span> Wiederhören, -",Wir müssen jetzt Schluss machen. Also auf Wiederhören! [sound:gtts-s1-7344b1aa-d4afe130-ffc96c23-c39d59dd-1b72ab36.mp3],Goodbye (on the phone),We have to put an end to this. So listen again!,,,[sound:gtts-wort-59922bfd-36a6c397-58f0e89c-aaaec379-312b2455.mp3],NOUN
84887001144,"<span style=""color:#9FF527""><b>das</b></span> Wiedersehen, -",Auf Wiedersehen! [sound:gtts-s1-f2aa2c5f-5c5d0f4a-9196d4ee-d6daf01f-7c0758cd.mp3],Goodbye (in person) / meet again,Goodbye!,,,[sound:gtts-wort-0ac0b9f0-94a58283-36eaebda-9bc2431e-07aee321.mp3],NOUN
84887001145,weiblich,Wählen Sie bitte: „weiblich“ oder „männlich“. [sound:gtts-s1-26033d6a-2fa86414-fca81a1d-7e6933f2-fa01ca4c.mp3],female,"Please choose ""female"" or ""male"".",,,[sound:gtts-wort-8f4c352a-f8e584fc-d93edc93-cd0f2062-ebe8b7d5.mp3],ADJ
84887001146,willkommen,Herzlich willkommen in Berlin! [sound:gtts-s1-515f7a43-f3137d46-45c6e303-93fcdba3-8cae7db4.mp3],welcome,Welcome to Berlin!,,,[sound:gtts-wort-f27931b9-8880f14c-9c963634-e1ef5273-087aab06.mp3],ADJ
84887001147,"<span style=""color:#279FF5""><b>der</b></span> Wind, -e",Der Wind ist kalt. [sound:gtts-s1-9ecdaab5-d2e3bf2c-6b22fd5f-c090f1fc-8bfe6873.mp3],wind,The wind is cold.,,,[sound:gtts-wort-d7f5040a-6fdb047f-0e68bab3-65e13017-3054a8e5.mp3],NOUN
84887001148,weich,"Ich möchte zum Frühstück ein weiches Ei.<br><hr class=""sent-sep""><br>Das Bett im Hotel war zu weich. [sound:gtts-s1-0ef8ebed-8d3551d5-50ca26e3-8263ea4b-bba69a9d.mp3]",soft,"I would like to have a soft egg for breakfast.<br><hr class=""sent-sep""><br>The bed in the hotel was too soft.",,,[sound:gtts-wort-3978eb73-2a6f75fd-ec338786-1b4761cd-0ae5d0fe.mp3],ADJ
84887001149,windig,Heute ist es sehr windig. [sound:gtts-s1-365f5dd4-b2e5db50-f4da9ad8-951119c1-a989eee4.mp3],windy,Today it is very windy.,,,[sound:gtts-wort-d4a50863-b979bc7a-2c929285-ac0c180c-a6ea4ec0.mp3],ADJ
84887001150,weil,"Ich kann nicht kommen, weil ich arbeiten muss. [sound:gtts-s1-c78568c0-a4b17a1c-64536926-929a7189-c5070180.mp3]",because,I can not come because I have to work.,,,[sound:gtts-wort-2affe6c0-76603286-6a8ff179-3784a597-700a721e.mp3],CONJ
84887001151,"<span style=""color:#279FF5""><b>der</b></span> Wein, -e","Nein danke, ich möchte keinen Wein. [sound:gtts-s1-54656760-8da38006-35bd7861-dff81ad1-ffff3fe1.mp3]",wine,"No thanks, I do not want any wine.",,,[sound:gtts-wort-ecef1681-411cbbce-be8585e5-f4ae6d4e-ae707f51.mp3],NOUN
84887001152,wirklich,Du glaubst mir nicht? Es ist aber wirklich so. [sound:gtts-s1-64dc5f70-432aa814-7d883be8-699173ac-5bfea6d2.mp3],for real,You do not believe me? But it really is.,,,[sound:gtts-wort-4c9510de-0f450ef5-18c821fe-b5a6e597-030eb663.mp3],ADV
84887001153,"<b>wissen</b>, <span style=""color:#0DA6FF"">wußte</span>, hat <span style=""color:#FFFB3D"">gewusst</span>","Weißt du, wie der Hausmeister heißt?<br><hr class=""sent-sep""><br>Woher wissen Sie das? [sound:gtts-s1-55b19c83-01a68164-bc933c79-cde48e49-67de3def.mp3]",to know,"Do you know what the caretaker is called?<br><hr class=""sent-sep""><br>How do you know that?",,,[sound:gtts-wort-fb5e56a4-bbf99754-8fea817e-669766c0-74bf2c36.mp3],VERB
84887001154,"<b>weinen</b>, <span style=""color:#0DA6FF"">weinte</span>, hat <span style=""color:#FFFB3D"">geweint</span>","Warum weint das Baby?<br><hr class=""sent-sep""><br>Weine bitte nicht! [sound:gtts-s1-e42bf3eb-cb75e480-0cc6b0ab-49e79d1b-d3b6c96f.mp3]",to cry,"Why does the baby cry?<br><hr class=""sent-sep""><br>Do not cry!",,,[sound:gtts-wort-a41ee946-bb98cf5e-1845803b-bf596165-ac08cf80.mp3],VERB
84887001155,weit,Zum Bahnhof ist es nicht weit. [sound:gtts-s1-fd6f4510-e1d74e88-9ec8996c-a34460db-38135fac.mp3],far,The train station is not far.,,,[sound:gtts-wort-a00d05e2-38885b7d-af161341-eeed0ff0-48a5f37b.mp3],ADJ
84887001156,weiter,Der Bus fährt nicht weiter. [sound:gtts-s1-dffa67a9-d797e399-e880b474-6403dcf0-f1734271.mp3],continue,The bus does not continue.,,,[sound:gtts-wort-540bfbde-7a76a819-36b01d3c-248a5788-24d0d563.mp3],ADV
84887001157,"<b>weitermachen</b>, <span style=""color:#0DA6FF"">machte weiter</span>, hat <span style=""color:#FFFB3D"">weitergemacht</span>",Können wir jetzt weitermachen? [sound:gtts-s1-bf070d38-200396ca-d1a4486a-2dbbe429-c22e81dc.mp3],to keep going,Can we continue?,,,[sound:gtts-wort-ff449adf-3ad5e923-1e8d3994-b985a6e9-3da2976d.mp3],VERB
84887001158,"<b>weiterhelfen</b>, <span style=""color:#0DA6FF"">half weiter</span>, hat <span style=""color:#FFFB3D"">weitergeholfen</span>","Entschuldigung, können Sie mir bitte weiterhelfen? [sound:gtts-s1-9fbad2c9-11d4ee3a-1de92bd6-d65c01b8-aedd2cdd.mp3]",to help so. with sth.,"Excuse me, can you please help me?",,,[sound:gtts-wort-950538a5-d1ffe003-fb0bc3c4-383b4709-121e0c9c.mp3],VERB
84887001159,welcher,"Welcher Tag ist heute?<br><hr class=""sent-sep""><br>Welchen Kurs möchtest du machen?<br><hr class=""sent-sep""><br>Welche Bluse nehmen Sie?<br><hr class=""sent-sep""><br>Welches Buch suchst du? [sound:gtts-s1-95dbec7e-c514645f-be6f9fcf-59441de3-c982350d.mp3]",which one,"What day is today?<br><hr class=""sent-sep""><br>What course would you like to make?<br><hr class=""sent-sep""><br>What blouse do you take?<br><hr class=""sent-sep""><br>What book are you looking for?",,,[sound:gtts-wort-f24a7893-e0cbbd9f-14c8758b-bcc63ceb-96b3de4d.mp3],PRON
84887001160,"<span style=""color:#279FF5""><b>der</b></span> Witz, -e",Wir haben Witze erzählt und viel gelacht. [sound:gtts-s1-9bdc7b24-f484e9b3-97aabc28-7975a650-7172fb10.mp3],joke,We told jokes and laughed a lot.,,,[sound:gtts-wort-8dcdf039-63ab2c79-6c3f6106-5a16e7a8-4a3bdfae.mp3],NOUN
84887001161,witzig,Warum lachst du? Ich finde das nicht witzig. [sound:gtts-s1-a1ec523f-00563b38-e592f1bb-10c800db-7279bf70.mp3],funny,Why are you laughing? I do not think this is funny.,,,[sound:gtts-wort-11750108-a06d89a7-761967ec-6f3b4adf-b1b01903.mp3],ADJ
84887001162,wo,"Wo waren Sie im Urlaub? - In Frankreich.<br><hr class=""sent-sep""><br>Wo ist meine Uhr?<br><hr class=""sent-sep""><br>Wo sind Sie geboren? [sound:gtts-s1-6211f5f5-a34293fa-1bacc9ca-cfbeb21f-dc9e9a75.mp3]",where,"Where were they in their holidays? - In France.<br><hr class=""sent-sep""><br>Where is my watch?<br><hr class=""sent-sep""><br>Where were you born?",,,[sound:gtts-wort-82ef4226-9963d5d6-0fc63f1c-34b1f8f6-3c56de1a.mp3],QWORD
84887001163,woher,"Woher kommen Sie?<br><hr class=""sent-sep""><br>Woher wissen Sie das? [sound:gtts-s1-70f2feca-d998c6c0-1f34fe40-f0c8e81e-53095e27.mp3]",from where,"Where are you from?<br><hr class=""sent-sep""><br>How do you know that?",,,[sound:gtts-wort-34ad5bb3-29346795-087c0257-385b7d0c-3b68ebca.mp3],QWORD
84887001164,wohin,"Wohin fährt dieser Bus? - Nach Dresden.<br><hr class=""sent-sep""><br>Wohin wollen Sie am Wochenende gehen?<br><hr class=""sent-sep""><br>Wohin gehst du?<br><hr class=""sent-sep""><br>Wohin ist Paul gegangen? - Ich glaube dorthin. [sound:gtts-s1-63f963ac-9af43e04-603ba7e6-acecd594-c62aa638.mp3]",where to,"Where does this bus go? - To Dresden.<br><hr class=""sent-sep""><br>Where do you want to go on weekends?<br><hr class=""sent-sep""><br>Where are you going?<br><hr class=""sent-sep""><br>Where did Paul go? - I believe there.",,,[sound:gtts-wort-6a568977-828134f2-cdf9ed4d-bf653222-c36653d9.mp3],QWORD
84887001165,"<b>wohnen</b>, <span style=""color:#0DA6FF"">wohnte</span>, hat <span style=""color:#FFFB3D"">gewohnt</span>",Ich wohne in Kiel. [sound:gtts-s1-9c14e9ed-29d42f4e-2476f98a-39096e3c-c7c6df4b.mp3],to stay / to live,I live in Kiel.,,,[sound:gtts-wort-66ab7406-54a50f58-7300ff09-03af013b-2c0c5fb5.mp3],VERB
84887001166,"<span style=""color:#F5279F""><b>die</b></span> Welt, -en","Ich möchte gern einmal um die Welt reisen.<br><hr class=""sent-sep""><br>Die Studenten kommen aus vielen Ländern. Sie kommen aus der ganzen Welt. [sound:gtts-s1-ad649689-bee686ef-aede5ab3-5729bf43-ea979887.mp3]",world,"I would like to travel around the world.<br><hr class=""sent-sep""><br>The students come from many countries. They come from all over the world.",,,[sound:gtts-wort-e3ceb874-f15fd44e-3a46ce11-e8722e21-7ab04031.mp3],NOUN
84887001167,wenig,"Ich habe leider nur wenig verstanden.<br><hr class=""sent-sep""><br>Er verdient wenig. [sound:gtts-s1-2d523d16-6e316570-e124f6b4-54181a5c-93941fe5.mp3]",little,"Unfortunately, I have understood very little.<br><hr class=""sent-sep""><br>He deserves little.",,,[sound:gtts-wort-dc5bf487-544d8f68-6c189b6d-539d6f95-d4bf1823.mp3],ADJ
84887001168,wenigstens,"Ich habe keinen Hunger. - Ach, essen Sie wenigstens ein Stück Kuchen. [sound:gtts-s1-61d5a637-fd3bfbc9-911d4ad3-fd920b49-1a8fd2f2.mp3]",at least,"I'm not hungry. - Oh, eat at least a piece of cake.",,,[sound:gtts-wort-49a876d2-02111e4f-e6636c31-e605b134-5e1607bc.mp3],ADV
84887001169,"<span style=""color:#F5279F""><b>die</b></span> Wohnung, -en","Haben Sie schon einen neue Wohnung gefunden?<br><hr class=""sent-sep""><br>Meine Wohnung ist sehr hell. [sound:gtts-s1-c8767be6-58bc4d44-d10f4f1e-605c2264-eb300666.mp3]",flat / appartment,"Have you already found a new apartment?<br><hr class=""sent-sep""><br>My apartment is very bright.",,,[sound:gtts-wort-e0b75693-f3ed6a94-6ab6c140-1b731878-0abbd817.mp3],NOUN
84887001170,"<span style=""color:#9FF527""><b>das</b></span> Wohnzimmer, -",Die Kinder sitzen im Wohnzimmer und sehen fern. [sound:gtts-s1-6b031c45-bdd58cf4-eb0c7fa7-87ef5c9e-c3450963.mp3],living room,The children sit in the living room and watch TV.,,,[sound:gtts-wort-657ff770-2ed45e86-62250711-1502920e-cda4ecef.mp3],NOUN
84887001171,"<span style=""color:#F5279F""><b>die</b></span> Wolke, -n","Heute gibt es viele Wolken.<br><hr class=""sent-sep""><br>Es gibt viele Wolken am Himmel. [sound:gtts-s1-0e772592-cc2f7986-a1342d61-b3426ba7-c1989557.mp3]",cloud,"Today there are many clouds.<br><hr class=""sent-sep""><br>There are many clouds in the sky.",,,[sound:gtts-wort-43882d4d-0e770e60-14b765ea-5bab5d97-86383896.mp3],NOUN
84887001172,"<span style=""color:#9FF527""><b>das</b></span> Zimmer, -","Das Zimmer ist am größten.<br><hr class=""sent-sep""><br>Mach im Schlafzimmer das Fenster zu!<br><hr class=""sent-sep""><br>Die Wohnung hat drei Zimmer.<br><hr class=""sent-sep""><br>Ich habe im Hotel ein Zimmer bestellt. [sound:gtts-s1-f6ddfded-c39dd4e4-11c5552e-dbf01ea8-a49cb930.mp3]",room,"The room is the largest.<br><hr class=""sent-sep""><br>Close the window in the bedroom!<br><hr class=""sent-sep""><br>The apartment has three rooms.<br><hr class=""sent-sep""><br>I booked a room at the hotel.",,,[sound:gtts-wort-ae9ebea7-e34bed52-b427ac71-fe816201-811b2e4f.mp3],NOUN
84887001173,"<b>wollen</b>, <span style=""color:#0DA6FF"">wollte</span>, hat <span style=""color:#FFFB3D"">gewollt</span>",Wollen Sie einen Kaffee trinken? [sound:gtts-s1-1ab5be58-4151ac9d-5a49328a-da7105fd-aaa247ab.mp3],to want,Do you want to drink a coffee?,,,[sound:gtts-wort-12085f59-d533a4fa-b8453d55-9ec98137-fe4be407.mp3],VERB
84887001174,"<span style=""color:#279FF5""><b>der</b></span> Zirkus, -se",Heute gehen wir mit den Kindern in den Zirkus. [sound:gtts-s1-1e8d19c1-ab3af474-98800c27-4800b505-f284f4c9.mp3],circus,Today we go with the children to the circus.,,,[sound:gtts-wort-13288b7b-52390756-12533368-019ec2a8-e91ce490.mp3],NOUN
84887001175,"<span style=""color:#279FF5""><b>der</b></span> Workshop, -s","Das war ein toller Workshop. Ich habe viel gelernt.<br><hr class=""sent-sep""><br>Am Freitag gibt es einen Computer-Workshop in meiner Firma. [sound:gtts-s1-f13c7552-d6bc6dcc-d30ac82b-0b6dfa56-bb1226cd.mp3]",seminar / workshop,"This was a great workshop. I learned a lot.<br><hr class=""sent-sep""><br>On Friday, there is a computer workshop in my company.",,,[sound:gtts-wort-ac216f89-3e68976c-6f4cdbeb-7f49478a-a2d9ed2f.mp3],NOUN
84887001176,"<span style=""color:#F5279F""><b>die</b></span> Zitrone, -n","Ich trinke den Tee mit Zitrone.<br><hr class=""sent-sep""><br>Lucia mag Zitroneneis. [sound:gtts-s1-97bcb149-1abb26df-4d6f0a65-6dcb9839-dbdf437a.mp3]",lemon,"I drink the tea with lemon.<br><hr class=""sent-sep""><br>Lucia likes lemon ice cream.",,,[sound:gtts-wort-1c9db303-464753d3-f7d0b458-4bb72cf2-bd54ca54.mp3],NOUN
84887001177,"<span style=""color:#279FF5""><b>der</b></span> Zoo, -s",Am Sonntag gehen wir in den Zoo. [sound:gtts-s1-5cf5cd8c-cb38b0b6-fd4a4e5a-fa1d6e41-7f8eaa97.mp3],zoo,On Sunday we go to the zoo.,,,[sound:gtts-wort-985ffc45-8a1651f9-e563a0a3-4eac51e5-c7274b1e.mp3],NOUN
84887001178,zu,"Der Bus fährt zum Bahnhof.<br><hr class=""sent-sep""><br>Ich gehe zu Fuß.<br><hr class=""sent-sep""><br>Ich bin zu Hause und trinke zum Essen ein Bier.<br><hr class=""sent-sep""><br>Das Kleid ist mir zu teuer. [sound:gtts-s1-1160a056-1c0beb07-8ba4e764-31c8f634-b5bd9cda.mp3]",to,"The bus goes to the station.<br><hr class=""sent-sep""><br>I'm walking.<br><hr class=""sent-sep""><br>I'm at home drinking a beer.<br><hr class=""sent-sep""><br>The dress is too expensive for me.",,,[sound:gtts-wort-c35d489a-2431f49d-e5fc7b40-7ff57703-bafaceed.mp3],ADV
84887001179,"<span style=""color:#9FF527""><b>das</b></span> Wort, ""-er","Ich kenne das Wort nicht.<br><hr class=""sent-sep""><br>Ich muss das Wort im Wörterbuch suchen. [sound:gtts-s1-d5bcf71e-53eb4503-7fae16e0-a40d64bd-7fe8cfda.mp3]",word,"I do not know the word.<br><hr class=""sent-sep""><br>I have to search the word in the dictionary.",,,[sound:gtts-wort-f79ad400-e7717eb9-fec71b29-94574cd5-ea9e6dac.mp3],NOUN
84887001180,wunderbar,"Diese Schokolade schmeckt wunderbar.<br><hr class=""sent-sep""><br>Wir hatten im Urlaub wunderbares Wetter. [sound:gtts-s1-20d05204-e3b9ad2e-35d21fc5-dffdb45b-10969726.mp3]",wonderful,"This chocolate tastes wonderful.<br><hr class=""sent-sep""><br>We had wonderful weather on holiday.",,,[sound:gtts-wort-f44e8a08-1b638ada-9df697ac-7eeea285-371e87e0.mp3],ADJ
84887001181,"<span style=""color:#279FF5""><b>der</b></span> Wunsch, ""-e","Haben Sie noch einen Wunsch?<br><hr class=""sent-sep""><br>Was ist dein größter Wunsch? [sound:gtts-s1-ee6725ca-bbe19562-0a0aa649-0b0ad726-22a7adef.mp3]",wish,"Anything else you like?<br><hr class=""sent-sep""><br>What is your greatest wish?",,,[sound:gtts-wort-018e98ac-ee1deb6e-f7712aac-9481d4e4-2a48df86.mp3],NOUN
84887001182,"<b>wünschen</b>, <span style=""color:#0DA6FF"">wünschte</span>, hat <span style=""color:#FFFB3D"">gewünscht</span>","Ich wünsche mir eine Kamera zum Geburtstag.<br><hr class=""sent-sep""><br>Sie wünschen? - Ich möchte ein halbes Kilo Äpfel, bitte.<br><hr class=""sent-sep""><br>Ich wünsche Ihnen alles Gute! [sound:gtts-s1-f22cfa88-dfe67c6a-b781393d-32dc9484-30cc5b3d.mp3]",to wish,"I want a camera for my birthday.<br><hr class=""sent-sep""><br>They wish? - I'd like half a kilo of apples, please.<br><hr class=""sent-sep""><br>I wish you all the best!",,,[sound:gtts-wort-ccf6bbf3-5a4a8366-a978b34d-a20fbe1c-b3cf54be.mp3],VERB
84887001183,"<span style=""color:#279FF5""><b>der</b></span> Zucker, (Sg.)",Trinken Sie den Tee mit oder ohne Zucker? [sound:gtts-s1-a517f016-4eae4cf4-98ab576e-32bd4562-75ba03c3.mp3],sugar,Do you drink tea with or without sugar?,,,[sound:gtts-wort-5170f5d9-8856c212-134c1c69-804fb683-a7046a11.mp3],NOUN
84887001184,zuerst,"Zuerst müsst ihr die Hausaufgaben machen, dann könnt ihr spielen.<br><hr class=""sent-sep""><br>Zuerst hat mir die Arbeit gar nicht gefallen. Jetzt geht es besser. [sound:gtts-s1-a8ef6b80-ab47e9a7-6cf2e1aa-61b0569f-b4dbe610.mp3]",first,"First you have to do the homework, then you can play.<br><hr class=""sent-sep""><br>At first I did not like the work. Now it's better.",,,[sound:gtts-wort-1ec08f7e-3f739cd5-c6c22138-1f4777c9-b9b032f3.mp3],ADV
84887001185,"<span style=""color:#F5279F""><b>die</b></span> Wurst, ""-e","Eine Wurst mit Pommes frites, bitte. [sound:gtts-s1-2a5c5a0b-243807e9-90ea13b3-90d7a8ba-99495f49.mp3]",sausage,"A sausage with fries, please.",,,[sound:gtts-wort-4f1b7f36-55428928-66691a92-7bd7f71b-84da0323.mp3],NOUN
84887001186,zufrieden,"Ich bin mit der Wohnung zufrieden. Sie ist nicht groß, aber sie hat einen Balkon. [sound:gtts-s1-562bd251-6fe695e5-7db53952-55efdf69-abd11437.mp3]",satisfied,"I am satisfied with the apartment. She is not big, but she has a balcony.",,,[sound:gtts-wort-139fe5b5-f477d5de-c6b72c00-7b8a880a-8dbd6d3a.mp3],ADJ
84887001187,"<span style=""color:#279FF5""><b>der</b></span> Zug, ""-e",Ich fahre gern mit dem Zug. [sound:gtts-s1-a6a98379-6017f23b-e40d47ef-fbc62a40-d1aa0043.mp3],train,I like to go by train.,,,[sound:gtts-wort-5adc2192-cb485499-b692e998-8671ec84-dc81fe5c.mp3],NOUN
84887001188,"<b>zuhören</b>, <span style=""color:#0DA6FF"">hörte zu</span>, hat <span style=""color:#FFFB3D"">zugehört</span>",Hör mir doch mal zu! Ich rede mit dir. [sound:gtts-s1-19080d2f-b41817af-de79d0e3-de956d0b-58db9fa3.mp3],to listen,Listen to me! I'm talking to you.,,,[sound:gtts-wort-c997eb23-f1c48e14-0a2af002-78293c91-3c05906b.mp3],VERB
84887001189,zuletzt,"Wir haben uns vor drei Jahren zuletzt gesehen.<br><hr class=""sent-sep""><br>Diese Aufgabe machen wir zuletzt. [sound:gtts-s1-4f7e6cc3-0dd51d04-8e953029-ef6a9909-053d4056.mp3]",last,"We last saw each other three years ago.<br><hr class=""sent-sep""><br>This task we do last.",,,[sound:gtts-wort-1e78a0aa-499e5703-4792104b-0e43a05a-19936c47.mp3],ADV
84887001190,"<span style=""color:#F5279F""><b>die</b></span> Zahl, -en",Können Sie die Zahl bitte wiederholen? [sound:gtts-s1-01783c24-68705992-c0eb9fb7-368a588f-56d54711.mp3],number,Can you repeat the number please?,,,[sound:gtts-wort-59b67d2c-1da75560-14b236c4-58f1a8fa-f59ae5e1.mp3],NOUN
84887001191,"<b>zahlen</b>, <span style=""color:#0DA6FF"">zahlte</span>, hat <span style=""color:#FFFB3D"">gezahlt</span>","Entschuldigung, zahlen bitte! [sound:gtts-s1-9fbad2c9-11d4ee3a-1de92bd6-d65c01b8-aedd2cdd.mp3]",to pay,"Excuse me, please pay!",,,[sound:gtts-wort-9aac244b-3e609ad6-6bab3a0a-9e36117e-792d8cac.mp3],VERB
84887001192,"<span style=""color:#279FF5""><b>der</b></span> Zahn, ""-e",Der Zahn tut mir schon seit einer Woche weh. [sound:gtts-s1-da993e95-9e61761d-277ef60f-58c2ab51-46f749b6.mp3],tooth,The tooth has been hurting me for a week.,,,[sound:gtts-wort-2267dacf-e9ecd433-46df40c9-466c19b5-418442f6.mp3],NOUN
84887001193,"<b>zeichnen</b>, <span style=""color:#0DA6FF"">zeichnete</span>, hat <span style=""color:#FFFB3D"">gezeichnet</span>",Caterina kann gut zeichnen. Sieh mal das Bild hier. [sound:gtts-s1-f2e2e252-9c4b2842-17c86f3e-cce06289-634bb965.mp3],to draw,Caterina can draw well. Look at the picture here.,,,[sound:gtts-wort-d88bc661-8d635a05-b18faf91-6b521038-51fc6106.mp3],VERB
84887001194,zum Beispiel,"Mein Freund hat viele Hobbys, zum Beispiel Kochen, Lesen und Tanzen. [sound:gtts-s1-554e5e07-ca53f882-60187c86-133c8b92-877be3cd.mp3]",for example,"My friend has many hobbies, for example cooking, reading and dancing.",,,[sound:gtts-wort-1ea5cef4-36c61d16-e8efa66d-ab5c9209-205fd15b.mp3],PHRASE
84887001195,"<b>zumachen</b>, <span style=""color:#0DA6FF"">machte zu</span>, hat <span style=""color:#FFFB3D"">zugemacht</span>",Machst du bitte das Fenster zu? [sound:gtts-s1-17902dd1-972a8b90-1e02e5a6-19163176-db8d68a4.mp3],to close (sth.) / to shut (sth.),Are you making the window please?,,,[sound:gtts-wort-08934679-67f6c9f0-65640e99-6e1510f4-3f65eff7.mp3],VERB
84887001196,"<b>zeigen</b>, <span style=""color:#0DA6FF"">zeigte</span>, hat <span style=""color:#FFFB3D"">gezeigt</span>",Können Sie mir bitte den Weg zum Bahnhof zeigen? [sound:gtts-s1-79be0d53-1024a567-ad25a490-119b2e16-d08e5437.mp3],to show / to demonstrate,Can you please show me the way to the station?,,,[sound:gtts-wort-d34c7cbf-32a7ff19-fbc8c4f8-f33f4c99-0579db03.mp3],VERB
84887001197,zurück,"Eine Fahrkarte nach Frankfurt und zurück, bitte.<br><hr class=""sent-sep""><br>Wann kommst du wieder zurück? [sound:gtts-s1-725d54c1-296290f1-212e9c2b-a42c404e-245a5566.mp3]",back,"A ticket to Frankfurt and back, please.<br><hr class=""sent-sep""><br>When do you come back?",,,[sound:gtts-wort-699feff7-5b9414dd-1f108e13-d3f8b804-e374d269.mp3],ADV
84887001198,"<span style=""color:#F5279F""><b>die</b></span> Zeit, -en",Ich habe heute keine Zeit. [sound:gtts-s1-5b4ab7a7-5486ef61-231c6606-b682f6b7-94d52583.mp3],time,I do not have time today.,,,[sound:gtts-wort-e4eacfda-90bb734c-528efbe6-aab361ed-a1db0896.mp3],NOUN
84887001199,"<b>zurückfahren</b>, <span style=""color:#0DA6FF"">fuhr zurück</span>, <span style=""color:#FF1D23"">ist</span> <span style=""color:#FFFB3D"">zurückgefahren</span>",Fahrt ihr nach der Party zurück nach Hause? [sound:gtts-s1-69d92fb8-1ae564da-6a8fb2b1-26dd7d9b-2b5a663c.mp3],to drive back,Are you going back home after the party?,,,[sound:gtts-wort-a4383bd0-e24882f2-dd9e23fd-2826ac21-42475f9e.mp3],VERB
84887001200,"<b>zurückgeben</b>, <span style=""color:#0DA6FF"">gab zurück</span>, hat <span style=""color:#FFFB3D"">zurückgegeben</span>",Wann muss ich das Buch zurückgeben? [sound:gtts-s1-d24a1278-460169bb-186f3991-2af4d873-74e49b0a.mp3],to hand back / to give back,When do I have to return the book?,,,[sound:gtts-wort-2939b76f-ce16bf90-beeb628e-420e0491-fe077cb5.mp3],VERB
84887001201,"<b>zurückgehen</b>, <span style=""color:#0DA6FF"">ging zurück</span>, <span style=""color:#FF1D23"">ist</span> <span style=""color:#FFFB3D"">zurückgegangen</span>",Wir gehen wieder zurück. [sound:gtts-s1-672a94c7-86f8f6a5-ed2bb1fe-ff4a191f-7c2316d2.mp3],to go back,We go back again.,,,[sound:gtts-wort-d0940f3a-c7579524-6f9fac17-5711b626-a0134c22.mp3],VERB
84887001202,"<b>zurückkommen</b>, <span style=""color:#0DA6FF"">kam zurück</span>, <span style=""color:#FF1D23"">ist</span> <span style=""color:#FFFB3D"">zurückgekommen</span>",Wann kommst du zurück? [sound:gtts-s1-3d9eb56a-62edf7c5-218e48d4-489addd0-ea4290eb.mp3],to come back / to return,When are you coming back?,,,[sound:gtts-wort-e8f943d2-1497ef1d-a1ac0928-30ef05a7-b3aeaae8.mp3],VERB
84887001203,"<b>zurücklaufen</b>, <span style=""color:#0DA6FF"">lief zurück</span>, <span style=""color:#FF1D23"">ist</span> <span style=""color:#FFFB3D"">zurückgelaufen</span>",Ich habe mein Buch vergessen. Ich laufe schnell nach Hause zurück. [sound:gtts-s1-8fba8f55-ab002cda-ebbe61e2-483ae0e1-a91436de.mp3],to run back,I forgot my book. I'm going home quickly.,,,[sound:gtts-wort-e09c274f-6367dd08-bebdfd52-37df2075-c1248888.mp3],VERB
84887001204,"<span style=""color:#F5279F""><b>die</b></span> Zeitschrift, -en",Diese Zeitschrift kauft Andrea jede Woche. [sound:gtts-s1-22f2dd82-8c638959-3550bdcf-1cc385fd-9fb3f7eb.mp3],magazine,Andrea purchases this magazine every week.,,,[sound:gtts-wort-688a51e8-9af7c3c1-b362aa8b-b4d86dcc-e7d0f185.mp3],NOUN
84887001205,"<span style=""color:#F5279F""><b>die</b></span> Zeitung, -en","Ich lese manchmal Zeitung.<br><hr class=""sent-sep""><br>Wo ist die Zeitung von heute? [sound:gtts-s1-9487b362-8769f529-94d69112-2ecd76bb-f4217325.mp3]",newspaper,"I sometimes read newspapers.<br><hr class=""sent-sep""><br>Where is today's newspaper?",,,[sound:gtts-wort-def79ecc-4947db36-acb48612-77a46db2-81d733c2.mp3],NOUN
84887001206,"<span style=""color:#9FF527""><b>das</b></span> Zelt, -e",Im Sommer schlafen wir manchmal im Zelt. [sound:gtts-s1-09f2a010-6289e306-2d68041e-eee236f5-09c656ab.mp3],tent,In the summer we sometimes sleep in the tent.,,,[sound:gtts-wort-82016abe-26ae99b8-f3517159-c3a1e855-cd8ed379.mp3],NOUN
84887001207,"<span style=""color:#9FF527""><b>das</b></span> Zentrum, -en","Der Bahnhof ist im Stadtzentrum.<br><hr class=""sent-sep""><br>Wohnst du im Zentrum? - Nein, ich wohne nicht direkt in der Stadt. [sound:gtts-s1-140d6663-6988c4e3-99697777-9892f1ee-82ae7b3c.mp3]",center,"The station is in the city center.<br><hr class=""sent-sep""><br>Do you live in the center? - No, I do not live directly in the city.",,,[sound:gtts-wort-222497b1-1ae17211-fefbec8a-134185e6-ce577795.mp3],NOUN
84887001208,"<span style=""color:#279FF5""><b>der</b></span> Zettel, -","Hast du einen Zettel für mich? Ich muss etwas notieren.<br><hr class=""sent-sep""><br>Schreiben Sie Ihre Telefonnummer bitte auf den Zettel. [sound:gtts-s1-4ed1bd10-3cd5c5a3-70a92fb5-c07384b8-19372caa.mp3]",note,"Do you have a note for me? I have to write down something.<br><hr class=""sent-sep""><br>Please write down your telephone number.",,,[sound:gtts-wort-0e9c5935-7c80effa-485b53e4-49df2e50-217f110c.mp3],NOUN
84887001209,zusammen,"Wollen wir zusammen essen gehen?<br><hr class=""sent-sep""><br>Zahlen, bitte. - Zusammen oder getrennt?<br><hr class=""sent-sep""><br>Das macht zusammen 10 Euro 80. [sound:gtts-s1-4005df6b-d48a4ffa-3479f948-e2da7c2e-74b0a950.mp3]",together,"Do we want to eat together?<br><hr class=""sent-sep""><br>Pay please. - Together or separately?<br><hr class=""sent-sep""><br>That makes a total of 10 Euro 80.",,,[sound:gtts-wort-605804e6-5f669de5-9a33555e-c0b4c8f0-e8038861.mp3],ADV
84887001210,zwischen,"Heidelberg liegt zwischen Frankfurt und Stuttgart.<br><hr class=""sent-sep""><br>Zwischen acht und zehn Uhr bin ich zu Hause. [sound:gtts-s1-380b2d38-b7d45161-7d11880f-e4e94bb4-33c79c5a.mp3]",in between,"Heidelberg is located between Frankfurt and Stuttgart.<br><hr class=""sent-sep""><br>Between eight and ten o'clock I am at home.",,,[sound:gtts-wort-f812d032-e63040dc-7fa60d13-edd227b4-0d5577e7.mp3],ADV
84887001211,"<span style=""color:#9FF527""><b>das</b></span> Zeugnis, -se",Morgen bekommen die Kinder ihr Zeugnis. [sound:gtts-s1-ca63381e-2e584eaa-08909bf3-1c6d4279-86c667ac.mp3],certificate / school report,Tomorrow the children will get their testimony.,,,[sound:gtts-wort-5f399ce2-9777805b-2cbf0bdf-86291176-de357336.mp3],NOUN
84887001212,"<b>anziehen</b>, <span style=""color:#0DA6FF"">zog an</span>, <span style=""color:#FF1D23"">ist</span> <span style=""color:#FFFB3D"">angezogen</span>","Ich ziehe eine Jacke an.<br><hr class=""sent-sep""><br>Ich ziehe mir eine Jacke an.<br><hr class=""sent-sep""><br>Er hat seinen Pullover ausgezogen und eine Jacke angezogen. [sound:gtts-s1-b35cae15-506f11b1-d476220b-cc6701e8-48fbd2ac.mp3]",to dress / to put (sth.) on / to attract,"I put on a jacket.<br><hr class=""sent-sep""><br>I wear a jacket.<br><hr class=""sent-sep""><br>He pulled off his sweater and put on a jacket.",,,[sound:gtts-wort-e8449520-b983ce33-786ddbf4-b7c30bf5-0d7111eb.mp3],VERB
84887001213,"<b>ausziehen</b>, <span style=""color:#0DA6FF"">zog aus</span>, <span style=""color:#FF1D23"">ist</span> <span style=""color:#FFFB3D"">ausgezohen</span>","Er hat sein T-Shirt ausgezogen und ein Hemd angezogen.<br><hr class=""sent-sep""><br>Die Nachbarn sind am Wochenende ausgezogen. [sound:gtts-s1-60c8c7af-6e355a11-a6063d52-0ec9e477-5d0edf45.mp3]",move out,"He pulled out his T-shirt and put on a shirt.<br><hr class=""sent-sep""><br>The neighbors moved out on the weekend.",,,[sound:gtts-wort-2e4d5061-db5da41e-be4f552b-df73a87f-9e8b0a5c.mp3],VERB
84887001214,"<span style=""color:#9FF527""><b>das</b></span> Ziel, -e","John läuft sehr schnell. Er war als erster am Ziel.<br><hr class=""sent-sep""><br>Was ist dein Ziel im Leben? [sound:gtts-s1-9ddedec0-0d2c4417-cee4b8d6-aea84dbb-3205a71e.mp3]",aim / target,"John is running very fast. He was the first.<br><hr class=""sent-sep""><br>What is your goal in life?",,,[sound:gtts-wort-87b4b370-fda0cf70-336b8428-221aa366-8e02e2ef.mp3],NOUN
